id,code,customerName,employeeName,employeeCode,totalAmount,paymentMethod,cashAmount,transferAmount,cardAmount,branch,status,itemsCount,createdAt,createdAtMs,updatedAt
66fe5c0d-776f-4662-ac70-36b81a936f60,DH601027308,Khách lẻ tại quầy,Trọng Khánh,NV000049,15225,CASH,15225,0,0,379b Tôn Đức Thắng,COMPLETED,1,2026-08-19T21:40:01.030Z,1787175601027,2026-08-19T21:40:01.030Z
cc208535-22d5-4ad0-a2ad-66d6c42899b2,DH368508246,Khách lẻ tại quầy,Trọng Khánh,NV000049,21315,CASH,21315,0,0,379b Tôn Đức Thắng,COMPLETED,1,2026-08-19T21:19:28.510Z,1787174368508,2026-08-19T21:19:28.510Z
e001b290-f2a9-47bf-8e6a-255475e0cce9,DH818944351,Khách lẻ tại quầy,Trọng Khánh,NV000049,18270,CASH,18270,0,0,379b Tôn Đức Thắng,COMPLETED,2,2026-08-19T21:10:18.945Z,1787173818944,2026-08-19T21:10:18.945Z
58be0655-6b48-44ff-a598-9a2093850c6f,DH235760788,Khách lẻ tại quầy,Trọng Khánh,NV000049,102109,TRANSFER,0,102109,0,379b Tôn Đức Thắng,COMPLETED,9,2026-08-19T20:43:55.762Z,1787172235760,2026-08-19T20:43:55.762Z
50c30bc7-9029-457e-a8fe-244e4c02689f,DH540795230,Khách lẻ tại quầy,Trọng Khánh,NV000049,80896,CASH,"80895,5",0,0,379b Tôn Đức Thắng,COMPLETED,7,2026-08-19T20:32:20.797Z,1787171540795,2026-08-19T20:32:20.797Z
e3646e4f-c29a-45c5-b1af-63e551daeb12,DH420013377,Khách lẻ tại quầy,Trọng Khánh,NV000049,14210,TRANSFER,0,14210,0,379b Tôn Đức Thắng,COMPLETED,1,2026-08-19T20:30:20.014Z,1787171420013,2026-08-19T20:30:20.014Z
424d4062-6b04-426e-b3d0-a8caf8589ed2,DH353726910,Khách lẻ tại quầy,Trọng Khánh,NV000049,32480,CASH,32480,0,0,379b Tôn Đức Thắng,COMPLETED,3,2026-08-19T20:29:13.728Z,1787171353726,2026-08-19T20:29:13.728Z
1bd1740e-afe2-4f11-b545-84d8f492e855,DH152581564,Khách lẻ tại quầy,Trọng Khánh,NV000049,15225,CASH,15225,0,0,379b Tôn Đức Thắng,COMPLETED,1,2026-08-19T20:25:52.583Z,1787171152581,2026-08-19T20:25:52.583Z
c2fe499f-3edc-46b9-9a0b-8b17cdda05c8,DH067703511,Khách lẻ tại quầy,Trọng Khánh,NV000049,39382,TRANSFER,0,39382,0,379b Tôn Đức Thắng,COMPLETED,4,2026-08-19T20:24:27.704Z,1787171067703,2026-08-19T20:24:27.704Z
00ae6574-266c-4fd7-a598-b9d2fe5cf420,DH722192293,Khách lẻ tại quầy,Trọng Khánh,NV000049,15225,CASH,15225,0,0,379b Tôn Đức Thắng,COMPLETED,1,2026-08-19T20:18:42.193Z,1787170722192,2026-08-19T20:18:42.193Z
8c58c1e2-1bdb-4a70-be25-4ae33798b7dd,DH423785290,Khách lẻ tại quầy,Trọng Khánh,NV000049,0,CASH,0,0,0,379b Tôn Đức Thắng,COMPLETED,1,2026-08-19T20:13:43.789Z,1787170423785,2026-08-19T20:13:43.789Z
23e3a228-1a1b-4c16-819d-b7447aecd8b4,DH190965943,Khách lẻ tại quầy,Trọng Khánh,NV000049,14210,TRANSFER,0,14210,0,379b Tôn Đức Thắng,COMPLETED,1,2026-08-19T20:09:50.967Z,1787170190965,2026-08-19T20:09:50.967Z
0133501e-98a5-4821-a360-d9b9b43b52ab,DH660513720,Khách lẻ tại quầy,Trọng Khánh,NV000049,57855,CASH,57855,0,0,379b Tôn Đức Thắng,COMPLETED,4,2026-08-19T20:01:00.515Z,1787169660513,2026-08-19T20:01:00.515Z
458ea9e0-a955-44aa-a06b-266ecef9ef63,DH215933347,Khách lẻ tại quầy,Trọng Khánh,NV000049,22229,CASH,"22228,5",0,0,379b Tôn Đức Thắng,COMPLETED,2,2026-08-19T19:53:35.935Z,1787169215933,2026-08-19T19:53:35.935Z
ab97d1dd-ae7d-47be-aa9e-9564721be90b,DH179824913,Khách lẻ tại quầy,Trọng Khánh,NV000049,51765,CASH,51765,0,0,379b Tôn Đức Thắng,COMPLETED,4,2026-08-19T19:52:59.826Z,1787169179824,2026-08-19T19:52:59.826Z
9690e85d-8152-4d86-ab34-9713d7368848,DH943517001,Khách lẻ tại quầy,Trọng Khánh,NV000049,15225,TRANSFER,0,15225,0,379b Tôn Đức Thắng,COMPLETED,1,2026-08-19T19:49:03.519Z,1787168943517,2026-08-19T19:49:03.519Z
a303dce3-9ba1-4c69-8a59-d3c82156be9c,DH792065640,Khách lẻ tại quầy,Trọng Khánh,NV000049,35525,TRANSFER,0,35525,0,379b Tôn Đức Thắng,COMPLETED,2,2026-08-19T19:46:32.067Z,1787168792065,2026-08-19T19:46:32.067Z
2f2cb27f-6452-448d-adce-d53e16482a05,DH625513762,Khách lẻ tại quầy,Trọng Khánh,NV000049,33292,CASH,33292,0,0,379b Tôn Đức Thắng,COMPLETED,3,2026-08-19T19:43:45.517Z,1787168625514,2026-08-19T19:43:45.517Z
ae4a6300-6998-4af3-b5d8-5008d1692db0,DH846019756,Khách lẻ tại quầy,Trọng Khánh,NV000049,15225,CASH,15225,0,0,379b Tôn Đức Thắng,COMPLETED,1,2026-08-19T18:57:26.220Z,1787165846019,2026-08-19T18:57:26.220Z
c3f5aba5-f4cb-4280-b1b3-58fcb842da57,DH517104380,Khách lẻ tại quầy,Trọng Khánh,NV000049,41615,TRANSFER,0,41615,0,379b Tôn Đức Thắng,COMPLETED,2,2026-08-19T18:51:57.106Z,1787165517104,2026-08-19T18:51:57.106Z
cb124b32-affc-483d-9b13-292aea8bc2bc,DH678627355,Khách lẻ tại quầy,Trọng Khánh,NV000049,58870,CASH,58870,0,0,379b Tôn Đức Thắng,COMPLETED,4,2026-08-19T18:37:58.641Z,1787164678627,2026-08-19T18:37:58.641Z
4e29713f-c34d-4dff-807b-c98ecf017083,DH311340781,Khách lẻ tại quầy,Trọng Khánh,NV000049,42630,CASH,42630,0,0,379b Tôn Đức Thắng,COMPLETED,2,2026-08-19T18:15:11.341Z,1787163311340,2026-08-19T18:15:11.341Z
19a86b6d-2c72-4038-8118-01ee1365d68e,DH350150947,Khách lẻ tại quầy,Trọng Khánh,NV000049,18270,TRANSFER,0,18270,0,379b Tôn Đức Thắng,COMPLETED,2,2026-08-19T17:59:10.152Z,1787162350150,2026-08-19T17:59:10.152Z
2c0177e1-7521-4f25-9516-9ca5296c0a5d,DH323633335,Khách lẻ tại quầy,Trọng Khánh,NV000049,15225,CASH,15225,0,0,379b Tôn Đức Thắng,COMPLETED,1,2026-08-19T17:58:43.635Z,1787162323633,2026-08-19T17:58:43.635Z
00594231-e73b-4455-b0f8-f7804cf87e9d,DH896675976,Khách lẻ tại quầy,Trọng Khánh,NV000049,63945,CASH,63945,0,0,379b Tôn Đức Thắng,COMPLETED,3,2026-08-19T17:51:36.677Z,1787161896675,2026-08-19T17:51:36.677Z
55ba1535-e887-4a94-8503-2f5a48624932,DH253384952,Khách lẻ tại quầy,Trọng Khánh,NV000049,27405,CASH,27405,0,0,379b Tôn Đức Thắng,COMPLETED,1,2026-08-19T17:40:53.386Z,1787161253384,2026-08-19T17:40:53.386Z
2a643427-caf1-403d-a3c9-09ec510ed166,DH035074683,Khách lẻ tại quầy,Trọng Khánh,NV000049,3045,CASH,3045,0,0,379b Tôn Đức Thắng,COMPLETED,1,2026-08-19T17:37:15.076Z,1787161035074,2026-08-19T17:37:15.076Z
9c3fffca-a71a-46d9-a744-5bce5b318023,DH996539816,Khách lẻ tại quầy,Trọng Khánh,NV000049,47705,TRANSFER,0,47705,0,379b Tôn Đức Thắng,COMPLETED,2,2026-08-19T17:36:36.541Z,1787160996539,2026-08-19T17:36:36.541Z
1eb9e143-68cd-4777-97c2-f12d7b764ecb,DH811206468,Khách lẻ tại quầy,Trọng Khánh,NV000049,32480,TRANSFER,0,32480,0,379b Tôn Đức Thắng,COMPLETED,1,2026-08-19T17:33:31.208Z,1787160811206,2026-08-19T17:33:31.208Z
f6a2ec67-d2e6-4b05-b51b-73d9e0634036,DH699169604,Khách lẻ tại quầy,Trọng Khánh,NV000049,30450,CASH,30450,0,0,379b Tôn Đức Thắng,COMPLETED,2,2026-08-19T17:31:39.171Z,1787160699169,2026-08-19T17:31:39.171Z
a2530d84-0ad7-4078-ab39-028cd60d5479,DH521040174,Khách lẻ tại quầy,Trọng Khánh,NV000049,32480,TRANSFER,0,32480,0,379b Tôn Đức Thắng,COMPLETED,3,2026-08-19T17:28:41.041Z,1787160521040,2026-08-19T17:28:41.041Z
b52d4621-550c-4df7-a8e6-0cd342ee6985,DH255104495,Khách lẻ tại quầy,Trọng Khánh,NV000049,15225,CASH,15225,0,0,379b Tôn Đức Thắng,COMPLETED,1,2026-08-19T17:24:15.107Z,1787160255104,2026-08-19T17:24:15.107Z
b08bbf1b-a20d-43ce-9cfe-ebd622e5c9cc,DH067003326,Khách lẻ tại quầy,Trọng Khánh,NV000049,31465,TRANSFER,0,31465,0,379b Tôn Đức Thắng,COMPLETED,2,2026-08-19T17:21:07.005Z,1787160067003,2026-08-19T17:21:07.005Z
48dd48c7-4d2c-4471-8ca1-ca4ee0157c17,DH019365012,Khách lẻ tại quầy,Trọng Khánh,NV000049,21315,TRANSFER,0,21315,0,379b Tôn Đức Thắng,COMPLETED,2,2026-08-19T17:20:19.366Z,1787160019365,2026-08-19T17:20:19.366Z
ad01544e-c17d-4f81-b4f8-cbb3d9bc1eb2,DH695533767,Khách lẻ tại quầy,Trọng Khánh,NV000049,87290,TRANSFER,0,87290,0,379b Tôn Đức Thắng,COMPLETED,7,2026-08-19T17:14:55.535Z,1787159695533,2026-08-19T17:14:55.535Z
e60dc364-28a8-45bf-b94e-1cf4d38f3c95,DH594965165,Khách lẻ tại quầy,Trọng Khánh,NV000049,91350,CASH,91350,0,0,379b Tôn Đức Thắng,COMPLETED,5,2026-08-19T17:13:14.966Z,1787159594965,2026-08-19T17:13:14.966Z
86f58521-8a6e-4a29-b50e-0a2107c688e8,DH453967465,Khách lẻ tại quầy,Trọng Khánh,NV000049,87290,TRANSFER,0,87290,0,379b Tôn Đức Thắng,COMPLETED,4,2026-08-19T17:10:53.968Z,1787159453967,2026-08-19T17:10:53.968Z
94ce2f66-cef3-4da5-8833-c9532becb3e3,DH137443994,Khách lẻ tại quầy,Trọng Khánh,NV000049,18270,TRANSFER,0,18270,0,379b Tôn Đức Thắng,COMPLETED,2,2026-08-19T17:05:37.445Z,1787159137443,2026-08-19T17:05:37.445Z
256b496b-f823-4f94-b8e9-b9001d2d2be5,DH400752156,Khách lẻ tại quầy,Trọng Khánh,NV000049,103530,TRANSFER,0,103530,0,379b Tôn Đức Thắng,COMPLETED,7,2026-08-19T16:53:20.754Z,1787158400752,2026-08-19T16:53:20.754Z
b193eac9-dfe9-4e0f-80ab-b9ac47fc3d77,DH569554764,Khách lẻ tại quầy,Trọng Khánh,NV000049,30450,CASH,30450,0,0,379b Tôn Đức Thắng,COMPLETED,2,2026-08-19T16:39:29.555Z,1787157569554,2026-08-19T16:39:29.555Z
25c68d7b-2ba3-4cc0-9922-09632951afc2,DH730174301,Khách lẻ tại quầy,Trọng Khánh,NV000049,52780,TRANSFER,0,52780,0,379b Tôn Đức Thắng,COMPLETED,5,2026-08-19T16:25:30.270Z,1787156730174,2026-08-19T16:25:30.270Z
8e63b3d7-5a65-4483-9a22-3bbc127d11f1,DH680143176,Khách lẻ tại quầy,Trọng Khánh,NV000049,164329,CASH,"164328,5",0,0,379b Tôn Đức Thắng,COMPLETED,10,2026-08-19T16:08:00.145Z,1787155680143,2026-08-19T16:08:00.145Z
a00a3aa1-de25-49fb-a18d-8fc78481256d,DH221691563,Khách lẻ tại quầy,Mỹ Hà,NV000047,18270,CASH,18270,0,0,379b Tôn Đức Thắng,COMPLETED,2,2026-08-19T15:43:41.692Z,1787154221691,2026-08-19T15:43:41.692Z
a7362708-52c6-45ef-916c-9393d5127547,DH767258914,Khách lẻ tại quầy,Mỹ Hà,NV000047,14210,CASH,14210,0,0,379b Tôn Đức Thắng,COMPLETED,1,2026-08-19T15:36:07.260Z,1787153767258,2026-08-19T15:36:07.260Z
3f49c247-fc2d-4b2f-8ba5-9b6f8693ac86,DH699769878,Khách lẻ tại quầy,Mỹ Hà,NV000047,18270,CASH,18270,0,0,379b Tôn Đức Thắng,COMPLETED,2,2026-08-19T15:34:59.770Z,1787153699769,2026-08-19T15:34:59.770Z
c2dd5754-4e5a-464d-9d6b-2a88001f3643,DH627773947,Khách lẻ tại quầy,Mỹ Hà,NV000047,54810,CASH,54810,0,0,379b Tôn Đức Thắng,COMPLETED,6,2026-08-19T15:33:47.774Z,1787153627773,2026-08-19T15:33:47.774Z
025b4108-11cd-43a4-83fd-396a65ab657b,DH312928945,Khách lẻ tại quầy,Mỹ Hà,NV000047,87290,TRANSFER,0,87290,0,379b Tôn Đức Thắng,COMPLETED,4,2026-08-19T15:11:52.930Z,1787152312928,2026-08-19T15:11:52.930Z
cee1fc35-e948-4407-9185-dcd9621bb001,DH178414851,Khách lẻ tại quầy,Mỹ Hà,NV000047,82215,TRANSFER,0,82215,0,379b Tôn Đức Thắng,COMPLETED,5,2026-08-19T15:09:38.417Z,1787152178415,2026-08-19T15:09:38.417Z
b525830a-1920-4d36-8abd-8075a63680ae,DH625921739,Khách lẻ tại quầy,Mỹ Hà,NV000047,45675,TRANSFER,0,45675,0,379b Tôn Đức Thắng,COMPLETED,3,2026-08-19T15:00:25.924Z,1787151625922,2026-08-19T15:00:25.924Z
2824cca3-b9bc-4104-b792-11b7a5475db0,DH956745099,Khách lẻ tại quầy,Mỹ Hà,NV000047,31465,TRANSFER,0,31465,0,379b Tôn Đức Thắng,COMPLETED,2,2026-08-19T14:49:16.747Z,1787150956746,2026-08-19T14:49:16.747Z
66fdd08f-94b3-4c26-9617-f585133549a7,DH193828024,Khách lẻ tại quầy,Mỹ Hà,NV000047,10150,CASH,10150,0,0,379b Tôn Đức Thắng,COMPLETED,1,2026-08-19T14:36:33.830Z,1787150193828,2026-08-19T14:36:33.830Z
e74cb776-9a5a-412c-bd2f-58bcf393f8e4,DH090866749,Khách lẻ tại quầy,Mỹ Hà,NV000047,112665,TRANSFER,0,112665,0,379b Tôn Đức Thắng,COMPLETED,6,2026-08-19T14:34:50.868Z,1787150090866,2026-08-19T14:34:50.868Z
5dc0236d-d954-4328-91a5-df809e35d315,DH951771696,Khách lẻ tại quầy,Mỹ Hà,NV000047,84245,TRANSFER,0,84245,0,379b Tôn Đức Thắng,COMPLETED,4,2026-08-19T14:32:31.774Z,1787149951771,2026-08-19T14:32:31.774Z
2f61ceb7-a478-4acd-8c0b-b9034cb5a25d,DH777256308,Khách lẻ tại quầy,Mỹ Hà,NV000047,15225,CASH,15225,0,0,379b Tôn Đức Thắng,COMPLETED,1,2026-08-19T13:39:37.257Z,1787146777256,2026-08-19T13:39:37.257Z
6d02bd8e-7591-42b8-8be1-81a34904611d,DH024733952,Khách lẻ tại quầy,Mỹ Hà,NV000047,15225,CASH,15225,0,0,379b Tôn Đức Thắng,COMPLETED,1,2026-08-19T12:53:44.735Z,1787144024733,2026-08-19T12:53:44.735Z
0f8d2d09-bbd8-43ad-b170-6cb3bc17605f,DH950099362,Khách lẻ tại quầy,Mỹ Hà,NV000047,58870,TRANSFER,0,58870,0,379b Tôn Đức Thắng,COMPLETED,4,2026-08-19T12:52:30.101Z,1787143950099,2026-08-19T12:52:30.101Z
fe6dbf07-6d5a-4956-9f53-1134c3f7385e,DH763261997,Khách lẻ tại quầy,Mỹ Hà,NV000047,54810,TRANSFER,0,54810,0,379b Tôn Đức Thắng,COMPLETED,4,2026-08-19T12:49:23.263Z,1787143763261,2026-08-19T12:49:23.263Z
381b6618-8e41-4c98-b5c6-abf806e8431d,DH325507511,Khách lẻ tại quầy,Mỹ Hà,NV000047,68005,TRANSFER,0,68005,0,379b Tôn Đức Thắng,COMPLETED,4,2026-08-19T12:42:05.509Z,1787143325507,2026-08-19T12:42:05.509Z
f876e671-dd15-4fe3-ad8c-22199dbbfc69,DH803535868,Khách lẻ tại quầy,Mỹ Hà,NV000047,14210,TRANSFER,0,14210,0,379b Tôn Đức Thắng,COMPLETED,1,2026-08-19T11:43:23.536Z,1787139803535,2026-08-19T11:43:23.536Z
28795239-cacc-4cf5-a035-7f7b820b3fb0,DH760379802,Khách lẻ tại quầy,Mỹ Hà,NV000047,42427,CASH,42427,0,0,379b Tôn Đức Thắng,COMPLETED,4,2026-08-19T11:42:40.380Z,1787139760379,2026-08-19T11:42:40.380Z
f79f0bb5-d098-4c65-af4e-24e48da28976,DH945658322,Khách lẻ tại quầy,Mỹ Hà,NV000047,27405,CASH,27405,0,0,379b Tôn Đức Thắng,COMPLETED,1,2026-08-19T11:29:05.660Z,1787138945658,2026-08-19T11:29:05.660Z
4d0eff4e-5c5d-4a2c-8c94-0e902c28d6bf,DH821820878,Khách lẻ tại quầy,Mỹ Hà,NV000047,19285,TRANSFER,0,19285,0,379b Tôn Đức Thắng,COMPLETED,2,2026-08-19T11:27:01.824Z,1787138821820,2026-08-19T11:27:01.824Z
5b7f3953-b525-41b0-a01b-ebc3a260fb2d,DH923155802,Khách lẻ tại quầy,Mỹ Hà,NV000047,15225,CASH,15225,0,0,379b Tôn Đức Thắng,COMPLETED,1,2026-08-19T11:12:03.157Z,1787137923155,2026-08-19T11:12:03.157Z
71901e9d-a994-40de-82a4-d348820421d9,DH813094928,Khách lẻ tại quầy,Mỹ Hà,NV000047,77140,CASH,77140,0,0,379b Tôn Đức Thắng,COMPLETED,4,2026-08-19T11:10:13.096Z,1787137813094,2026-08-19T11:10:13.096Z
8749af61-34e3-443b-9cf0-1267dbea7f52,DH688514210,Khách lẻ tại quầy,Mỹ Hà,NV000047,27405,TRANSFER,0,27405,0,379b Tôn Đức Thắng,COMPLETED,2,2026-08-19T11:08:08.517Z,1787137688515,2026-08-19T11:08:08.517Z
0f7b384a-93ae-440e-b5a1-21f345c1e6d8,DH669375844,Khách lẻ tại quầy,Mỹ Hà,NV000047,26390,CASH,26390,0,0,379b Tôn Đức Thắng,COMPLETED,1,2026-08-19T10:51:09.376Z,1787136669375,2026-08-19T10:51:09.376Z
b6b8d81d-3a0a-4757-b7f8-5dea0f9338da,DH829645657,Khách lẻ tại quầy,Mỹ Hà,NV000047,15225,TRANSFER,0,15225,0,379b Tôn Đức Thắng,COMPLETED,1,2026-08-19T10:37:09.647Z,1787135829645,2026-08-19T10:37:09.647Z
8e54fe01-c484-41b2-906c-e1899822190c,DH045150437,Khách lẻ tại quầy,Nguyễn Uyên,NV000051,15225,CASH,15225,0,0,379b Tôn Đức Thắng,COMPLETED,1,2026-08-19T06:30:45.152Z,1787121045150,2026-08-19T06:30:45.152Z
b9cf9a47-8174-497d-a535-aac9885b9e13,DH272245172,Khách lẻ tại quầy,Nguyễn Uyên,NV000051,15225,CASH,15225,0,0,379b Tôn Đức Thắng,COMPLETED,1,2026-08-19T05:44:32.246Z,1787118272245,2026-08-19T05:44:32.246Z
9925fcce-462a-469f-ae40-791e4f53124e,DH860896752,Khách lẻ tại quầy,Lệ Quyên,NV000036,167475,CASH,167475,0,0,379b Tôn Đức Thắng,COMPLETED,15,2026-08-19T02:01:00.898Z,1787104860896,2026-08-19T02:01:00.898Z
c862543c-c8eb-4b25-b963-59134e9f1a62,DH731831366,Khách lẻ tại quầy,Khánh Hoàng,NV000021,15225,CASH,15225,0,0,379b Tôn Đức Thắng,COMPLETED,1,2026-08-18T21:32:11.834Z,1787088731831,2026-08-18T21:32:11.834Z
09a85d15-1a87-4200-b65d-198495758de1,DH201173966,Khách lẻ tại quầy,Khánh Hoàng,NV000021,66990,TRANSFER,0,66990,0,379b Tôn Đức Thắng,COMPLETED,3,2026-08-18T21:23:21.175Z,1787088201173,2026-08-18T21:23:21.175Z
52b811e9-80f1-4fd2-bb09-375afc5b6904,DH325734305,Khách lẻ tại quầy,Khánh Hoàng,NV000021,64960,TRANSFER,0,64960,0,379b Tôn Đức Thắng,COMPLETED,2,2026-08-18T20:02:05.736Z,1787083325734,2026-08-18T20:02:05.736Z
c22f11a8-5650-4a1c-bbcf-a2172ee42b81,DH845645316,Khách lẻ tại quầy,Khánh Hoàng,NV000021,15225,CASH,15225,0,0,379b Tôn Đức Thắng,COMPLETED,1,2026-08-18T19:37:25.648Z,1787081845645,2026-08-18T19:37:25.648Z
5d1833a9-dc49-4658-a869-d0ee0c66c74b,DH315837743,Khách lẻ tại quầy,Khánh Hoàng,NV000021,24360,CASH,24360,0,0,379b Tôn Đức Thắng,COMPLETED,1,2026-08-18T19:28:35.838Z,1787081315837,2026-08-18T19:28:35.838Z
698b2d0b-f54b-4c31-aa85-f75c1f34613d,DH895280352,Khách lẻ tại quầy,Khánh Hoàng,NV000021,18270,CASH,18270,0,0,379b Tôn Đức Thắng,COMPLETED,1,2026-08-18T19:21:35.282Z,1787080895280,2026-08-18T19:21:35.282Z
3f873419-3428-4a49-99eb-0def41153c0c,DH253216177,Khách lẻ tại quầy,Khánh Hoàng,NV000021,15225,CASH,15225,0,0,379b Tôn Đức Thắng,COMPLETED,1,2026-08-18T19:10:53.218Z,1787080253216,2026-08-18T19:10:53.218Z
6debf937-766b-438b-8c9d-186d9f3563e5,DH099523055,Khách lẻ tại quầy,Khánh Hoàng,NV000021,13195,CASH,13195,0,0,379b Tôn Đức Thắng,COMPLETED,1,2026-08-18T19:08:19.525Z,1787080099523,2026-08-18T19:08:19.525Z
8f598674-4882-4ed1-b372-7a61c6ad8ff8,DH704052712,Khách lẻ tại quầy,Khánh Hoàng,NV000021,8019,CASH,"8018,5",0,0,379b Tôn Đức Thắng,COMPLETED,1,2026-08-18T19:01:44.055Z,1787079704052,2026-08-18T19:01:44.055Z
935efd47-05d3-4be2-aac9-3532c74dec17,DH150525640,Khách lẻ tại quầy,Khánh Hoàng,NV000021,100384,CASH,"100383,5",0,0,379b Tôn Đức Thắng,COMPLETED,5,2026-08-18T18:52:30.839Z,1787079150525,2026-08-18T18:52:30.839Z
4870a9b8-ee5e-4710-845b-9d162b890c22,DH829360183,Khách lẻ tại quầy,Khánh Hoàng,NV000021,17255,CASH,17255,0,0,379b Tôn Đức Thắng,COMPLETED,1,2026-08-18T18:47:09.362Z,1787078829360,2026-08-18T18:47:09.362Z
0799e7ee-9859-4542-b414-fbd433f877a2,DH676842216,Khách lẻ tại quầy,Khánh Hoàng,NV000021,15225,CASH,15225,0,0,379b Tôn Đức Thắng,COMPLETED,1,2026-08-18T18:44:36.844Z,1787078676843,2026-08-18T18:44:36.844Z
3c7d06a7-70fa-499f-a1d6-6897ba64af6e,DH506026403,Khách lẻ tại quầy,Khánh Hoàng,NV000021,15225,CASH,15225,0,0,379b Tôn Đức Thắng,COMPLETED,1,2026-08-18T18:41:46.029Z,1787078506026,2026-08-18T18:41:46.029Z
08e431b4-167a-42f8-b8fd-e5740cf17a19,DH388121373,Khách lẻ tại quầy,Khánh Hoàng,NV000021,15225,CASH,15225,0,0,379b Tôn Đức Thắng,COMPLETED,1,2026-08-18T18:39:48.124Z,1787078388121,2026-08-18T18:39:48.124Z
73a67419-2a4a-408b-b7a6-5e683f634d2b,DH066829920,Khách lẻ tại quầy,Khánh Hoàng,NV000021,38570,TRANSFER,0,38570,0,379b Tôn Đức Thắng,COMPLETED,2,2026-08-18T18:34:26.831Z,1787078066829,2026-08-18T18:34:26.831Z
0b7bcc30-54d6-4e3b-84f6-8cf6e7b61272,DH894995217,Khách lẻ tại quầy,Khánh Hoàng,NV000021,15225,TRANSFER,0,15225,0,379b Tôn Đức Thắng,COMPLETED,1,2026-08-18T18:31:34.997Z,1787077894995,2026-08-18T18:31:34.997Z
ea1f7c6f-3064-4c1b-9061-dad5bfe2ba74,DH885002362,Khách lẻ tại quầy,Khánh Hoàng,NV000021,37555,TRANSFER,0,37555,0,379b Tôn Đức Thắng,COMPLETED,2,2026-08-18T18:31:25.003Z,1787077885002,2026-08-18T18:31:25.003Z
93710e13-059a-44aa-8854-a69a703c086c,DH867718197,Khách lẻ tại quầy,Khánh Hoàng,NV000021,28420,CASH,28420,0,0,379b Tôn Đức Thắng,COMPLETED,2,2026-08-18T18:31:07.719Z,1787077867718,2026-08-18T18:31:07.719Z
c908bca3-b7f2-45a6-a588-76b438a71f17,DH592590712,Khách lẻ tại quầy,Khánh Hoàng,NV000021,14210,CASH,14210,0,0,379b Tôn Đức Thắng,COMPLETED,1,2026-08-18T18:26:32.592Z,1787077592590,2026-08-18T18:26:32.592Z
7a1cc5e3-686d-4f9f-8884-33d07d2d615b,DH319479825,Khách lẻ tại quầy,Khánh Hoàng,NV000021,7105,CASH,7105,0,0,379b Tôn Đức Thắng,COMPLETED,1,2026-08-18T18:21:59.480Z,1787077319479,2026-08-18T18:21:59.480Z
8d51a4c9-d4b7-4cb5-90d0-aebbca89922c,DH084136785,Khách lẻ tại quầy,Khánh Hoàng,NV000021,30450,TRANSFER,0,30450,0,379b Tôn Đức Thắng,COMPLETED,2,2026-08-18T18:18:04.138Z,1787077084136,2026-08-18T18:18:04.138Z
ceb50626-4e6a-43d1-a807-2a4644d02623,DH985763339,Khách lẻ tại quầy,Khánh Hoàng,NV000021,15225,TRANSFER,0,15225,0,379b Tôn Đức Thắng,COMPLETED,1,2026-08-18T18:16:25.765Z,1787076985763,2026-08-18T18:16:25.765Z
08e0d486-496c-45df-8b4f-79f180219051,DH550399104,Khách lẻ tại quầy,Khánh Hoàng,NV000021,15225,TRANSFER,0,15225,0,379b Tôn Đức Thắng,COMPLETED,1,2026-08-18T18:09:10.403Z,1787076550400,2026-08-18T18:09:10.403Z
e95f2dc7-35b5-45e5-a80a-502b41bfaccb,DH541977004,Khách lẻ tại quầy,Khánh Hoàng,NV000021,28420,CASH,28420,0,0,379b Tôn Đức Thắng,COMPLETED,1,2026-08-18T18:09:01.980Z,1787076541977,2026-08-18T18:09:01.980Z
f9871c76-d40c-46e9-bc64-6a98347e7038,DH534392388,Khách lẻ tại quầy,Khánh Hoàng,NV000021,28420,CASH,28420,0,0,379b Tôn Đức Thắng,COMPLETED,1,2026-08-18T18:08:54.395Z,1787076534392,2026-08-18T18:08:54.395Z
1bec975d-8421-40b8-a93a-677f5ee39526,DH841621088,Khách lẻ tại quầy,Khánh Hoàng,NV000021,40600,CASH,40600,0,0,379b Tôn Đức Thắng,COMPLETED,2,2026-08-18T17:57:21.623Z,1787075841621,2026-08-18T17:57:21.623Z
3bc4f4d9-9382-4b0f-bbfc-cec4e8916ad7,DH458665108,Khách lẻ tại quầy,Khánh Hoàng,NV000021,52780,TRANSFER,0,52780,0,379b Tôn Đức Thắng,COMPLETED,3,2026-08-18T17:50:58.667Z,1787075458665,2026-08-18T17:50:58.667Z
1e98c600-9f2d-4ce8-b36f-d160e3e61908,DH333051796,Khách lẻ tại quầy,Khánh Hoàng,NV000021,45675,TRANSFER,0,45675,0,379b Tôn Đức Thắng,COMPLETED,3,2026-08-18T17:48:53.052Z,1787075333051,2026-08-18T17:48:53.052Z
0cfb2644-de7e-4f58-97a5-c1521ff9a9ee,DH326323088,Khách lẻ tại quầy,Khánh Hoàng,NV000021,73080,TRANSFER,0,73080,0,379b Tôn Đức Thắng,COMPLETED,3,2026-08-18T17:48:46.325Z,1787075326323,2026-08-18T17:48:46.325Z
8376df4a-a5d3-4481-8b6b-1f884a9ccaf8,DH192305722,Khách lẻ tại quầy,Khánh Hoàng,NV000021,17255,TRANSFER,0,17255,0,379b Tôn Đức Thắng,COMPLETED,2,2026-08-18T17:46:32.307Z,1787075192305,2026-08-18T17:46:32.307Z
4e51e334-82c2-4a7e-a03b-c8803d7d8ff7,DH992059303,Khách lẻ tại quầy,Khánh Hoàng,NV000021,89320,TRANSFER,0,89320,0,379b Tôn Đức Thắng,COMPLETED,5,2026-08-18T17:43:12.061Z,1787074992059,2026-08-18T17:43:12.061Z
5ed8d8e7-229c-4b70-b814-3d29743152d8,DH773975913,Khách lẻ tại quầy,Khánh Hoàng,NV000021,53795,TRANSFER,0,53795,0,379b Tôn Đức Thắng,COMPLETED,4,2026-08-18T17:39:33.977Z,1787074773975,2026-08-18T17:39:33.977Z
a8c3ac91-c6e6-4d7d-86c1-0f4b96c639ad,DH664809879,Khách lẻ tại quầy,Khánh Hoàng,NV000021,37555,CASH,37555,0,0,379b Tôn Đức Thắng,COMPLETED,2,2026-08-18T17:37:44.811Z,1787074664809,2026-08-18T17:37:44.811Z
963dda2c-e029-4354-85aa-1eb050a3340c,DH441465731,Khách lẻ tại quầy,Khánh Hoàng,NV000021,44660,TRANSFER,0,44660,0,379b Tôn Đức Thắng,COMPLETED,4,2026-08-18T17:34:01.467Z,1787074441465,2026-08-18T17:34:01.467Z
73a7e446-b3cc-425a-a8c8-ec4c5cb083f8,DH790642659,Khách lẻ tại quầy,Khánh Hoàng,NV000021,77140,CASH,77140,0,0,379b Tôn Đức Thắng,COMPLETED,5,2026-08-18T17:23:10.644Z,1787073790642,2026-08-18T17:23:10.644Z
4b2e89f6-d36d-4f0a-8bad-4b23240eceaa,DH012156900,Khách lẻ tại quầy,Khánh Hoàng,NV000021,22330,CASH,22330,0,0,379b Tôn Đức Thắng,COMPLETED,2,2026-08-18T17:10:12.160Z,1787073012156,2026-08-18T17:10:12.160Z
e032d0db-1a27-4fb1-9d0f-c349c553fdb8,DH664976214,Khách lẻ tại quầy,Khánh Hoàng,NV000021,27405,CASH,27405,0,0,379b Tôn Đức Thắng,COMPLETED,2,2026-08-18T17:04:24.978Z,1787072664976,2026-08-18T17:04:24.978Z
52eca4fe-f831-4e86-93dc-5821c72c3de5,DH643364454,Khách lẻ tại quầy,Khánh Hoàng,NV000021,18270,CASH,18270,0,0,379b Tôn Đức Thắng,COMPLETED,2,2026-08-18T17:04:03.365Z,1787072643364,2026-08-18T17:04:03.365Z
5cfcf001-5ffa-426b-a0f8-bb1601dd6c81,DH635376702,Khách lẻ tại quầy,Khánh Hoàng,NV000021,34510,TRANSFER,0,34510,0,379b Tôn Đức Thắng,COMPLETED,2,2026-08-18T17:03:55.378Z,1787072635376,2026-08-18T17:03:55.378Z
080a142d-f6e7-46a0-99a6-9a215176326d,DH528139161,Khách lẻ tại quầy,Khánh Hoàng,NV000021,32480,CASH,32480,0,0,379b Tôn Đức Thắng,COMPLETED,3,2026-08-18T17:02:08.141Z,1787072528139,2026-08-18T17:02:08.141Z
c707815e-4224-40bb-b6d3-1f5ede3f92b6,DH989507947,Khách lẻ tại quầy,Khánh Hoàng,NV000021,18270,CASH,18270,0,0,379b Tôn Đức Thắng,COMPLETED,2,2026-08-18T16:53:09.511Z,1787071989507,2026-08-18T16:53:09.511Z
9af444c1-e6af-4d1d-b3aa-94125985acac,DH091193677,Khách lẻ tại quầy,Trọng Khánh,NV000049,15225,CASH,15225,0,0,379b Tôn Đức Thắng,COMPLETED,1,2026-08-18T16:38:11.198Z,1787071091193,2026-08-18T16:38:11.198Z
fcd7ab5a-c759-48ed-ac62-315bc92a0d94,DH955447759,Khách lẻ tại quầy,Trọng Khánh,NV000049,44660,CASH,44660,0,0,379b Tôn Đức Thắng,COMPLETED,4,2026-08-18T16:35:55.450Z,1787070955447,2026-08-18T16:35:55.450Z
61a44bbb-578d-4029-845d-8af44b135125,DH842262315,Khách lẻ tại quầy,Trọng Khánh,NV000049,14210,TRANSFER,0,14210,0,379b Tôn Đức Thắng,COMPLETED,1,2026-08-18T16:34:02.266Z,1787070842262,2026-08-18T16:34:02.266Z
61384940-3eba-4630-ac33-8ff240b0beaa,DH020123009,Khách lẻ tại quầy,Trọng Khánh,NV000049,78155,TRANSFER,0,78155,0,379b Tôn Đức Thắng,COMPLETED,4,2026-08-18T16:20:20.125Z,1787070020123,2026-08-18T16:20:20.125Z
3902d2c9-631d-4eb5-a7ec-20e354e9693d,DH872305435,Khách lẻ tại quầy,Trọng Khánh,NV000049,29435,TRANSFER,0,29435,0,379b Tôn Đức Thắng,COMPLETED,2,2026-08-18T16:17:52.307Z,1787069872305,2026-08-18T16:17:52.307Z
96091497-24d7-42d9-8d35-5e23616d3b89,DH773057119,Khách lẻ tại quầy,Trọng Khánh,NV000049,47705,TRANSFER,0,47705,0,379b Tôn Đức Thắng,COMPLETED,2,2026-08-18T16:16:13.058Z,1787069773057,2026-08-18T16:16:13.058Z
5e5293e6-b889-4cd0-90c7-620fdde8bfd7,DH295540905,Khách lẻ tại quầy,Trọng Khánh,NV000049,13195,CASH,13195,0,0,379b Tôn Đức Thắng,COMPLETED,1,2026-08-18T16:08:15.542Z,1787069295540,2026-08-18T16:08:15.542Z
0e83240b-f2d2-4d65-b543-b3fdf3f5edb5,DH036409003,Khách lẻ tại quầy,Trọng Khánh,NV000049,26390,TRANSFER,0,26390,0,379b Tôn Đức Thắng,COMPLETED,1,2026-08-18T16:03:56.411Z,1787069036409,2026-08-18T16:03:56.411Z
ae1f0c74-e7fa-41ea-a0f8-2e88188edbbb,DH894132444,Khách lẻ tại quầy,Trọng Khánh,NV000049,39585,TRANSFER,0,39585,0,379b Tôn Đức Thắng,COMPLETED,2,2026-08-18T16:01:34.134Z,1787068894132,2026-08-18T16:01:34.134Z
e5eca979-2b9c-400f-a426-3291a7b04905,DH558725099,Khách lẻ tại quầy,Trọng Khánh,NV000049,31364,CASH,"31363,5",0,0,379b Tôn Đức Thắng,COMPLETED,3,2026-08-18T15:39:18.727Z,1787067558725,2026-08-18T15:39:18.727Z
316914b2-319c-4c6b-b941-c8bcb5eb84eb,DH993703098,Khách lẻ tại quầy,Trọng Khánh,NV000049,33495,TRANSFER,0,33495,0,379b Tôn Đức Thắng,COMPLETED,1,2026-08-18T15:29:53.707Z,1787066993703,2026-08-18T15:29:53.707Z
152341ad-9392-4d90-9ec1-97042a958d65,DH376100586,Khách lẻ tại quầy,Trọng Khánh,NV000049,15225,CASH,15225,0,0,379b Tôn Đức Thắng,COMPLETED,1,2026-08-18T15:19:36.101Z,1787066376100,2026-08-18T15:19:36.101Z
c29ed6e2-4c5c-44a1-990d-d65923792d23,DH203594491,Khách lẻ tại quầy,Trọng Khánh,NV000049,31465,TRANSFER,0,31465,0,379b Tôn Đức Thắng,COMPLETED,2,2026-08-18T15:16:43.596Z,1787066203594,2026-08-18T15:16:43.596Z
fde776dd-ea42-449f-8fce-dede2b7015a3,DH717154416,Khách lẻ tại quầy,Trọng Khánh,NV000049,91350,TRANSFER,0,91350,0,379b Tôn Đức Thắng,COMPLETED,6,2026-08-18T15:08:37.156Z,1787065717154,2026-08-18T15:08:37.156Z
109ec6bf-729e-4994-bdfe-091e8c5735c4,DH402984449,Khách lẻ tại quầy,Trọng Khánh,NV000049,18270,TRANSFER,0,18270,0,379b Tôn Đức Thắng,COMPLETED,2,2026-08-18T15:03:22.988Z,1787065402984,2026-08-18T15:03:22.988Z
af4af588-76e0-499f-873c-2e8c792c7a40,DH509412679,Khách lẻ tại quầy,Trọng Khánh,NV000049,17255,TRANSFER,0,17255,0,379b Tôn Đức Thắng,COMPLETED,2,2026-08-18T14:48:29.416Z,1787064509413,2026-08-18T14:48:29.416Z
1175d317-9b9a-475c-b90a-5ce1c76b41ef,DH500496326,Khách lẻ tại quầy,Trọng Khánh,NV000049,57855,TRANSFER,0,57855,0,379b Tôn Đức Thắng,COMPLETED,4,2026-08-18T14:48:20.498Z,1787064500496,2026-08-18T14:48:20.498Z
c2906426-5b1f-4dc1-8a30-9e90e6deec14,DH323944809,Khách lẻ tại quầy,Trọng Khánh,NV000049,6090,TRANSFER,0,6090,0,379b Tôn Đức Thắng,COMPLETED,2,2026-08-18T14:45:23.946Z,1787064323944,2026-08-18T14:45:23.946Z
2147953e-feb1-445d-a3d6-e50d00ddfd65,DH308903338,Khách lẻ tại quầy,Trọng Khánh,NV000049,28420,TRANSFER,0,28420,0,379b Tôn Đức Thắng,COMPLETED,2,2026-08-18T14:45:08.905Z,1787064308903,2026-08-18T14:45:08.905Z
2cf8d1aa-d58f-4a6f-a71b-737833162c5b,DH174972410,Khách lẻ tại quầy,Trọng Khánh,NV000049,31465,TRANSFER,0,31465,0,379b Tôn Đức Thắng,COMPLETED,2,2026-08-18T14:42:54.974Z,1787064174972,2026-08-18T14:42:54.974Z
e580badb-d0ed-45f5-9ce7-72559e1f9cd2,DH988807827,Khách lẻ tại quầy,Trọng Khánh,NV000049,18270,TRANSFER,0,18270,0,379b Tôn Đức Thắng,COMPLETED,2,2026-08-18T14:39:48.809Z,1787063988807,2026-08-18T14:39:48.809Z
05b00ec4-396c-456d-b434-8e8c933d9ec6,DH857753040,Khách lẻ tại quầy,Trọng Khánh,NV000049,3045,CASH,3045,0,0,379b Tôn Đức Thắng,COMPLETED,1,2026-08-18T14:20:57.759Z,1787062857753,2026-08-18T14:20:57.759Z
8b9cdf6b-3de3-455e-b948-0d6e5387c5a2,DH837871420,Khách lẻ tại quầy,Trọng Khánh,NV000049,54810,CASH,54810,0,0,379b Tôn Đức Thắng,COMPLETED,4,2026-08-18T14:20:37.874Z,1787062837871,2026-08-18T14:20:37.874Z
e6177991-6092-4213-9dc1-ee1fe15f7c50,DH786535817,Khách lẻ tại quầy,Trọng Khánh,NV000049,30450,CASH,30450,0,0,379b Tôn Đức Thắng,COMPLETED,1,2026-08-18T14:19:46.537Z,1787062786535,2026-08-18T14:19:46.537Z
7050a35c-e15f-4c4c-851a-260a9f983414,DH284997806,Khách lẻ tại quầy,Trọng Khánh,NV000049,29435,TRANSFER,0,29435,0,379b Tôn Đức Thắng,COMPLETED,2,2026-08-18T14:11:24.998Z,1787062284997,2026-08-18T14:11:24.998Z
ef410c94-250e-483b-8041-5bb4b6367e9f,DH749220858,Khách lẻ tại quầy,Trọng Khánh,NV000049,15225,CASH,15225,0,0,379b Tôn Đức Thắng,COMPLETED,1,2026-08-18T13:45:49.222Z,1787060749220,2026-08-18T13:45:49.222Z
956cfedb-ef6e-4a63-abba-93d914cf8c35,DH386498524,Khách lẻ tại quầy,Trọng Khánh,NV000049,14210,TRANSFER,0,14210,0,379b Tôn Đức Thắng,COMPLETED,1,2026-08-18T13:39:46.501Z,1787060386498,2026-08-18T13:39:46.501Z
6d4db870-59cb-44f6-b9b9-66929bc2319a,DH058613290,Khách lẻ tại quầy,Trọng Khánh,NV000049,85260,MIXED,80000,5260,0,379b Tôn Đức Thắng,COMPLETED,5,2026-08-18T13:34:18.615Z,1787060058613,2026-08-18T13:34:18.615Z
e2802de9-f035-499a-84bb-b9ed35b08975,DH621220770,Khách lẻ tại quầy,Trọng Khánh,NV000049,78155,TRANSFER,0,78155,0,379b Tôn Đức Thắng,COMPLETED,6,2026-08-18T13:27:01.223Z,1787059621220,2026-08-18T13:27:01.223Z
e75ddf77-3c3a-40c0-8957-574dae3f1c03,DH936380825,Khách lẻ tại quầy,Trọng Khánh,NV000049,19285,TRANSFER,0,19285,0,379b Tôn Đức Thắng,COMPLETED,2,2026-08-18T13:15:36.382Z,1787058936380,2026-08-18T13:15:36.382Z
2fd462fa-28b7-41df-9410-3cc9ce658c40,DH892566897,Khách lẻ tại quầy,Trọng Khánh,NV000049,18270,CASH,18270,0,0,379b Tôn Đức Thắng,COMPLETED,2,2026-08-18T13:14:52.569Z,1787058892566,2026-08-18T13:14:52.569Z
4746ad2d-ce61-4727-9223-7631417e624c,DH758409089,Khách lẻ tại quầy,Trọng Khánh,NV000049,87290,TRANSFER,0,87290,0,379b Tôn Đức Thắng,COMPLETED,7,2026-08-18T13:12:38.412Z,1787058758409,2026-08-18T13:12:38.412Z
a3360471-4297-468f-9616-1db33a477f97,DH540929395,Khách lẻ tại quầy,Trọng Khánh,NV000049,32480,TRANSFER,0,32480,0,379b Tôn Đức Thắng,COMPLETED,3,2026-08-18T13:09:00.933Z,1787058540929,2026-08-18T13:09:00.933Z
da7abe94-c3f7-47d5-afc8-78d3ebebc988,DH233566436,Khách lẻ tại quầy,Trọng Khánh,NV000049,15225,CASH,15225,0,0,379b Tôn Đức Thắng,COMPLETED,1,2026-08-18T13:03:53.567Z,1787058233566,2026-08-18T13:03:53.567Z
e484725f-6141-4481-89d7-349b6fd42f07,DH949069916,Khách lẻ tại quầy,Trọng Khánh,NV000049,3045,TRANSFER,0,3045,0,379b Tôn Đức Thắng,COMPLETED,1,2026-08-18T12:59:09.071Z,1787057949069,2026-08-18T12:59:09.071Z
3b844861-b42f-40f0-ad12-74d5d7ca73b5,DH907927967,Khách lẻ tại quầy,Trọng Khánh,NV000049,16240,TRANSFER,0,16240,0,379b Tôn Đức Thắng,COMPLETED,1,2026-08-18T12:58:27.928Z,1787057907927,2026-08-18T12:58:27.928Z
d76aa8dd-70e5-4341-b574-a3ef65f62551,DH319766780,Khách lẻ tại quầy,Trọng Khánh,NV000049,15225,TRANSFER,0,15225,0,379b Tôn Đức Thắng,COMPLETED,1,2026-08-18T12:48:39.769Z,1787057319766,2026-08-18T12:48:39.769Z
a70ff8fb-9537-4147-a1b9-6a66d0bc0622,DH718511152,Khách lẻ tại quầy,Trọng Khánh,NV000049,15225,CASH,15225,0,0,379b Tôn Đức Thắng,COMPLETED,1,2026-08-18T12:38:38.513Z,1787056718511,2026-08-18T12:38:38.513Z
9d70ff56-b412-45ea-8d5b-2d4328af9dc3,DH700018005,Khách lẻ tại quầy,Trọng Khánh,NV000049,21315,TRANSFER,0,21315,0,379b Tôn Đức Thắng,COMPLETED,3,2026-08-18T12:38:20.019Z,1787056700018,2026-08-18T12:38:20.019Z
3adad331-4e54-4c34-9bf6-a924658def35,DH346809924,Khách lẻ tại quầy,Trọng Khánh,NV000049,18270,CASH,18270,0,0,379b Tôn Đức Thắng,COMPLETED,2,2026-08-18T12:15:46.811Z,1787055346809,2026-08-18T12:15:46.811Z
6ab20a88-2904-430e-afea-e26fdbd13bf3,DH991322225,Khách lẻ tại quầy,Trọng Khánh,NV000049,55825,CASH,55825,0,0,379b Tôn Đức Thắng,COMPLETED,4,2026-08-18T11:53:11.324Z,1787053991322,2026-08-18T11:53:11.324Z
cf0e1643-6e35-47ea-a2b8-57982e473522,DH256278297,Khách lẻ tại quầy,Lan Nhi,NV000037,43645,CASH,43645,0,0,379b Tôn Đức Thắng,COMPLETED,3,2026-08-18T10:17:36.279Z,1787048256278,2026-08-18T10:17:36.279Z
596f7c0e-c620-4112-9870-1f202f4b32f2,DH282397811,Khách lẻ tại quầy,Lan Nhi,NV000037,15225,TRANSFER,0,15225,0,379b Tôn Đức Thắng,COMPLETED,1,2026-08-18T08:54:42.403Z,1787043282397,2026-08-18T08:54:42.403Z
9925ee4a-5054-4c6e-b4a7-49a711486ef9,DH486514669,Khách lẻ tại quầy,Lan Nhi,NV000037,7105,CASH,7105,0,0,379b Tôn Đức Thắng,COMPLETED,1,2026-08-18T08:41:26.517Z,1787042486514,2026-08-18T08:41:26.517Z
b559a66b-7ef8-40da-ac3d-2094786abd54,DH922431167,Khách lẻ tại quầy,Lan Nhi,NV000037,3045,CASH,3045,0,0,379b Tôn Đức Thắng,COMPLETED,1,2026-08-18T08:32:02.434Z,1787041922431,2026-08-18T08:32:02.434Z
ca0e1c56-1352-4b80-b7b2-be20df301078,DH670301897,Khách lẻ tại quầy,Lan Nhi,NV000037,113477,TRANSFER,0,113477,0,379b Tôn Đức Thắng,COMPLETED,9,2026-08-18T08:27:50.302Z,1787041670301,2026-08-18T08:27:50.302Z
9c2672c1-7bb8-4869-91c3-936987eb8afc,DH246206611,Khách lẻ tại quầy,Lan Nhi,NV000037,15225,CASH,15225,0,0,379b Tôn Đức Thắng,COMPLETED,1,2026-08-18T08:04:06.211Z,1787040246207,2026-08-18T08:04:06.211Z
c7dd5f38-f19c-46e5-ad2d-fd8406a32959,DH441937173,Khách lẻ tại quầy,Lan Nhi,NV000037,15225,CASH,15225,0,0,379b Tôn Đức Thắng,COMPLETED,1,2026-08-18T07:50:41.939Z,1787039441937,2026-08-18T07:50:41.939Z
65803d5c-a262-4f9d-84f4-a8e0be110ca5,DH262581586,Khách lẻ tại quầy,Lan Nhi,NV000037,36540,TRANSFER,0,36540,0,379b Tôn Đức Thắng,COMPLETED,4,2026-08-18T07:47:42.583Z,1787039262581,2026-08-18T07:47:42.583Z
79e922b1-a649-43e8-b142-03e8f2d7e97f,DH168724243,Khách lẻ tại quầy,Lan Nhi,NV000037,36540,CASH,36540,0,0,379b Tôn Đức Thắng,COMPLETED,2,2026-08-18T03:52:48.727Z,1787025168724,2026-08-18T03:52:48.727Z
6b615052-1fa3-4a3e-a547-6337e7bd94d9,DH507112166,Khách lẻ tại quầy,Lan Nhi,NV000037,87290,TRANSFER,0,87290,0,379b Tôn Đức Thắng,COMPLETED,7,2026-08-18T03:25:07.115Z,1787023507112,2026-08-18T03:25:07.115Z
8c43bfed-faf3-4aa0-bcc0-950d115046df,DH098461737,Khách lẻ tại quầy,Tuyết Vân,NV000038,48720,CASH,48720,0,0,379b Tôn Đức Thắng,COMPLETED,2,2026-08-17T22:01:38.465Z,1787004098462,2026-08-17T22:01:38.465Z
599f5ced-fb3a-4417-9d94-e644f47ea77f,DH196462004,Khách lẻ tại quầy,Tuyết Vân,NV000038,18270,TRANSFER,0,18270,0,379b Tôn Đức Thắng,COMPLETED,2,2026-08-17T20:56:36.464Z,1787000196462,2026-08-17T20:56:36.464Z
3aaa1a90-f754-43d3-a491-bcedf3a24036,DH740688213,Khách lẻ tại quầy,Tuyết Vân,NV000038,36540,TRANSFER,0,36540,0,379b Tôn Đức Thắng,COMPLETED,4,2026-08-17T20:49:00.689Z,1786999740688,2026-08-17T20:49:00.689Z
fc91c04b-ef62-47ac-a50f-ec2d5b8d59c6,DH786580106,Khách lẻ tại quầy,Tuyết Vân,NV000038,15225,CASH,15225,0,0,379b Tôn Đức Thắng,COMPLETED,1,2026-08-17T20:33:06.582Z,1786998786580,2026-08-17T20:33:06.582Z
45978210-e34a-48b4-a72b-68a23909191f,DH867353906,Khách lẻ tại quầy,Tuyết Vân,NV000038,45675,TRANSFER,0,45675,0,379b Tôn Đức Thắng,COMPLETED,3,2026-08-17T20:17:47.355Z,1786997867353,2026-08-17T20:17:47.355Z
ec0ee4ce-3cb7-4796-9297-5e8e20ab2899,DH944736571,Khách lẻ tại quầy,Tuyết Vân,NV000038,44660,TRANSFER,0,44660,0,379b Tôn Đức Thắng,COMPLETED,3,2026-08-17T19:29:04.738Z,1786994944736,2026-08-17T19:29:04.738Z
2496bb94-abd5-49d4-a198-7a38fb9481f9,DH671958901,Khách lẻ tại quầy,Tuyết Vân,NV000038,14210,CASH,14210,0,0,379b Tôn Đức Thắng,COMPLETED,1,2026-08-17T19:24:31.959Z,1786994671958,2026-08-17T19:24:31.959Z
b6a4c35b-1904-421c-b038-147ed1ab3ce6,DH018298967,Khách lẻ tại quầy,Tuyết Vân,NV000038,95410,CASH,95410,0,0,379b Tôn Đức Thắng,COMPLETED,4,2026-08-17T19:13:38.300Z,1786994018298,2026-08-17T19:13:38.300Z
b8b22f39-94b2-4053-8f10-3eb058d4cca4,DH539495550,Khách lẻ tại quầy,Tuyết Vân,NV000038,40600,CASH,40600,0,0,379b Tôn Đức Thắng,COMPLETED,3,2026-08-17T19:05:39.503Z,1786993539495,2026-08-17T19:05:39.503Z
5fa0dd27-d8bc-45ce-aaee-0d08077503c6,DH119740166,Khách lẻ tại quầy,Tuyết Vân,NV000038,12180,CASH,12180,0,0,379b Tôn Đức Thắng,COMPLETED,1,2026-08-17T18:58:39.741Z,1786993119740,2026-08-17T18:58:39.741Z
49fb222a-b5e0-492a-9d23-7992f27c8615,DH271072506,Khách lẻ tại quầy,Tuyết Vân,NV000038,15225,CASH,15225,0,0,379b Tôn Đức Thắng,COMPLETED,1,2026-08-17T18:44:31.078Z,1786992271072,2026-08-17T18:44:31.078Z
7e33714d-adb4-422a-a5f3-fbdbf5388baa,DH159934764,Khách lẻ tại quầy,Tuyết Vân,NV000038,56840,TRANSFER,0,56840,0,379b Tôn Đức Thắng,COMPLETED,4,2026-08-17T18:42:39.935Z,1786992159934,2026-08-17T18:42:39.935Z
ae36f156-350c-4203-9ff5-9464b24cb32b,DH873332198,Khách lẻ tại quầy,Tuyết Vân,NV000038,19285,CASH,19285,0,0,379b Tôn Đức Thắng,COMPLETED,2,2026-08-17T18:37:53.336Z,1786991873333,2026-08-17T18:37:53.336Z
761131d3-8705-4ff6-8890-81db76eee518,DH714049080,Khách lẻ tại quầy,Tuyết Vân,NV000038,14210,TRANSFER,0,14210,0,379b Tôn Đức Thắng,COMPLETED,1,2026-08-17T18:35:14.051Z,1786991714049,2026-08-17T18:35:14.051Z
fca26555-a8ef-4237-bc83-af6a3ef34ef8,DH751341043,Khách lẻ tại quầy,Tuyết Vân,NV000038,3045,TRANSFER,0,3045,0,379b Tôn Đức Thắng,COMPLETED,1,2026-08-17T18:19:11.343Z,1786990751341,2026-08-17T18:19:11.343Z
d84ec903-624c-4288-84fc-612b95191a89,DH408999797,Khách lẻ tại quầy,Tuyết Vân,NV000038,15225,CASH,15225,0,0,379b Tôn Đức Thắng,COMPLETED,2,2026-08-17T18:13:29.001Z,1786990408999,2026-08-17T18:13:29.001Z
e74c13c0-7326-440e-b1ba-12dced1f3db3,DH299397039,Khách lẻ tại quầy,Tuyết Vân,NV000038,34510,CASH,34510,0,0,379b Tôn Đức Thắng,COMPLETED,2,2026-08-17T18:11:39.399Z,1786990299397,2026-08-17T18:11:39.399Z
148749c7-e537-4cda-a35c-e95739bafa69,DH263998359,Khách lẻ tại quầy,Tuyết Vân,NV000038,28420,CASH,28420,0,0,379b Tôn Đức Thắng,COMPLETED,1,2026-08-17T18:11:03.999Z,1786990263998,2026-08-17T18:11:03.999Z
7b38a26a-ec93-4fb8-9c2f-42d6eadecb69,DH687346235,Khách lẻ tại quầy,Tuyết Vân,NV000038,15225,CASH,15225,0,0,379b Tôn Đức Thắng,COMPLETED,1,2026-08-17T18:01:27.348Z,1786989687346,2026-08-17T18:01:27.348Z
9fd04d35-6521-4809-8e6b-f22ffcc39a50,DH234826926,Khách lẻ tại quầy,Tuyết Vân,NV000038,36540,CASH,36540,0,0,379b Tôn Đức Thắng,COMPLETED,1,2026-08-17T17:53:54.827Z,1786989234826,2026-08-17T17:53:54.827Z
0d4ba9a8-09e0-436b-bd59-6039674e61a9,DH477890485,Khách lẻ tại quầy,Tuyết Vân,NV000038,50750,TRANSFER,0,50750,0,379b Tôn Đức Thắng,COMPLETED,2,2026-08-17T17:41:17.892Z,1786988477890,2026-08-17T17:41:17.892Z
fe857acf-748d-4c0d-9eee-49e5241b7a61,DH247628327,Khách lẻ tại quầy,Tuyết Vân,NV000038,12180,TRANSFER,0,12180,0,379b Tôn Đức Thắng,COMPLETED,1,2026-08-17T17:37:27.633Z,1786988247628,2026-08-17T17:37:27.633Z
22415901-fa9f-4009-980a-15f87fceced7,DH039824877,Khách lẻ tại quầy,Tuyết Vân,NV000038,17255,CASH,17255,0,0,379b Tôn Đức Thắng,COMPLETED,2,2026-08-17T17:33:59.829Z,1786988039824,2026-08-17T17:33:59.829Z
c93d0775-f3fb-48a5-8f4d-4575e13e5f9f,DH395328568,Khách lẻ tại quầy,Tuyết Vân,NV000038,29435,TRANSFER,0,29435,0,379b Tôn Đức Thắng,COMPLETED,2,2026-08-17T17:23:15.331Z,1786987395328,2026-08-17T17:23:15.331Z
53dfc56c-c08a-47d3-a735-5fc5fcce72c7,DH324390443,Khách lẻ tại quầy,Tuyết Vân,NV000038,19285,CASH,19285,0,0,379b Tôn Đức Thắng,COMPLETED,1,2026-08-17T17:22:04.392Z,1786987324390,2026-08-17T17:22:04.392Z
579d0269-d7c7-49a3-936a-c636dfea14b3,DH010067084,Khách lẻ tại quầy,Tuyết Vân,NV000038,14210,CASH,14210,0,0,379b Tôn Đức Thắng,COMPLETED,1,2026-08-17T17:16:50.068Z,1786987010067,2026-08-17T17:16:50.068Z
93f2b37a-f1a8-4e42-95db-80165524faee,DH737720449,Khách lẻ tại quầy,Tuyết Vân,NV000038,15225,TRANSFER,0,15225,0,379b Tôn Đức Thắng,COMPLETED,1,2026-08-17T17:12:17.724Z,1786986737721,2026-08-17T17:12:17.724Z
04dac263-d255-44f3-b64d-550afc6bf0d1,DH728776800,Khách lẻ tại quầy,Tuyết Vân,NV000038,15225,TRANSFER,0,15225,0,379b Tôn Đức Thắng,COMPLETED,1,2026-08-17T17:12:08.777Z,1786986728776,2026-08-17T17:12:08.777Z
1f4db279-b24e-41f0-a517-7d18ce8387ff,DH684519555,Khách lẻ tại quầy,Tuyết Vân,NV000038,15225,CASH,15225,0,0,379b Tôn Đức Thắng,COMPLETED,1,2026-08-17T17:11:24.521Z,1786986684519,2026-08-17T17:11:24.521Z
b51a1ccd-ce97-4ad6-b18d-0ebb24bc9aee,DH602630853,Khách lẻ tại quầy,Tuyết Vân,NV000038,33495,TRANSFER,0,33495,0,379b Tôn Đức Thắng,COMPLETED,2,2026-08-17T17:10:02.631Z,1786986602630,2026-08-17T17:10:02.631Z
bd8c7a34-109e-41b3-81f8-bfb2a83c241d,DH564987253,Khách lẻ tại quầy,Tuyết Vân,NV000038,52780,CASH,52780,0,0,379b Tôn Đức Thắng,COMPLETED,4,2026-08-17T17:09:24.988Z,1786986564987,2026-08-17T17:09:24.988Z
c2d7b69a-4216-421e-83a7-1d7fd936cbb7,DH477268516,Khách lẻ tại quầy,Tuyết Vân,NV000038,13195,CASH,13195,0,0,379b Tôn Đức Thắng,COMPLETED,1,2026-08-17T17:07:57.271Z,1786986477268,2026-08-17T17:07:57.271Z
94072b75-d167-4b56-b322-1df83fcaf0f5,DH423853657,Khách lẻ tại quầy,Tuyết Vân,NV000038,54810,MIXED,3000,51810,0,379b Tôn Đức Thắng,COMPLETED,5,2026-08-17T17:07:03.854Z,1786986423853,2026-08-17T17:07:03.854Z
34159098-bcf0-4c8f-90b5-242b1b5380b1,DH393376645,Khách lẻ tại quầy,Tuyết Vân,NV000038,23345,TRANSFER,0,23345,0,379b Tôn Đức Thắng,COMPLETED,1,2026-08-17T17:06:33.378Z,1786986393376,2026-08-17T17:06:33.378Z
8a8bd988-eb97-4833-96e2-07fb5260a71b,DH581698567,Khách lẻ tại quầy,Tuyết Vân,NV000038,26390,TRANSFER,0,26390,0,379b Tôn Đức Thắng,COMPLETED,1,2026-08-17T16:53:01.700Z,1786985581698,2026-08-17T16:53:01.700Z
0bde09c3-b53c-4f80-a7a3-c6dc2e2f3107,DH395171360,Khách lẻ tại quầy,Tuyết Vân,NV000038,15225,TRANSFER,0,15225,0,379b Tôn Đức Thắng,COMPLETED,1,2026-08-17T16:49:55.174Z,1786985395172,2026-08-17T16:49:55.174Z
fef615db-65d8-4090-ab01-ae5e92be1fe1,DH898775794,Khách lẻ tại quầy,Tuyết Vân,NV000038,18270,TRANSFER,0,18270,0,379b Tôn Đức Thắng,COMPLETED,2,2026-08-17T16:41:38.776Z,1786984898775,2026-08-17T16:41:38.776Z
b209a14d-1d92-46e3-81a5-824105376706,DH587384725,Khách lẻ tại quầy,Tuyết Vân,NV000038,111650,TRANSFER,0,111650,0,379b Tôn Đức Thắng,COMPLETED,8,2026-08-17T16:36:27.386Z,1786984587385,2026-08-17T16:36:27.386Z
0eeb9e97-1aaa-4d1a-a95a-5f986ffc43a0,DH376870862,Khách lẻ tại quầy,Tuyết Vân,NV000038,32480,TRANSFER,0,32480,0,379b Tôn Đức Thắng,COMPLETED,1,2026-08-17T16:16:16.872Z,1786983376870,2026-08-17T16:16:16.872Z
01ae7c0e-8222-4e79-b104-99202149e2da,DH355862233,Khách lẻ tại quầy,Tuyết Vân,NV000038,32480,TRANSFER,0,32480,0,379b Tôn Đức Thắng,COMPLETED,1,2026-08-17T16:15:55.864Z,1786983355862,2026-08-17T16:15:55.864Z
a16071fe-9e96-4434-b0a1-807f57f823af,DH207354105,Khách lẻ tại quầy,Tuyết Vân,NV000038,3045,CASH,3045,0,0,379b Tôn Đức Thắng,COMPLETED,1,2026-08-17T16:13:27.356Z,1786983207354,2026-08-17T16:13:27.356Z
253bb918-3bc6-4a8d-bffc-e3941e672a87,DH178555687,Khách lẻ tại quầy,Tuyết Vân,NV000038,91350,TRANSFER,0,91350,0,379b Tôn Đức Thắng,COMPLETED,5,2026-08-17T16:12:58.560Z,1786983178555,2026-08-17T16:12:58.560Z
03ff4681-7e38-4e45-940b-52526215382a,DH743243783,Khách lẻ tại quầy,Thanh Ngân,NV000029,15225,CASH,15225,0,0,379b Tôn Đức Thắng,COMPLETED,1,2026-08-17T16:05:43.247Z,1786982743244,2026-08-17T16:05:43.247Z
44127d1c-ba17-4a03-89f6-c3f2c02322fb,DH664217515,Khách lẻ tại quầy,Thanh Ngân,NV000029,15225,TRANSFER,0,15225,0,379b Tôn Đức Thắng,COMPLETED,1,2026-08-17T16:04:24.219Z,1786982664217,2026-08-17T16:04:24.219Z
9ff35232-6f38-4a3f-afc2-dd4d21092686,DH456349024,Khách lẻ tại quầy,Thanh Ngân,NV000029,6090,CASH,6090,0,0,379b Tôn Đức Thắng,COMPLETED,2,2026-08-17T16:00:56.351Z,1786982456349,2026-08-17T16:00:56.351Z
5a2b47f0-82b8-42b4-b7f7-ab75823afa1f,DH829933010,Khách lẻ tại quầy,Thanh Ngân,NV000029,39585,CASH,39585,0,0,379b Tôn Đức Thắng,COMPLETED,4,2026-08-17T15:50:29.934Z,1786981829933,2026-08-17T15:50:29.934Z
d7049e17-a7bf-4291-9061-bcc5ad55a772,DH619746116,Khách lẻ tại quầy,Thanh Ngân,NV000029,3045,CASH,3045,0,0,379b Tôn Đức Thắng,COMPLETED,1,2026-08-17T15:46:59.748Z,1786981619746,2026-08-17T15:46:59.748Z
1d74dafc-c6fc-4b51-b211-8bcb717c51e8,DH588828777,Khách lẻ tại quầy,Thanh Ngân,NV000029,56840,TRANSFER,0,56840,0,379b Tôn Đức Thắng,COMPLETED,4,2026-08-17T15:46:28.830Z,1786981588828,2026-08-17T15:46:28.830Z
543604ab-21d0-4a73-8eb0-1a6690d4e206,DH520199678,Khách lẻ tại quầy,Thanh Ngân,NV000029,18270,CASH,18270,0,0,379b Tôn Đức Thắng,COMPLETED,2,2026-08-17T15:45:20.203Z,1786981520199,2026-08-17T15:45:20.203Z
87219088-fc80-4163-aa73-3898bd534d90,DH474924332,Khách lẻ tại quầy,Thanh Ngân,NV000029,33495,CASH,33495,0,0,379b Tôn Đức Thắng,COMPLETED,1,2026-08-17T15:44:34.926Z,1786981474924,2026-08-17T15:44:34.926Z
8016847c-9b75-4245-8501-4f1dc9458cc3,DH678601132,Khách lẻ tại quầy,Thanh Ngân,NV000029,146160,CASH,146160,0,0,379b Tôn Đức Thắng,COMPLETED,8,2026-08-17T15:31:18.602Z,1786980678601,2026-08-17T15:31:18.602Z
835b3d44-6d99-4238-95a1-3d5bf049c033,DH403738968,Khách lẻ tại quầy,Thanh Ngân,NV000029,94192,CASH,94192,0,0,379b Tôn Đức Thắng,COMPLETED,10,2026-08-17T15:26:43.741Z,1786980403738,2026-08-17T15:26:43.741Z
f34d435a-f241-4099-aecb-f8e4b6375290,DH254223733,Khách lẻ tại quầy,Thanh Ngân,NV000029,37555,TRANSFER,0,37555,0,379b Tôn Đức Thắng,COMPLETED,4,2026-08-17T15:24:14.226Z,1786980254223,2026-08-17T15:24:14.226Z
0bcc7843-9c2d-4927-b22b-e4eb02acca9d,DH241697432,Khách lẻ tại quầy,Thanh Ngân,NV000029,30450,CASH,30450,0,0,379b Tôn Đức Thắng,COMPLETED,2,2026-08-17T15:24:01.700Z,1786980241697,2026-08-17T15:24:01.700Z
d4b7366b-1452-49be-9329-6f023ac2951d,DH828328572,Khách lẻ tại quầy,Thanh Ngân,NV000029,35525,TRANSFER,0,35525,0,379b Tôn Đức Thắng,COMPLETED,4,2026-08-17T15:17:08.330Z,1786979828329,2026-08-17T15:17:08.330Z
5295a255-19c8-41b0-ac7e-94ea340018a4,DH426634023,Khách lẻ tại quầy,Thanh Ngân,NV000029,33394,CASH,"33393,5",0,0,379b Tôn Đức Thắng,COMPLETED,2,2026-08-17T15:10:26.636Z,1786979426634,2026-08-17T15:10:26.636Z
464b1e1d-3f5e-4816-9093-6ec2ed65a32d,DH230029747,Khách lẻ tại quầy,Thanh Ngân,NV000029,12180,CASH,12180,0,0,379b Tôn Đức Thắng,COMPLETED,1,2026-08-17T15:07:10.034Z,1786979230029,2026-08-17T15:07:10.034Z
77bdec05-5257-419a-b4de-ab887b88560b,DH885803753,Khách lẻ tại quầy,Thanh Ngân,NV000029,68005,TRANSFER,0,68005,0,379b Tôn Đức Thắng,COMPLETED,4,2026-08-17T14:44:45.806Z,1786977885803,2026-08-17T14:44:45.806Z
ef5b4768-7cee-422c-946c-09033cacdec5,DH822263026,Khách lẻ tại quầy,Thanh Ngân,NV000029,97440,CASH,97440,0,0,379b Tôn Đức Thắng,COMPLETED,9,2026-08-17T14:43:42.268Z,1786977822263,2026-08-17T14:43:42.268Z
074ed1b0-bc77-40e4-89e8-2e8b43a2677d,DH447169819,Khách lẻ tại quầy,Thanh Ngân,NV000029,33495,CASH,33495,0,0,379b Tôn Đức Thắng,COMPLETED,3,2026-08-17T14:20:47.172Z,1786976447169,2026-08-17T14:20:47.172Z
79cfc369-c950-4493-a0dc-66472e40e138,DH400713655,Khách lẻ tại quầy,Thanh Ngân,NV000029,15225,CASH,15225,0,0,379b Tôn Đức Thắng,COMPLETED,1,2026-08-17T14:20:00.715Z,1786976400713,2026-08-17T14:20:00.715Z
0061eb5f-706b-4813-8a3e-f67b79cab8d4,DH257126569,Khách lẻ tại quầy,Thanh Ngân,NV000029,18270,CASH,18270,0,0,379b Tôn Đức Thắng,COMPLETED,2,2026-08-17T14:17:37.128Z,1786976257126,2026-08-17T14:17:37.128Z
74fd3010-6c68-4ac5-89da-a03626d771c2,DH104305794,Khách lẻ tại quầy,Thanh Ngân,NV000029,35525,CASH,35525,0,0,379b Tôn Đức Thắng,COMPLETED,2,2026-08-17T14:15:04.309Z,1786976104305,2026-08-17T14:15:04.309Z
fed5151b-902f-4d06-a48a-19c228ceaf8a,DH761182730,Khách lẻ tại quầy,Thanh Ngân,NV000029,93380,TRANSFER,0,93380,0,379b Tôn Đức Thắng,COMPLETED,8,2026-08-17T14:09:21.183Z,1786975761182,2026-08-17T14:09:21.183Z
58a3a609-8585-4681-a277-43e21c8070eb,DH597211306,Khách lẻ tại quầy,Thanh Ngân,NV000029,30450,TRANSFER,0,30450,0,379b Tôn Đức Thắng,COMPLETED,2,2026-08-17T14:06:37.214Z,1786975597211,2026-08-17T14:06:37.214Z
7a23da56-9abe-4176-b294-5d092d198ec8,DH483094822,Khách lẻ tại quầy,Thanh Ngân,NV000029,15225,TRANSFER,0,15225,0,379b Tôn Đức Thắng,COMPLETED,1,2026-08-17T14:04:43.095Z,1786975483094,2026-08-17T14:04:43.095Z
fc0679f7-b334-4c06-845a-0e70b981c0e4,DH440057341,Khách lẻ tại quầy,Thanh Ngân,NV000029,15225,CASH,15225,0,0,379b Tôn Đức Thắng,COMPLETED,1,2026-08-17T13:30:40.059Z,1786973440057,2026-08-17T13:30:40.059Z
f43bac51-64e1-4a6f-8516-cb93758b4ea0,DH312319790,Khách lẻ tại quầy,Thanh Ngân,NV000029,36540,TRANSFER,0,36540,0,379b Tôn Đức Thắng,COMPLETED,4,2026-08-17T13:28:32.322Z,1786973312320,2026-08-17T13:28:32.322Z
8e55849a-38a3-4332-8054-17f7c21d0521,DH281837022,Khách lẻ tại quầy,Thanh Ngân,NV000029,54810,CASH,54810,0,0,379b Tôn Đức Thắng,COMPLETED,3,2026-08-17T13:28:01.839Z,1786973281837,2026-08-17T13:28:01.839Z
50fd4bae-4d80-4988-a420-56882b29a232,DH034304321,Khách lẻ tại quầy,Thanh Ngân,NV000029,23345,TRANSFER,0,23345,0,379b Tôn Đức Thắng,COMPLETED,1,2026-08-17T13:23:54.305Z,1786973034304,2026-08-17T13:23:54.305Z
10426089-b6a3-4872-bd83-e353affa0468,DH978961406,Khách lẻ tại quầy,Thanh Ngân,NV000029,31465,TRANSFER,0,31465,0,379b Tôn Đức Thắng,COMPLETED,3,2026-08-17T13:22:58.963Z,1786972978961,2026-08-17T13:22:58.963Z
b860303d-dad7-4582-9d01-f9b224f880b8,DH367443126,Khách lẻ tại quầy,Thanh Ngân,NV000029,18270,CASH,18270,0,0,379b Tôn Đức Thắng,COMPLETED,2,2026-08-17T13:12:47.445Z,1786972367443,2026-08-17T13:12:47.445Z
ac78804a-9988-444d-a553-61854ef91f40,DH828036834,Khách lẻ tại quầy,Thanh Ngân,NV000029,27405,TRANSFER,0,27405,0,379b Tôn Đức Thắng,COMPLETED,1,2026-08-17T13:03:48.037Z,1786971828036,2026-08-17T13:03:48.037Z
d0fda551-ad60-4b56-97ac-ee57c9738c7c,DH699598973,Khách lẻ tại quầy,Thanh Ngân,NV000029,33495,TRANSFER,0,33495,0,379b Tôn Đức Thắng,COMPLETED,3,2026-08-17T13:01:39.599Z,1786971699598,2026-08-17T13:01:39.599Z
2cecdbed-9a81-40ac-b7ce-da7d58c89fc9,DH682670554,Khách lẻ tại quầy,Thanh Ngân,NV000029,80185,TRANSFER,0,80185,0,379b Tôn Đức Thắng,COMPLETED,3,2026-08-17T13:01:22.673Z,1786971682670,2026-08-17T13:01:22.673Z
2b620fa3-2690-48fe-8902-4876e2660339,DH252478294,Khách lẻ tại quầy,Thanh Ngân,NV000029,75110,TRANSFER,0,75110,0,379b Tôn Đức Thắng,COMPLETED,6,2026-08-17T12:37:32.482Z,1786970252478,2026-08-17T12:37:32.482Z
8a99238a-f88e-4858-9f53-0a871a449a82,DH692403195,Khách lẻ tại quầy,Thanh Ngân,NV000029,70035,TRANSFER,0,70035,0,379b Tôn Đức Thắng,COMPLETED,6,2026-08-17T12:28:12.405Z,1786969692403,2026-08-17T12:28:12.405Z
48d23fc3-a62d-4b6d-ae60-ea5bf144f13b,DH644816446,Khách lẻ tại quầy,Lệ Quyên,NV000036,68005,TRANSFER,0,68005,0,379b Tôn Đức Thắng,COMPLETED,3,2026-08-17T12:10:44.820Z,1786968644816,2026-08-17T12:10:44.820Z
d81afb6d-0265-4345-a6a4-8808b9ba337f,DH756912704,Khách lẻ tại quầy,Diễm Quỳnh,NV000039,15225,TRANSFER,0,15225,0,379b Tôn Đức Thắng,COMPLETED,1,2026-08-17T10:32:36.919Z,1786962756912,2026-08-17T10:32:36.919Z
035f5afc-cc69-4d0a-95ce-e7af502ccdc8,DH489219791,Khách lẻ tại quầy,Diễm Quỳnh,NV000039,17255,TRANSFER,0,17255,0,379b Tôn Đức Thắng,COMPLETED,1,2026-08-17T10:28:09.220Z,1786962489219,2026-08-17T10:28:09.220Z
1752dcac-2435-4d70-9dea-06da7a040cea,DH108337623,Khách lẻ tại quầy,Diễm Quỳnh,NV000039,24360,TRANSFER,0,24360,0,379b Tôn Đức Thắng,COMPLETED,1,2026-08-17T10:05:08.341Z,1786961108337,2026-08-17T10:05:08.341Z
0696e61f-1fef-4dd1-b27d-3e3d8d2be0dc,DH155912303,Khách lẻ tại quầy,Diễm Quỳnh,NV000039,15225,TRANSFER,0,15225,0,379b Tôn Đức Thắng,COMPLETED,1,2026-08-17T08:25:55.915Z,1786955155912,2026-08-17T08:25:55.915Z
a35739cf-b2b9-4056-8a83-c736e198b3c5,DH248434563,Khách lẻ tại quầy,Diễm Quỳnh,NV000039,18270,TRANSFER,0,18270,0,379b Tôn Đức Thắng,COMPLETED,2,2026-08-17T07:54:08.439Z,1786953248435,2026-08-17T07:54:08.439Z
af95edcb-3d29-4bb1-b788-2ebde8eb60da,DH036440837,Khách lẻ tại quầy,Diễm Quỳnh,NV000039,47705,CASH,47705,0,0,379b Tôn Đức Thắng,COMPLETED,4,2026-08-17T07:33:56.445Z,1786952036440,2026-08-17T07:33:56.445Z
67ebd878-e8b2-405e-9eef-582f7cab3f17,DH063270033,Khách lẻ tại quầy,Diễm Quỳnh,NV000039,76024,CASH,"76023,5",0,0,379b Tôn Đức Thắng,COMPLETED,3,2026-08-17T07:17:43.678Z,1786951063270,2026-08-17T07:17:43.678Z
6ee24a7b-896e-4c43-b097-157d9ae1171d,DH663716589,Khách lẻ tại quầy,Diễm Quỳnh,NV000039,9135,TRANSFER,0,9135,0,379b Tôn Đức Thắng,COMPLETED,1,2026-08-17T07:11:03.718Z,1786950663716,2026-08-17T07:11:03.718Z
803ac74a-4fba-47e1-b8d9-cce3f44ed8d5,DH648886440,Khách lẻ tại quầy,Diễm Quỳnh,NV000039,18270,CASH,18270,0,0,379b Tôn Đức Thắng,COMPLETED,2,2026-08-17T07:10:48.888Z,1786950648886,2026-08-17T07:10:48.888Z
3bba2326-1f43-4639-b092-82dffa9518be,DH287605965,Khách lẻ tại quầy,Diễm Quỳnh,NV000039,33495,CASH,33495,0,0,379b Tôn Đức Thắng,COMPLETED,2,2026-08-17T06:48:07.607Z,1786949287605,2026-08-17T06:48:07.607Z
88815979-090e-4158-b881-beb6aadc9744,DH249677659,Khách lẻ tại quầy,Diễm Quỳnh,NV000039,32480,CASH,32480,0,0,379b Tôn Đức Thắng,COMPLETED,1,2026-08-17T06:47:29.680Z,1786949249677,2026-08-17T06:47:29.680Z
17fe0741-864f-48e3-9664-a193e0d166d6,DH704398750,Khách lẻ tại quầy,Diễm Quỳnh,NV000039,58870,CASH,58870,0,0,379b Tôn Đức Thắng,COMPLETED,2,2026-08-17T06:21:44.400Z,1786947704398,2026-08-17T06:21:44.400Z
b0449680-f1ad-4f04-b033-178cd4040b7c,DH324565602,Khách lẻ tại quầy,Diễm Quỳnh,NV000039,15225,CASH,15225,0,0,379b Tôn Đức Thắng,COMPLETED,1,2026-08-17T05:58:44.571Z,1786946324565,2026-08-17T05:58:44.571Z
cf5eec29-9b9a-4cc6-8d51-9f60f91e0cb6,DH529666332,Khách lẻ tại quầy,Trung Thành,NV000046,71050,CASH,71050,0,0,379b Tôn Đức Thắng,COMPLETED,7,2026-08-16T21:58:49.667Z,1786917529666,2026-08-16T21:58:49.667Z
3d4cb54c-88a9-4c37-9082-13c61b79adba,DH980119296,Khách lẻ tại quầy,Trung Thành,NV000046,38570,TRANSFER,0,38570,0,379b Tôn Đức Thắng,COMPLETED,2,2026-08-16T20:59:40.120Z,1786913980119,2026-08-16T20:59:40.120Z
9a5ba61f-fcee-4fb4-b3f7-2c0d9106121b,DH481602082,Khách lẻ tại quầy,Trung Thành,NV000046,102515,TRANSFER,0,102515,0,379b Tôn Đức Thắng,COMPLETED,7,2026-08-16T20:34:41.604Z,1786912481602,2026-08-16T20:34:41.604Z
60e5fe8f-9c04-425c-a2b0-db6a0a2f084f,DH077477291,Khách lẻ tại quầy,Trung Thành,NV000046,49735,TRANSFER,0,49735,0,379b Tôn Đức Thắng,COMPLETED,3,2026-08-16T20:27:57.479Z,1786912077477,2026-08-16T20:27:57.479Z
dc2c2565-ff24-431e-848d-ded789d26e7f,DH909107588,Khách lẻ tại quầy,Trung Thành,NV000046,12180,CASH,12180,0,0,379b Tôn Đức Thắng,COMPLETED,1,2026-08-16T19:51:49.110Z,1786909909107,2026-08-16T19:51:49.110Z
0f527dc3-1ca6-4ad2-b9f2-55c5a64b2645,DH184938875,Khách lẻ tại quầy,Trung Thành,NV000046,5075,TRANSFER,0,5075,0,379b Tôn Đức Thắng,COMPLETED,1,2026-08-16T19:39:44.941Z,1786909184938,2026-08-16T19:39:44.941Z
fe9b4a53-37e1-4f46-aee9-1bc80bfc56ee,DH642204761,Khách lẻ tại quầy,Trung Thành,NV000046,154280,CASH,154280,0,0,379b Tôn Đức Thắng,COMPLETED,12,2026-08-16T19:30:42.206Z,1786908642204,2026-08-16T19:30:42.206Z
47427e73-00df-49e1-8c5a-9a03f4eeb0f4,DH747872825,Khách lẻ tại quầy,Trung Thành,NV000046,30450,TRANSFER,0,30450,0,379b Tôn Đức Thắng,COMPLETED,2,2026-08-16T18:59:07.873Z,1786906747872,2026-08-16T18:59:07.873Z
58d47d14-48e0-4d1a-9238-30b45b569af8,DH738820368,Khách lẻ tại quầy,Trung Thành,NV000046,14210,TRANSFER,0,14210,0,379b Tôn Đức Thắng,COMPLETED,1,2026-08-16T18:58:58.823Z,1786906738820,2026-08-16T18:58:58.823Z
1584458b-cf11-415b-9d99-73db10db07a2,DH122876083,Khách lẻ tại quầy,Trung Thành,NV000046,22330,CASH,22330,0,0,379b Tôn Đức Thắng,COMPLETED,1,2026-08-16T18:32:02.878Z,1786905122876,2026-08-16T18:32:02.878Z
f85edf2b-b6ae-4f57-a6c5-91d6ebaead35,DH969540739,Khách lẻ tại quầy,Trung Thành,NV000046,19285,CASH,19285,0,0,379b Tôn Đức Thắng,COMPLETED,1,2026-08-16T18:12:49.541Z,1786903969540,2026-08-16T18:12:49.541Z
17c6f5b8-6bbb-420f-b88e-5d1fb506fd44,DH650848603,Khách lẻ tại quầy,Trung Thành,NV000046,14210,CASH,14210,0,0,379b Tôn Đức Thắng,COMPLETED,1,2026-08-16T18:07:30.850Z,1786903650848,2026-08-16T18:07:30.850Z
4d9739df-52e5-49be-8a83-2c8011e739ca,DH446021380,Khách lẻ tại quầy,Trung Thành,NV000046,36540,CASH,36540,0,0,379b Tôn Đức Thắng,COMPLETED,4,2026-08-16T18:04:06.022Z,1786903446021,2026-08-16T18:04:06.022Z
93a3a793-b9bd-40f7-846a-5ca7487732c8,DH381258512,Khách lẻ tại quầy,Trung Thành,NV000046,60900,TRANSFER,0,60900,0,379b Tôn Đức Thắng,COMPLETED,1,2026-08-16T18:03:01.260Z,1786903381258,2026-08-16T18:03:01.260Z
0453aac1-4962-4066-b1a9-10e12a425bc8,DH295171887,Khách lẻ tại quầy,Trung Thành,NV000046,59885,TRANSFER,0,59885,0,379b Tôn Đức Thắng,COMPLETED,4,2026-08-16T18:01:35.174Z,1786903295171,2026-08-16T18:01:35.174Z
675b4304-d2e4-4e9c-b073-016f531605e3,DH145283074,Khách lẻ tại quầy,Trung Thành,NV000046,44660,CASH,44660,0,0,379b Tôn Đức Thắng,COMPLETED,3,2026-08-16T17:59:05.285Z,1786903145283,2026-08-16T17:59:05.285Z
6a930dc9-bd23-464f-9d59-0a2f96934e16,DH135092973,Khách lẻ tại quầy,Trung Thành,NV000046,43645,TRANSFER,0,43645,0,379b Tôn Đức Thắng,COMPLETED,3,2026-08-16T17:58:55.095Z,1786903135092,2026-08-16T17:58:55.095Z
fff1f943-1221-4ecb-b114-b4aa3b904348,DH994927400,Khách lẻ tại quầy,Trung Thành,NV000046,37555,CASH,37555,0,0,379b Tôn Đức Thắng,COMPLETED,2,2026-08-16T17:56:34.929Z,1786902994927,2026-08-16T17:56:34.929Z
0928da6a-9ad7-4ede-84f3-bf7fc33f74fa,DH958164895,Khách lẻ tại quầy,Trung Thành,NV000046,15225,TRANSFER,0,15225,0,379b Tôn Đức Thắng,COMPLETED,1,2026-08-16T17:55:58.167Z,1786902958164,2026-08-16T17:55:58.167Z
cf809a7d-fecf-4ab7-a76a-8ea1dee61278,DH933068186,Khách lẻ tại quầy,Trung Thành,NV000046,61915,TRANSFER,0,61915,0,379b Tôn Đức Thắng,COMPLETED,2,2026-08-16T17:55:33.071Z,1786902933068,2026-08-16T17:55:33.071Z
1c681122-99c0-4c85-a759-109163353ed7,DH376463073,Khách lẻ tại quầy,Trung Thành,NV000046,15225,TRANSFER,0,15225,0,379b Tôn Đức Thắng,COMPLETED,1,2026-08-16T17:46:16.468Z,1786902376463,2026-08-16T17:46:16.468Z
48f6d825-6912-437b-bd09-c0acea740c64,DH167335176,Khách lẻ tại quầy,Trung Thành,NV000046,43645,TRANSFER,0,43645,0,379b Tôn Đức Thắng,COMPLETED,3,2026-08-16T17:42:47.336Z,1786902167335,2026-08-16T17:42:47.336Z
e6d1f390-f6f1-4fbe-a1fc-566827a6f1b2,DH099564920,Khách lẻ tại quầy,Trung Thành,NV000046,30450,TRANSFER,0,30450,0,379b Tôn Đức Thắng,COMPLETED,2,2026-08-16T17:41:39.567Z,1786902099564,2026-08-16T17:41:39.567Z
7a89d2bc-9cc0-4e58-adec-de45a70516cd,DH045391223,Khách lẻ tại quầy,Trung Thành,NV000046,15225,TRANSFER,0,15225,0,379b Tôn Đức Thắng,COMPLETED,1,2026-08-16T17:40:45.393Z,1786902045391,2026-08-16T17:40:45.393Z
7b0b0f2d-a388-42b8-9376-06603cedafd7,DH990502768,Khách lẻ tại quầy,Trung Thành,NV000046,15225,CASH,15225,0,0,379b Tôn Đức Thắng,COMPLETED,1,2026-08-16T17:39:50.504Z,1786901990502,2026-08-16T17:39:50.504Z
52b7df31-49f8-4bae-9ff5-6225c7f91fd0,DH713623330,Khách lẻ tại quầy,Trung Thành,NV000046,22330,TRANSFER,0,22330,0,379b Tôn Đức Thắng,COMPLETED,1,2026-08-16T17:35:13.624Z,1786901713623,2026-08-16T17:35:13.624Z
11622d53-6ca0-416e-a408-e587ec27eab3,DH919127185,Khách lẻ tại quầy,Trung Thành,NV000046,52780,CASH,52780,0,0,379b Tôn Đức Thắng,COMPLETED,3,2026-08-16T17:21:59.129Z,1786900919127,2026-08-16T17:21:59.129Z
457423f9-b393-431a-b091-e9374cf95a42,DH668795997,Khách lẻ tại quầy,Trung Thành,NV000046,76937,TRANSFER,0,76937,0,379b Tôn Đức Thắng,COMPLETED,4,2026-08-16T17:17:48.797Z,1786900668795,2026-08-16T17:17:48.797Z
c695c20c-4660-49ea-a0c2-d127c46f1cef,DH630652054,Khách lẻ tại quầy,Trung Thành,NV000046,34003,TRANSFER,0,"34002,5",0,379b Tôn Đức Thắng,COMPLETED,3,2026-08-16T17:17:10.654Z,1786900630652,2026-08-16T17:17:10.654Z
8da716ba-d010-48b5-916c-cb2e12f6cda8,DH512269676,Khách lẻ tại quầy,Trung Thành,NV000046,76125,CASH,76125,0,0,379b Tôn Đức Thắng,COMPLETED,5,2026-08-16T17:15:12.271Z,1786900512269,2026-08-16T17:15:12.271Z
45dff639-4717-4a04-8523-75dcf0f3a335,DH351946329,Khách lẻ tại quầy,Trung Thành,NV000046,42630,CASH,42630,0,0,379b Tôn Đức Thắng,COMPLETED,14,2026-08-16T17:12:31.948Z,1786900351946,2026-08-16T17:12:31.948Z
0fba615f-e674-483f-b887-f9e94c37bf6f,DH208352134,Khách lẻ tại quầy,Trung Thành,NV000046,6090,TRANSFER,0,6090,0,379b Tôn Đức Thắng,COMPLETED,2,2026-08-16T17:10:08.355Z,1786900208352,2026-08-16T17:10:08.355Z
96145416-0b3c-47da-a742-4682e64af590,DH159938377,Khách lẻ tại quầy,Trung Thành,NV000046,100485,TRANSFER,0,100485,0,379b Tôn Đức Thắng,COMPLETED,8,2026-08-16T17:09:19.940Z,1786900159938,2026-08-16T17:09:19.940Z
ddd0f54d-72ef-4e36-bb58-778e7250245b,DH724461005,Khách lẻ tại quầy,Trung Thành,NV000046,16240,TRANSFER,0,16240,0,379b Tôn Đức Thắng,COMPLETED,1,2026-08-16T17:02:04.463Z,1786899724461,2026-08-16T17:02:04.463Z
38d99549-d3d9-484b-bdef-aaa07c31d16a,DH339206801,Khách lẻ tại quầy,Trung Thành,NV000046,32480,CASH,32480,0,0,379b Tôn Đức Thắng,COMPLETED,1,2026-08-16T16:55:39.208Z,1786899339206,2026-08-16T16:55:39.208Z
66cee14c-6954-4972-8947-5fcac9d343a7,DH425809722,Khách lẻ tại quầy,Trung Thành,NV000046,15225,CASH,15225,0,0,379b Tôn Đức Thắng,COMPLETED,1,2026-08-16T16:40:25.811Z,1786898425809,2026-08-16T16:40:25.811Z
eee72784-94cd-46ed-8e07-25e8ed162918,DH394477057,Khách lẻ tại quầy,Trung Thành,NV000046,62930,TRANSFER,0,62930,0,379b Tôn Đức Thắng,COMPLETED,2,2026-08-16T16:39:54.478Z,1786898394477,2026-08-16T16:39:54.478Z
9b0f3451-8ef0-470f-9296-d16922f104a5,DH294617550,Khách lẻ tại quầy,Trung Thành,NV000046,98455,CASH,98455,0,0,379b Tôn Đức Thắng,COMPLETED,3,2026-08-16T16:38:14.619Z,1786898294617,2026-08-16T16:38:14.619Z
383add5d-b436-4c12-b5b3-987dbc397e95,DH220307142,Khách lẻ tại quầy,Trung Thành,NV000046,8019,CASH,"8018,5",0,0,379b Tôn Đức Thắng,COMPLETED,1,2026-08-16T16:37:00.311Z,1786898220307,2026-08-16T16:37:00.311Z
9d4b0509-769b-4172-9f08-9211408ff34d,DH005061984,Khách lẻ tại quầy,Trung Thành,NV000046,21315,CASH,21315,0,0,379b Tôn Đức Thắng,COMPLETED,1,2026-08-16T16:33:25.063Z,1786898005061,2026-08-16T16:33:25.063Z
99c3ae0f-e372-432e-8a0e-233eb52468ca,DH906347170,Khách lẻ tại quầy,Trung Thành,NV000046,29435,TRANSFER,0,29435,0,379b Tôn Đức Thắng,COMPLETED,2,2026-08-16T16:31:46.349Z,1786897906347,2026-08-16T16:31:46.349Z
66ea2ce6-0b4f-4ccc-9dd6-f6ae3445a337,DH831550940,Khách lẻ tại quầy,Trung Thành,NV000046,14210,CASH,14210,0,0,379b Tôn Đức Thắng,COMPLETED,1,2026-08-16T16:30:31.552Z,1786897831550,2026-08-16T16:30:31.552Z
f6bd780c-951c-48f1-ab07-7800adcaf03c,DH569216419,Khách lẻ tại quầy,Trung Thành,NV000046,28420,TRANSFER,0,28420,0,379b Tôn Đức Thắng,COMPLETED,2,2026-08-16T16:26:09.217Z,1786897569216,2026-08-16T16:26:09.217Z
9f6dc45b-ae87-4dac-8495-08965695974b,DH422749590,Khách lẻ tại quầy,Trung Thành,NV000046,136010,TRANSFER,0,136010,0,379b Tôn Đức Thắng,COMPLETED,9,2026-08-16T16:23:42.751Z,1786897422749,2026-08-16T16:23:42.751Z
577d71f1-0041-4a98-b8fd-b8270718d606,DH333297811,Khách lẻ tại quầy,Trung Thành,NV000046,15225,CASH,15225,0,0,379b Tôn Đức Thắng,COMPLETED,1,2026-08-16T16:22:13.298Z,1786897333297,2026-08-16T16:22:13.298Z
a4f5fe31-f07f-4391-8892-0f4e4aeee2b2,DH131366548,Khách lẻ tại quầy,Trung Thành,NV000046,36540,TRANSFER,0,36540,0,379b Tôn Đức Thắng,COMPLETED,4,2026-08-16T16:18:51.368Z,1786897131366,2026-08-16T16:18:51.368Z
94ae3f4f-d398-409d-9a7c-fcf829b97136,DH298742370,Khách lẻ tại quầy,Trọng Khánh,NV000049,15225,CASH,15225,0,0,379b Tôn Đức Thắng,COMPLETED,1,2026-08-16T16:04:58.744Z,1786896298742,2026-08-16T16:04:58.744Z
78b0f7ee-6090-4a95-bbc1-e89d5a7b4b07,DH785010352,Khách lẻ tại quầy,Trọng Khánh,NV000049,41615,CASH,41615,0,0,379b Tôn Đức Thắng,COMPLETED,2,2026-08-16T15:56:25.013Z,1786895785010,2026-08-16T15:56:25.013Z
d0047420-1322-464a-bdd7-dbbeeeacb1c3,DH517532170,Khách lẻ tại quầy,Trọng Khánh,NV000049,50750,CASH,50750,0,0,379b Tôn Đức Thắng,COMPLETED,3,2026-08-16T15:51:57.533Z,1786895517532,2026-08-16T15:51:57.533Z
08b44a09-f8fd-4645-81b7-6dae779a1c62,DH395987733,Khách lẻ tại quầy,Trọng Khánh,NV000049,54810,TRANSFER,0,54810,0,379b Tôn Đức Thắng,COMPLETED,2,2026-08-16T15:33:15.989Z,1786894395987,2026-08-16T15:33:15.989Z
9ac15fcf-8e45-44bd-9b3e-7c1e87e7da72,DH788036332,Khách lẻ tại quầy,Trọng Khánh,NV000049,26390,TRANSFER,0,26390,0,379b Tôn Đức Thắng,COMPLETED,2,2026-08-16T15:23:08.040Z,1786893788036,2026-08-16T15:23:08.040Z
d975f078-16b1-48f0-934c-04abe0487b0e,DH735706998,Khách lẻ tại quầy,Trọng Khánh,NV000049,54810,TRANSFER,0,54810,0,379b Tôn Đức Thắng,COMPLETED,2,2026-08-16T15:22:15.709Z,1786893735706,2026-08-16T15:22:15.709Z
66761a9b-b26e-42d4-b73d-3b8da7e475b1,DH687406380,Khách lẻ tại quầy,Trọng Khánh,NV000049,36540,TRANSFER,0,36540,0,379b Tôn Đức Thắng,COMPLETED,4,2026-08-16T15:21:27.409Z,1786893687406,2026-08-16T15:21:27.409Z
65e6425a-87c9-4688-ab9a-4b12de7e00d8,DH143101168,Khách lẻ tại quầy,Trọng Khánh,NV000049,70035,CASH,70035,0,0,379b Tôn Đức Thắng,COMPLETED,6,2026-08-16T15:12:23.103Z,1786893143101,2026-08-16T15:12:23.103Z
00779778-312e-46e8-8b14-ae3e2b56fdf5,DH928771811,Khách lẻ tại quầy,Trọng Khánh,NV000049,15225,CASH,15225,0,0,379b Tôn Đức Thắng,COMPLETED,1,2026-08-16T15:08:48.772Z,1786892928771,2026-08-16T15:08:48.772Z
bf245c62-e570-4148-b463-9c65e8cbda7e,DH615613165,Khách lẻ tại quầy,Trọng Khánh,NV000049,18270,TRANSFER,0,18270,0,379b Tôn Đức Thắng,COMPLETED,2,2026-08-16T14:30:15.615Z,1786890615613,2026-08-16T14:30:15.615Z
f649735f-b2b2-47e8-acf7-49b0939de7e2,DH338329034,Khách lẻ tại quầy,Trọng Khánh,NV000049,36540,CASH,36540,0,0,379b Tôn Đức Thắng,COMPLETED,4,2026-08-16T14:25:38.331Z,1786890338330,2026-08-16T14:25:38.331Z
b323c58f-0daa-49d4-83f0-bd851c753f53,DH280855544,Khách lẻ tại quầy,Trọng Khánh,NV000049,88305,TRANSFER,0,88305,0,379b Tôn Đức Thắng,COMPLETED,5,2026-08-16T14:24:40.857Z,1786890280855,2026-08-16T14:24:40.857Z
ca490aef-900c-4c5b-a3ca-22c7d41d4dc0,DH055426206,Khách lẻ tại quầy,Trọng Khánh,NV000049,64960,CASH,64960,0,0,379b Tôn Đức Thắng,COMPLETED,6,2026-08-16T14:20:55.428Z,1786890055426,2026-08-16T14:20:55.428Z
f965104a-4756-4c66-85e3-69a4db88900f,DH649412803,Khách lẻ tại quầy,Trọng Khánh,NV000049,37555,CASH,37555,0,0,379b Tôn Đức Thắng,COMPLETED,4,2026-08-16T13:57:29.415Z,1786888649412,2026-08-16T13:57:29.415Z
bdde8dd7-d028-467d-a93b-901182235513,DH335206688,Khách lẻ tại quầy,Trọng Khánh,NV000049,46690,TRANSFER,0,46690,0,379b Tôn Đức Thắng,COMPLETED,4,2026-08-16T13:52:15.210Z,1786888335206,2026-08-16T13:52:15.210Z
96abe12d-ffab-4ba6-a35e-280582a323e7,DH864269180,Khách lẻ tại quầy,Trọng Khánh,NV000049,122815,TRANSFER,0,122815,0,379b Tôn Đức Thắng,COMPLETED,7,2026-08-16T13:44:24.271Z,1786887864269,2026-08-16T13:44:24.271Z
7d3581f1-0316-49fc-a978-1fffd3cbb2bf,DH590990238,Khách lẻ tại quầy,Trọng Khánh,NV000049,57855,CASH,57855,0,0,379b Tôn Đức Thắng,COMPLETED,6,2026-08-16T13:39:50.992Z,1786887590990,2026-08-16T13:39:50.992Z
afa602da-5954-4346-9d93-95d7ca99d099,DH077856859,Khách lẻ tại quầy,Trọng Khánh,NV000049,14210,TRANSFER,0,14210,0,379b Tôn Đức Thắng,COMPLETED,1,2026-08-16T13:31:17.859Z,1786887077856,2026-08-16T13:31:17.859Z
3456b112-b26b-42ab-977b-3c77a8f59f1c,DH947903143,Khách lẻ tại quầy,Trọng Khánh,NV000049,19285,CASH,19285,0,0,379b Tôn Đức Thắng,COMPLETED,1,2026-08-16T13:29:07.905Z,1786886947903,2026-08-16T13:29:07.905Z
2931b73e-2bd0-401f-9394-5577a0e07e7d,DH888960429,Khách lẻ tại quầy,Trọng Khánh,NV000049,15225,TRANSFER,0,15225,0,379b Tôn Đức Thắng,COMPLETED,1,2026-08-16T13:28:08.983Z,1786886888960,2026-08-16T13:28:08.983Z
48cc1c5d-8c6e-49a9-9ffc-d5d10a4ebc44,DH039575107,Khách lẻ tại quầy,Trọng Khánh,NV000049,97440,CASH,97440,0,0,379b Tôn Đức Thắng,COMPLETED,3,2026-08-16T13:13:59.577Z,1786886039575,2026-08-16T13:13:59.577Z
929e0bfc-b434-4cb9-91c0-c8b4ba0e2a4b,DH427709401,Khách lẻ tại quầy,Trọng Khánh,NV000049,15225,TRANSFER,0,15225,0,379b Tôn Đức Thắng,COMPLETED,1,2026-08-16T13:03:47.710Z,1786885427709,2026-08-16T13:03:47.710Z
63506096-f111-4955-a40f-8837c4f04e1b,DH017870888,Khách lẻ tại quầy,Trọng Khánh,NV000049,15225,TRANSFER,0,15225,0,379b Tôn Đức Thắng,COMPLETED,1,2026-08-16T12:56:57.874Z,1786885017871,2026-08-16T12:56:57.874Z
dc4de7e5-5b93-4e34-9c04-50cee74e26b8,DH864209486,Khách lẻ tại quầy,Trọng Khánh,NV000049,6090,TRANSFER,0,6090,0,379b Tôn Đức Thắng,COMPLETED,2,2026-08-16T12:54:24.211Z,1786884864209,2026-08-16T12:54:24.211Z
9b11ea88-5a50-4495-a068-323522bf091a,DH517353616,Khách lẻ tại quầy,Trọng Khánh,NV000049,137837,TRANSFER,0,137837,0,379b Tôn Đức Thắng,COMPLETED,8,2026-08-16T12:48:37.356Z,1786884517353,2026-08-16T12:48:37.356Z
68121fbd-7192-4191-9a2a-37f28b01d585,DH428733427,Khách lẻ tại quầy,Trọng Khánh,NV000049,54810,TRANSFER,0,54810,0,379b Tôn Đức Thắng,COMPLETED,6,2026-08-16T12:47:08.736Z,1786884428733,2026-08-16T12:47:08.736Z
261f3d9b-99fa-49fe-a3b4-f2f65a212291,DH393330837,Khách lẻ tại quầy,Trọng Khánh,NV000049,15225,TRANSFER,0,15225,0,379b Tôn Đức Thắng,COMPLETED,1,2026-08-16T12:46:33.333Z,1786884393330,2026-08-16T12:46:33.333Z
97c52e59-c3fa-4a9d-a61f-a73578212416,DH367784786,Khách lẻ tại quầy,Trọng Khánh,NV000049,55825,CASH,55825,0,0,379b Tôn Đức Thắng,COMPLETED,6,2026-08-16T12:46:07.785Z,1786884367784,2026-08-16T12:46:07.785Z
52a834fc-4ca7-4ed8-9c0c-f50a3ce7f0fd,DH132357325,Khách lẻ tại quầy,Trọng Khánh,NV000049,19285,TRANSFER,0,19285,0,379b Tôn Đức Thắng,COMPLETED,2,2026-08-16T12:25:32.360Z,1786883132357,2026-08-16T12:25:32.360Z
60c7f1f3-fe3c-4719-94d6-1349d7833fb4,DH278405790,Khách lẻ tại quầy,Trọng Khánh,NV000049,87087,TRANSFER,0,87087,0,379b Tôn Đức Thắng,COMPLETED,7,2026-08-16T11:37:58.408Z,1786880278405,2026-08-16T11:37:58.408Z
b36c539b-716e-4a6a-888f-6c6b55b148f7,DH659572860,Khách lẻ tại quầy,Trọng Khánh,NV000049,29435,TRANSFER,0,29435,0,379b Tôn Đức Thắng,COMPLETED,2,2026-08-16T11:27:39.574Z,1786879659572,2026-08-16T11:27:39.574Z
b7e9a3e1-76cb-4257-9faa-84449f1ac1a3,DH291176079,Khách lẻ tại quầy,Trọng Khánh,NV000049,57855,TRANSFER,0,57855,0,379b Tôn Đức Thắng,COMPLETED,4,2026-08-16T11:21:31.177Z,1786879291176,2026-08-16T11:21:31.177Z
eb2b7e06-bc3c-4f9e-b2b5-be93bae7cc60,DH359230557,Khách lẻ tại quầy,Trọng Khánh,NV000049,36540,TRANSFER,0,36540,0,379b Tôn Đức Thắng,COMPLETED,4,2026-08-16T10:49:19.233Z,1786877359230,2026-08-16T10:49:19.233Z
4f67e8d2-4da4-429a-aa0a-a6ad70aef7db,DH995763216,Khách lẻ tại quầy,Mỹ Hà,NV000047,15225,TRANSFER,0,15225,0,379b Tôn Đức Thắng,COMPLETED,1,2026-08-16T09:53:15.765Z,1786873995763,2026-08-16T09:53:15.765Z
b4442d5f-a84d-4d2f-a390-161bfde81d41,DH710155444,Khách lẻ tại quầy,Mỹ Hà,NV000047,30450,MIXED,10000,20450,0,379b Tôn Đức Thắng,COMPLETED,2,2026-08-16T09:48:30.156Z,1786873710155,2026-08-16T09:48:30.156Z
b28e5c54-86a9-4265-94ca-c8fb44a4da39,DH566828143,Khách lẻ tại quầy,Mỹ Hà,NV000047,45675,TRANSFER,0,45675,0,379b Tôn Đức Thắng,COMPLETED,3,2026-08-16T09:29:26.832Z,1786872566828,2026-08-16T09:29:26.832Z
83badcb7-ecde-4eb0-8626-c83eae906eba,DH788175436,Khách lẻ tại quầy,Mỹ Hà,NV000047,55825,TRANSFER,0,55825,0,379b Tôn Đức Thắng,COMPLETED,5,2026-08-16T09:16:28.178Z,1786871788175,2026-08-16T09:16:28.178Z
759d8425-5491-44f6-9949-2daad596f9b7,DH290707143,Khách lẻ tại quầy,Mỹ Hà,NV000047,15225,CASH,15225,0,0,379b Tôn Đức Thắng,COMPLETED,1,2026-08-16T08:51:30.709Z,1786870290707,2026-08-16T08:51:30.709Z
4aceba7c-3121-4541-9ec6-bd1c90f71256,DH251577539,Khách lẻ tại quầy,Mỹ Hà,NV000047,72065,CASH,72065,0,0,379b Tôn Đức Thắng,COMPLETED,4,2026-08-16T08:50:51.579Z,1786870251578,2026-08-16T08:50:51.579Z
82fa35e1-d431-4555-bb66-c9114c7d527a,DH466885820,Khách lẻ tại quầy,Mỹ Hà,NV000047,30450,CASH,30450,0,0,379b Tôn Đức Thắng,COMPLETED,2,2026-08-16T06:57:46.888Z,1786863466885,2026-08-16T06:57:46.888Z
e1fb7511-b19a-4e1c-aa0e-1931067df0d6,DH233161204,Khách lẻ tại quầy,Mỹ Hà,NV000047,19285,TRANSFER,0,19285,0,379b Tôn Đức Thắng,COMPLETED,1,2026-08-16T05:47:13.163Z,1786859233161,2026-08-16T05:47:13.163Z
e2863607-e111-4423-b3a3-aa336f926164,DH486510601,Khách lẻ tại quầy,Mỹ Hà,NV000047,16240,TRANSFER,0,16240,0,379b Tôn Đức Thắng,COMPLETED,1,2026-08-16T05:34:46.512Z,1786858486510,2026-08-16T05:34:46.512Z
991901fe-0d47-45c0-a0e1-83752cc59773,DH240069979,Khách lẻ tại quầy,Trung Thành,NV000046,102414,CASH,"102413,5",0,0,379b Tôn Đức Thắng,COMPLETED,8,2026-08-16T04:40:40.071Z,1786855240069,2026-08-16T04:40:40.071Z
a63fff1c-1c75-4845-9fa1-d90845058517,DH992017722,Khách lẻ tại quầy,Trung Thành,NV000046,70847,CASH,70847,0,0,379b Tôn Đức Thắng,COMPLETED,5,2026-08-16T04:03:12.019Z,1786852992017,2026-08-16T04:03:12.019Z
65b77b60-868d-4e6e-84eb-4249393283ec,DH786425705,Khách lẻ tại quầy,Trung Thành,NV000046,101500,TRANSFER,0,101500,0,379b Tôn Đức Thắng,COMPLETED,7,2026-08-16T03:43:06.427Z,1786851786425,2026-08-16T03:43:06.427Z
fc6fd6f5-8625-497b-a1fd-31d8698190f6,DH375177257,Khách lẻ tại quầy,Trung Thành,NV000046,36540,TRANSFER,0,36540,0,379b Tôn Đức Thắng,COMPLETED,2,2026-08-16T03:36:15.179Z,1786851375177,2026-08-16T03:36:15.179Z
a81dc84f-0912-4abb-9ab9-116cb44f03e2,DH353924028,Khách lẻ tại quầy,Trung Thành,NV000046,39585,TRANSFER,0,39585,0,379b Tôn Đức Thắng,COMPLETED,3,2026-08-16T03:35:53.925Z,1786851353924,2026-08-16T03:35:53.925Z
e55e843e-3eae-4344-af99-d7a2850f0823,DH267426755,Khách lẻ tại quầy,Trung Thành,NV000046,50750,TRANSFER,0,50750,0,379b Tôn Đức Thắng,COMPLETED,3,2026-08-16T03:34:27.432Z,1786851267426,2026-08-16T03:34:27.432Z
2385162b-e73a-45a2-8674-801de4e49428,DH921683541,Khách lẻ tại quầy,Khánh Hoàng,NV000021,38570,CASH,38570,0,0,379b Tôn Đức Thắng,COMPLETED,3,2026-08-15T21:55:21.685Z,1786830921683,2026-08-15T21:55:21.685Z
16748328-e3bb-42fb-ade9-1fff72af47b8,DH699772467,Khách lẻ tại quầy,Khánh Hoàng,NV000021,21315,TRANSFER,0,21315,0,379b Tôn Đức Thắng,COMPLETED,1,2026-08-15T21:01:39.773Z,1786827699772,2026-08-15T21:01:39.773Z
1d3175be-0617-4a00-90f1-b872b9e90901,DH253220501,Khách lẻ tại quầy,Khánh Hoàng,NV000021,45675,TRANSFER,0,45675,0,379b Tôn Đức Thắng,COMPLETED,3,2026-08-15T20:54:13.222Z,1786827253220,2026-08-15T20:54:13.222Z
8b5c708b-4130-4351-9b46-a9a90d32d292,DH880209792,Khách lẻ tại quầy,Khánh Hoàng,NV000021,14210,CASH,14210,0,0,379b Tôn Đức Thắng,COMPLETED,1,2026-08-15T20:14:40.211Z,1786824880209,2026-08-15T20:14:40.211Z
061507f7-13b9-4e77-8281-fe32e9b88c9d,DH475928667,Khách lẻ tại quầy,Khánh Hoàng,NV000021,19285,TRANSFER,0,19285,0,379b Tôn Đức Thắng,COMPLETED,1,2026-08-15T19:51:15.929Z,1786823475928,2026-08-15T19:51:15.929Z
3ba1a30e-b08a-4b17-87cc-6345bc6e5f68,DH371201736,Khách lẻ tại quầy,Khánh Hoàng,NV000021,24360,CASH,24360,0,0,379b Tôn Đức Thắng,COMPLETED,2,2026-08-15T19:16:11.202Z,1786821371201,2026-08-15T19:16:11.202Z
a87d0763-7fd5-4a6f-8d6c-5057cdf7e916,DH318341792,Khách lẻ tại quầy,Khánh Hoàng,NV000021,125860,TRANSFER,0,125860,0,379b Tôn Đức Thắng,COMPLETED,5,2026-08-15T18:58:38.343Z,1786820318341,2026-08-15T18:58:38.343Z
2d66b77a-0660-441d-aa68-89db2d9da8a7,DH646256304,Khách lẻ tại quầy,Khánh Hoàng,NV000021,59885,CASH,59885,0,0,379b Tôn Đức Thắng,COMPLETED,7,2026-08-15T18:47:26.257Z,1786819646256,2026-08-15T18:47:26.257Z
51d0e529-a664-4cca-be1b-f940839757c1,DH333625377,Khách lẻ tại quầy,Khánh Hoàng,NV000021,41615,TRANSFER,0,41615,0,379b Tôn Đức Thắng,COMPLETED,2,2026-08-15T18:25:33.626Z,1786818333625,2026-08-15T18:25:33.626Z
2e09430e-faa9-4856-90a4-2f09e365513f,DH796611641,Khách lẻ tại quầy,Khánh Hoàng,NV000021,18270,TRANSFER,0,18270,0,379b Tôn Đức Thắng,COMPLETED,1,2026-08-15T18:16:36.612Z,1786817796611,2026-08-15T18:16:36.612Z
e3162a1a-92cd-46bd-94ae-9da07d562219,DH763449882,Khách lẻ tại quầy,Khánh Hoàng,NV000021,15225,CASH,15225,0,0,379b Tôn Đức Thắng,COMPLETED,1,2026-08-15T18:16:03.451Z,1786817763449,2026-08-15T18:16:03.451Z
d9ddc662-c3ca-451d-9c93-1d3d7d6ab683,DH565836129,Khách lẻ tại quầy,Khánh Hoàng,NV000021,31465,CASH,31465,0,0,379b Tôn Đức Thắng,COMPLETED,2,2026-08-15T18:12:45.837Z,1786817565836,2026-08-15T18:12:45.837Z
e4810921-cb42-412d-8b5f-89495112d387,DH503869512,Khách lẻ tại quầy,Khánh Hoàng,NV000021,63945,CASH,63945,0,0,379b Tôn Đức Thắng,COMPLETED,6,2026-08-15T18:11:43.870Z,1786817503869,2026-08-15T18:11:43.870Z
3f52f07c-4ce4-4d23-b315-274f5b0e6801,DH817877583,Khách lẻ tại quầy,Khánh Hoàng,NV000021,23345,TRANSFER,0,23345,0,379b Tôn Đức Thắng,COMPLETED,1,2026-08-15T18:00:17.879Z,1786816817877,2026-08-15T18:00:17.879Z
199f3325-1346-49e6-bf3d-352ae6c87b4f,DH810167568,Khách lẻ tại quầy,Khánh Hoàng,NV000021,118755,TRANSFER,0,118755,0,379b Tôn Đức Thắng,COMPLETED,3,2026-08-15T18:00:10.168Z,1786816810167,2026-08-15T18:00:10.168Z
c935722b-2bf1-4841-8415-00dabb4e52a8,DH793576262,Khách lẻ tại quầy,Khánh Hoàng,NV000021,70035,TRANSFER,0,70035,0,379b Tôn Đức Thắng,COMPLETED,5,2026-08-15T17:59:53.577Z,1786816793576,2026-08-15T17:59:53.577Z
eb7415d1-8899-4578-a138-30d863c0aa67,DH740354479,Khách lẻ tại quầy,Khánh Hoàng,NV000021,15225,MIXED,10000,5225,0,379b Tôn Đức Thắng,COMPLETED,1,2026-08-15T17:59:00.356Z,1786816740354,2026-08-15T17:59:00.356Z
c84e674f-132c-4f86-a2aa-76fed9449603,DH245327538,Khách lẻ tại quầy,Khánh Hoàng,NV000021,33495,MIXED,15000,18495,0,379b Tôn Đức Thắng,COMPLETED,3,2026-08-15T17:50:45.328Z,1786816245327,2026-08-15T17:50:45.328Z
17a980f8-619c-4015-b37b-304b6ac3df9e,DH150130696,Khách lẻ tại quầy,Khánh Hoàng,NV000021,15225,TRANSFER,0,15225,0,379b Tôn Đức Thắng,COMPLETED,1,2026-08-15T17:49:10.132Z,1786816150130,2026-08-15T17:49:10.132Z
2a2c11e0-6a88-4e28-81bf-4d61002cfaec,DH977219619,Khách lẻ tại quầy,Khánh Hoàng,NV000021,168389,TRANSFER,0,"168388,5",0,379b Tôn Đức Thắng,COMPLETED,13,2026-08-15T17:46:17.221Z,1786815977219,2026-08-15T17:46:17.221Z
eb4901ab-713c-4819-8131-b565e050e974,DH575961221,Khách lẻ tại quầy,Khánh Hoàng,NV000021,28420,TRANSFER,0,28420,0,379b Tôn Đức Thắng,COMPLETED,1,2026-08-15T17:39:35.962Z,1786815575961,2026-08-15T17:39:35.962Z
50fb141c-b041-455f-ba4b-83cee70509ae,DH214024548,Khách lẻ tại quầy,Khánh Hoàng,NV000021,40600,TRANSFER,0,40600,0,379b Tôn Đức Thắng,COMPLETED,2,2026-08-15T17:33:34.025Z,1786815214024,2026-08-15T17:33:34.025Z
31705e16-0dc8-4dca-b9c7-7d21272d3709,DH071834424,Khách lẻ tại quầy,Khánh Hoàng,NV000021,79170,TRANSFER,0,79170,0,379b Tôn Đức Thắng,COMPLETED,4,2026-08-15T17:31:11.836Z,1786815071834,2026-08-15T17:31:11.836Z
aa0eaa5f-f1f0-42b7-803c-9c51f664e8f4,DH269348435,Khách lẻ tại quầy,Khánh Hoàng,NV000021,49634,TRANSFER,0,"49633,5",0,379b Tôn Đức Thắng,COMPLETED,3,2026-08-15T17:17:49.349Z,1786814269348,2026-08-15T17:17:49.349Z
f6d46b8c-ec00-4725-812a-07782144b1d2,DH277542352,Khách lẻ tại quầy,Khánh Hoàng,NV000021,15225,CASH,15225,0,0,379b Tôn Đức Thắng,COMPLETED,1,2026-08-15T17:01:17.543Z,1786813277542,2026-08-15T17:01:17.543Z
72b02e79-2183-4da8-8287-5dd87b12bd75,DH151910205,Khách lẻ tại quầy,Khánh Hoàng,NV000021,54709,CASH,"54708,5",0,0,379b Tôn Đức Thắng,COMPLETED,5,2026-08-15T16:59:11.911Z,1786813151910,2026-08-15T16:59:11.911Z
2e999751-911c-4906-9ea9-da400db20c5e,DH879876355,Khách lẻ tại quầy,Khánh Hoàng,NV000021,40600,TRANSFER,0,40600,0,379b Tôn Đức Thắng,COMPLETED,4,2026-08-15T16:54:39.878Z,1786812879876,2026-08-15T16:54:39.878Z
f0d046e5-7d91-4d93-8ddd-14e551152dce,DH672974963,Khách lẻ tại quầy,Khánh Hoàng,NV000021,31465,TRANSFER,0,31465,0,379b Tôn Đức Thắng,COMPLETED,2,2026-08-15T16:51:12.975Z,1786812672974,2026-08-15T16:51:12.975Z
eb75997c-d6fd-47a9-9922-c661cd5cc7ed,DH619043387,Khách lẻ tại quầy,Khánh Hoàng,NV000021,59885,CASH,59885,0,0,379b Tôn Đức Thắng,COMPLETED,2,2026-08-15T16:50:19.044Z,1786812619043,2026-08-15T16:50:19.044Z
58df14e8-c0ff-4fc0-9d94-27bf85048038,DH440828251,Khách lẻ tại quầy,Khánh Hoàng,NV000021,32480,TRANSFER,0,32480,0,379b Tôn Đức Thắng,COMPLETED,1,2026-08-15T16:30:40.830Z,1786811440828,2026-08-15T16:30:40.830Z
4d34d029-3639-4e91-ad1d-843479d710b2,DH204083751,Khách lẻ tại quầy,Khánh Hoàng,NV000021,15225,TRANSFER,0,15225,0,379b Tôn Đức Thắng,COMPLETED,1,2026-08-15T16:26:44.085Z,1786811204083,2026-08-15T16:26:44.085Z
6e3c4c6b-51a3-4b38-a956-84195f5c87ef,DH056291156,Khách lẻ tại quầy,Khánh Hoàng,NV000021,35525,TRANSFER,0,35525,0,379b Tôn Đức Thắng,COMPLETED,3,2026-08-15T16:24:16.293Z,1786811056291,2026-08-15T16:24:16.293Z
ee3aec14-7e58-4d90-ac95-f835caeab860,DH766555741,Khách lẻ tại quầy,Khánh Hoàng,NV000021,50750,TRANSFER,0,50750,0,379b Tôn Đức Thắng,COMPLETED,3,2026-08-15T16:19:26.556Z,1786810766555,2026-08-15T16:19:26.556Z
62a9d044-1833-45da-ad1e-50ab50138f76,DH801003772,Khách lẻ tại quầy,Khánh Hoàng,NV000021,15225,TRANSFER,0,15225,0,379b Tôn Đức Thắng,COMPLETED,1,2026-08-15T16:03:21.004Z,1786809801003,2026-08-15T16:03:21.004Z
af0737bd-704e-442f-923e-19d79c79c18c,DH636138213,Khách lẻ tại quầy,Trung Thành,NV000046,9135,CASH,9135,0,0,379b Tôn Đức Thắng,COMPLETED,1,2026-08-15T16:00:36.139Z,1786809636138,2026-08-15T16:00:36.139Z
61e2f751-73af-4e40-af81-45c2aa3acd90,DH621584805,Khách lẻ tại quầy,Trung Thành,NV000046,7105,TRANSFER,0,7105,0,379b Tôn Đức Thắng,COMPLETED,1,2026-08-15T16:00:21.586Z,1786809621584,2026-08-15T16:00:21.586Z
827899e6-893d-4fc0-8cbd-a84d89574dd9,DH251015770,Khách lẻ tại quầy,Trung Thành,NV000046,36439,TRANSFER,0,"36438,5",0,379b Tôn Đức Thắng,COMPLETED,3,2026-08-15T15:54:11.017Z,1786809251015,2026-08-15T15:54:11.017Z
25b9a3b2-870b-4ea5-8d4b-cbf645514cc3,DH293869234,Khách lẻ tại quầy,Trung Thành,NV000046,30450,TRANSFER,0,30450,0,379b Tôn Đức Thắng,COMPLETED,2,2026-08-15T15:38:13.871Z,1786808293869,2026-08-15T15:38:13.871Z
f5bd32be-9ff7-4262-a241-aa9daf1638f9,DH130707326,Khách lẻ tại quầy,Trung Thành,NV000046,92365,CASH,92365,0,0,379b Tôn Đức Thắng,COMPLETED,8,2026-08-15T15:35:30.708Z,1786808130707,2026-08-15T15:35:30.708Z
2956ddde-e419-4223-9e25-4da3acbc90c9,DH854691259,Khách lẻ tại quầy,Trung Thành,NV000046,12180,CASH,12180,0,0,379b Tôn Đức Thắng,COMPLETED,1,2026-08-15T15:30:54.693Z,1786807854692,2026-08-15T15:30:54.693Z
a54e6fa9-8fb9-4a30-a942-d759fdbbe2d4,DH992330838,Khách lẻ tại quầy,Trung Thành,NV000046,15225,CASH,15225,0,0,379b Tôn Đức Thắng,COMPLETED,1,2026-08-15T15:16:32.331Z,1786806992330,2026-08-15T15:16:32.331Z
63835c9f-287b-4de6-a02d-1c866a808712,DH704043456,Khách lẻ tại quầy,Trung Thành,NV000046,18270,TRANSFER,0,18270,0,379b Tôn Đức Thắng,COMPLETED,2,2026-08-15T15:11:44.045Z,1786806704043,2026-08-15T15:11:44.045Z
2843a7da-e050-4211-9720-58ea95477af5,DH022038949,Khách lẻ tại quầy,Trung Thành,NV000046,15225,CASH,15225,0,0,379b Tôn Đức Thắng,COMPLETED,1,2026-08-15T15:00:22.039Z,1786806022038,2026-08-15T15:00:22.039Z
7227c17b-f638-4097-8ac9-f71af3489f3f,DH821238626,Khách lẻ tại quầy,Trung Thành,NV000046,13195,CASH,13195,0,0,379b Tôn Đức Thắng,COMPLETED,1,2026-08-15T14:57:01.239Z,1786805821238,2026-08-15T14:57:01.239Z
3427fe00-fdb7-44fd-b028-bc4a9cb58f1c,DH699999526,Khách lẻ tại quầy,Trung Thành,NV000046,32480,CASH,32480,0,0,379b Tôn Đức Thắng,COMPLETED,1,2026-08-15T14:55:00.000Z,1786805699999,2026-08-15T14:55:00.000Z
b9bfdcb2-a4a2-474a-ab3f-bf85503a6c2b,DH029097404,Khách lẻ tại quầy,Trung Thành,NV000046,127890,CASH,127890,0,0,379b Tôn Đức Thắng,COMPLETED,6,2026-08-15T14:43:49.099Z,1786805029097,2026-08-15T14:43:49.099Z
d76e4ed2-a226-4455-8d93-dcfdf81dc075,DH219774084,Khách lẻ tại quầy,Trung Thành,NV000046,15225,CASH,15225,0,0,379b Tôn Đức Thắng,COMPLETED,1,2026-08-15T14:30:19.776Z,1786804219774,2026-08-15T14:30:19.776Z
a0cd00bf-263f-4156-9edf-6dd2c54a8f7b,DH196597717,Khách lẻ tại quầy,Trung Thành,NV000046,42630,TRANSFER,0,42630,0,379b Tôn Đức Thắng,COMPLETED,2,2026-08-15T14:29:56.599Z,1786804196597,2026-08-15T14:29:56.599Z
dd796f0b-88b5-49df-b7dd-315a6565010b,DH543890806,Khách lẻ tại quầy,Trung Thành,NV000046,15225,TRANSFER,0,15225,0,379b Tôn Đức Thắng,COMPLETED,1,2026-08-15T14:19:03.891Z,1786803543890,2026-08-15T14:19:03.891Z
2d0e5d7d-fbc6-465f-ad48-04667f2dadaa,DH482253254,Khách lẻ tại quầy,Trung Thành,NV000046,61915,TRANSFER,0,61915,0,379b Tôn Đức Thắng,COMPLETED,3,2026-08-15T14:18:02.255Z,1786803482253,2026-08-15T14:18:02.255Z
ed8e6607-1f37-46c9-81aa-891e2087cecb,DH144518304,Khách lẻ tại quầy,Trung Thành,NV000046,18270,CASH,18270,0,0,379b Tôn Đức Thắng,COMPLETED,2,2026-08-15T14:12:24.519Z,1786803144518,2026-08-15T14:12:24.519Z
cbac5244-be1d-40b6-9b7f-a252c8a21017,DH982862977,Khách lẻ tại quầy,Trung Thành,NV000046,30450,TRANSFER,0,30450,0,379b Tôn Đức Thắng,COMPLETED,2,2026-08-15T13:53:02.863Z,1786801982862,2026-08-15T13:53:02.863Z
6c64c5b4-c2a1-4218-8f2d-c4f73a259101,DH902964030,Khách lẻ tại quầy,Trung Thành,NV000046,54810,TRANSFER,0,54810,0,379b Tôn Đức Thắng,COMPLETED,2,2026-08-15T13:51:42.966Z,1786801902964,2026-08-15T13:51:42.966Z
4e768a11-276b-41d3-b9a9-a00ef3e563b9,DH472968208,Khách lẻ tại quầy,Trung Thành,NV000046,14210,TRANSFER,0,14210,0,379b Tôn Đức Thắng,COMPLETED,2,2026-08-15T13:44:32.969Z,1786801472968,2026-08-15T13:44:32.969Z
90861311-1600-4d27-b439-7d6e457fb1fb,DH402162042,Khách lẻ tại quầy,Trung Thành,NV000046,64960,TRANSFER,0,64960,0,379b Tôn Đức Thắng,COMPLETED,2,2026-08-15T13:43:22.163Z,1786801402162,2026-08-15T13:43:22.163Z
337a5960-b4f4-4bcf-b544-b7a289796972,DH725195403,Khách lẻ tại quầy,Trung Thành,NV000046,48720,TRANSFER,0,48720,0,379b Tôn Đức Thắng,COMPLETED,2,2026-08-15T13:15:25.196Z,1786799725195,2026-08-15T13:15:25.196Z
c621a545-3c08-4c5e-bd06-d4719bce9802,DH292788673,Khách lẻ tại quầy,Trung Thành,NV000046,112665,TRANSFER,0,112665,0,379b Tôn Đức Thắng,COMPLETED,7,2026-08-15T13:08:12.790Z,1786799292788,2026-08-15T13:08:12.790Z
28d45264-1f24-47ea-8323-b1b650eddcdd,DH036112736,Khách lẻ tại quầy,Trung Thành,NV000046,24360,TRANSFER,0,24360,0,379b Tôn Đức Thắng,COMPLETED,2,2026-08-15T13:03:56.114Z,1786799036112,2026-08-15T13:03:56.114Z
62ed518f-c1ce-4385-a777-c157ad84895c,DH857839309,Khách lẻ tại quầy,Trung Thành,NV000046,14210,TRANSFER,0,14210,0,379b Tôn Đức Thắng,COMPLETED,1,2026-08-15T13:00:57.840Z,1786798857839,2026-08-15T13:00:57.840Z
04617260-f53f-49cb-8bf8-0b5851884c17,DH529089642,Khách lẻ tại quầy,Trung Thành,NV000046,5075,CASH,5075,0,0,379b Tôn Đức Thắng,COMPLETED,1,2026-08-15T12:55:29.090Z,1786798529089,2026-08-15T12:55:29.090Z
dec6bc7c-6765-45fc-a026-c3c31a6600c9,DH455975791,Khách lẻ tại quầy,Trung Thành,NV000046,57855,TRANSFER,0,57855,0,379b Tôn Đức Thắng,COMPLETED,5,2026-08-15T12:54:15.977Z,1786798455975,2026-08-15T12:54:15.977Z
1b81ee7d-746a-43ea-af55-756baa5f2e88,DH235783913,Khách lẻ tại quầy,Trung Thành,NV000046,15225,TRANSFER,0,15225,0,379b Tôn Đức Thắng,COMPLETED,1,2026-08-15T12:50:35.784Z,1786798235783,2026-08-15T12:50:35.784Z
269d5a69-200b-4289-ba85-a8aedaa988af,DH599672719,Khách lẻ tại quầy,Lan Nhi,NV000037,53795,TRANSFER,0,53795,0,379b Tôn Đức Thắng,COMPLETED,3,2026-08-15T08:13:19.673Z,1786781599672,2026-08-15T08:13:19.673Z
5faeaf7d-cfd2-4390-9d33-bc73718dab92,DH274999706,Khách lẻ tại quầy,Tuyết Vân,NV000038,15225,CASH,15225,0,0,379b Tôn Đức Thắng,COMPLETED,1,2026-08-14T21:01:15.000Z,1786741274999,2026-08-14T21:01:15.000Z
254a1c4e-2f6b-4732-a9d1-c5c4b2680748,DH174080820,Khách lẻ tại quầy,Tuyết Vân,NV000038,15225,CASH,15225,0,0,379b Tôn Đức Thắng,COMPLETED,1,2026-08-14T20:26:14.081Z,1786739174080,2026-08-14T20:26:14.081Z
ff3b1990-343f-4984-8396-c77339b1ddda,DH106436837,Khách lẻ tại quầy,Tuyết Vân,NV000038,56840,TRANSFER,0,56840,0,379b Tôn Đức Thắng,COMPLETED,3,2026-08-14T20:25:06.438Z,1786739106436,2026-08-14T20:25:06.438Z
4857e54c-18a8-45b4-8acf-b213a4771ff6,DH981235408,Khách lẻ tại quầy,Tuyết Vân,NV000038,78155,TRANSFER,0,78155,0,379b Tôn Đức Thắng,COMPLETED,4,2026-08-14T20:23:01.237Z,1786738981235,2026-08-14T20:23:01.237Z
6d026a9e-bc73-4163-a330-49a14b851a59,DH099349572,Khách lẻ tại quầy,Tuyết Vân,NV000038,31465,CASH,31465,0,0,379b Tôn Đức Thắng,COMPLETED,1,2026-08-14T19:51:39.351Z,1786737099349,2026-08-14T19:51:39.351Z
f286c7d6-1975-49cf-bf6d-2a500d43d549,DH681134488,Khách lẻ tại quầy,Tuyết Vân,NV000038,36540,CASH,36540,0,0,379b Tôn Đức Thắng,COMPLETED,4,2026-08-14T19:44:41.136Z,1786736681134,2026-08-14T19:44:41.136Z
50786328-22df-42d6-8602-e4bc43a472bf,DH899329517,Khách lẻ tại quầy,Tuyết Vân,NV000038,24360,CASH,24360,0,0,379b Tôn Đức Thắng,COMPLETED,1,2026-08-14T19:31:39.331Z,1786735899329,2026-08-14T19:31:39.331Z
02158e0b-b984-44c6-9a96-a75e36fc0551,DH660018684,Khách lẻ tại quầy,Tuyết Vân,NV000038,59885,TRANSFER,0,59885,0,379b Tôn Đức Thắng,COMPLETED,5,2026-08-14T19:27:40.019Z,1786735660018,2026-08-14T19:27:40.019Z
7112a325-59eb-415f-a2ea-9029852adf2b,DH523643470,Khách lẻ tại quầy,Tuyết Vân,NV000038,12180,CASH,12180,0,0,379b Tôn Đức Thắng,COMPLETED,1,2026-08-14T19:25:23.645Z,1786735523643,2026-08-14T19:25:23.645Z
d0ea0fc4-a7f5-40e0-a884-b277581b2d7b,DH089671091,Khách lẻ tại quầy,Tuyết Vân,NV000038,15225,CASH,15225,0,0,379b Tôn Đức Thắng,COMPLETED,1,2026-08-14T19:01:29.673Z,1786734089671,2026-08-14T19:01:29.673Z
ea7980df-b7ff-4650-9c4c-a78f352d100e,DH743125337,Khách lẻ tại quầy,Tuyết Vân,NV000038,3045,TRANSFER,0,3045,0,379b Tôn Đức Thắng,COMPLETED,1,2026-08-14T18:55:43.126Z,1786733743125,2026-08-14T18:55:43.126Z
284e15f1-1802-45b6-8327-ab4e82403298,DH708639951,Khách lẻ tại quầy,Tuyết Vân,NV000038,32480,TRANSFER,0,32480,0,379b Tôn Đức Thắng,COMPLETED,1,2026-08-14T18:55:08.641Z,1786733708639,2026-08-14T18:55:08.641Z
05de0f47-e8b3-49b3-aa2b-bb8040bcf0c6,DH697093986,Khách lẻ tại quầy,Tuyết Vân,NV000038,62930,CASH,62930,0,0,379b Tôn Đức Thắng,COMPLETED,3,2026-08-14T18:54:57.094Z,1786733697093,2026-08-14T18:54:57.094Z
9dadabdf-90d6-4d0f-b55d-c1e1dd85d3ef,DH384066497,Khách lẻ tại quầy,Tuyết Vân,NV000038,12180,CASH,12180,0,0,379b Tôn Đức Thắng,COMPLETED,1,2026-08-14T18:49:44.393Z,1786733384066,2026-08-14T18:49:44.393Z
a2368e8d-5929-4554-ad85-44452b8fd459,DH743064048,Khách lẻ tại quầy,Tuyết Vân,NV000038,23345,CASH,23345,0,0,379b Tôn Đức Thắng,COMPLETED,1,2026-08-14T18:39:03.065Z,1786732743064,2026-08-14T18:39:03.065Z
87bc8049-32ac-4409-9f3d-7ab71f95eb9a,DH093221309,Khách lẻ tại quầy,Tuyết Vân,NV000038,80185,TRANSFER,0,80185,0,379b Tôn Đức Thắng,COMPLETED,2,2026-08-14T18:28:13.223Z,1786732093221,2026-08-14T18:28:13.223Z
d9361552-d1f9-4cea-9b10-50400cd5d658,DH014379445,Khách lẻ tại quầy,Tuyết Vân,NV000038,115710,CASH,115710,0,0,379b Tôn Đức Thắng,COMPLETED,8,2026-08-14T18:10:14.381Z,1786731014379,2026-08-14T18:10:14.381Z
948e8127-2b0d-40cf-a346-6737d2b7c5f4,DH735524295,Khách lẻ tại quầy,Tuyết Vân,NV000038,18270,TRANSFER,0,18270,0,379b Tôn Đức Thắng,COMPLETED,2,2026-08-14T18:05:35.526Z,1786730735524,2026-08-14T18:05:35.526Z
2ced2bca-0a1c-4220-8bef-b4e59a5a9cb0,DH657645285,Khách lẻ tại quầy,Tuyết Vân,NV000038,15225,TRANSFER,0,15225,0,379b Tôn Đức Thắng,COMPLETED,1,2026-08-14T18:04:17.647Z,1786730657645,2026-08-14T18:04:17.647Z
1c67d6b6-8bd7-4d3a-81fa-e56c8a2f9aa6,DH625996575,Khách lẻ tại quầy,Tuyết Vân,NV000038,24360,TRANSFER,0,24360,0,379b Tôn Đức Thắng,COMPLETED,1,2026-08-14T18:03:45.998Z,1786730625996,2026-08-14T18:03:45.998Z
20739c0f-3a35-4192-8797-1bab49f5d33b,DH937136192,Khách lẻ tại quầy,Tuyết Vân,NV000038,27405,TRANSFER,0,27405,0,379b Tôn Đức Thắng,COMPLETED,1,2026-08-14T17:52:17.137Z,1786729937136,2026-08-14T17:52:17.137Z
71d91897-a3de-4a2f-9026-0950ee504a53,DH685743862,Khách lẻ tại quầy,Tuyết Vân,NV000038,3045,CASH,3045,0,0,379b Tôn Đức Thắng,COMPLETED,1,2026-08-14T17:48:05.745Z,1786729685743,2026-08-14T17:48:05.745Z
8171e315-3f78-4467-b1d1-44cbd987dd21,DH619685113,Khách lẻ tại quầy,Tuyết Vân,NV000038,129819,CASH,"129818,5",0,0,379b Tôn Đức Thắng,COMPLETED,7,2026-08-14T17:46:59.686Z,1786729619685,2026-08-14T17:46:59.686Z
ba4446d9-17e2-4f16-8f9b-b4679ae610a0,DH448635221,Khách lẻ tại quầy,Tuyết Vân,NV000038,24360,TRANSFER,0,24360,0,379b Tôn Đức Thắng,COMPLETED,1,2026-08-14T17:44:08.636Z,1786729448635,2026-08-14T17:44:08.636Z
0344c5bd-7256-49c1-8b99-cf2dd3079d80,DH384993784,Khách lẻ tại quầy,Tuyết Vân,NV000038,17255,TRANSFER,0,17255,0,379b Tôn Đức Thắng,COMPLETED,2,2026-08-14T17:43:04.994Z,1786729384993,2026-08-14T17:43:04.994Z
d122e7da-5e53-4925-9d2c-028e4409ff46,DH221964662,Khách lẻ tại quầy,Tuyết Vân,NV000038,27405,CASH,27405,0,0,379b Tôn Đức Thắng,COMPLETED,1,2026-08-14T17:40:21.965Z,1786729221964,2026-08-14T17:40:21.965Z
74222154-3612-4431-aeee-39e03bcfa28a,DH129985445,Khách lẻ tại quầy,Tuyết Vân,NV000038,30450,CASH,30450,0,0,379b Tôn Đức Thắng,COMPLETED,2,2026-08-14T17:38:49.986Z,1786729129985,2026-08-14T17:38:49.986Z
a9d71f47-cbb4-401e-a1a4-4efcbb09607b,DH952741654,Khách lẻ tại quầy,Tuyết Vân,NV000038,22330,TRANSFER,0,22330,0,379b Tôn Đức Thắng,COMPLETED,2,2026-08-14T17:35:52.742Z,1786728952741,2026-08-14T17:35:52.742Z
57e0e57e-d0c2-4f55-bb24-5f0212939e85,DH922129092,Khách lẻ tại quầy,Tuyết Vân,NV000038,60900,TRANSFER,0,60900,0,379b Tôn Đức Thắng,COMPLETED,4,2026-08-14T17:35:22.130Z,1786728922129,2026-08-14T17:35:22.130Z
e4ed5fe2-936d-450b-b86c-f8417a2b8945,DH358346163,Khách lẻ tại quầy,Tuyết Vân,NV000038,33495,CASH,33495,0,0,379b Tôn Đức Thắng,COMPLETED,3,2026-08-14T17:25:58.348Z,1786728358346,2026-08-14T17:25:58.348Z
24a42930-b8c5-4633-aeb7-fe5b246c5022,DH031755766,Khách lẻ tại quầy,Tuyết Vân,NV000038,12180,TRANSFER,0,12180,0,379b Tôn Đức Thắng,COMPLETED,1,2026-08-14T17:20:31.756Z,1786728031755,2026-08-14T17:20:31.756Z
5f9adf90-8edc-4dd9-93c6-c78b2e044ffb,DH903397375,Khách lẻ tại quầy,Tuyết Vân,NV000038,22330,CASH,22330,0,0,379b Tôn Đức Thắng,COMPLETED,2,2026-08-14T17:18:23.399Z,1786727903397,2026-08-14T17:18:23.399Z
70f8351e-b837-4049-91d0-e8f960dc7018,DH579581221,Khách lẻ tại quầy,Tuyết Vân,NV000038,30450,TRANSFER,0,30450,0,379b Tôn Đức Thắng,COMPLETED,2,2026-08-14T17:12:59.582Z,1786727579581,2026-08-14T17:12:59.582Z
b664080b-2c9c-425e-86d6-2e4ab2d4172c,DH069383344,Khách lẻ tại quầy,Tuyết Vân,NV000038,55724,TRANSFER,0,"55723,5",0,379b Tôn Đức Thắng,COMPLETED,6,2026-08-14T17:04:29.385Z,1786727069383,2026-08-14T17:04:29.385Z
ce1b7b3a-3d86-435f-b942-bca3397c7540,DH860214247,Khách lẻ tại quầy,Tuyết Vân,NV000038,18270,CASH,18270,0,0,379b Tôn Đức Thắng,COMPLETED,2,2026-08-14T17:01:00.216Z,1786726860214,2026-08-14T17:01:00.216Z
63fe3bc3-aa08-4d9c-8137-77c0f53b97fe,DH390994858,Khách lẻ tại quầy,Tuyết Vân,NV000038,74095,CASH,74095,0,0,379b Tôn Đức Thắng,COMPLETED,4,2026-08-14T16:53:10.995Z,1786726390994,2026-08-14T16:53:10.995Z
f623f4dc-1cd6-4fac-941f-7c24ea3d660e,DH080835136,Khách lẻ tại quầy,Tuyết Vân,NV000038,24360,TRANSFER,0,24360,0,379b Tôn Đức Thắng,COMPLETED,1,2026-08-14T16:48:00.837Z,1786726080835,2026-08-14T16:48:00.837Z
906b94ec-f0ba-4b1a-a798-058d13e1aeb9,DH034591042,Khách lẻ tại quầy,Tuyết Vân,NV000038,86275,TRANSFER,0,86275,0,379b Tôn Đức Thắng,COMPLETED,5,2026-08-14T16:47:14.593Z,1786726034591,2026-08-14T16:47:14.593Z
a6d22e63-c8eb-4c1d-925d-47536d970444,DH858323826,Khách lẻ tại quầy,Tuyết Vân,NV000038,62930,TRANSFER,0,62930,0,379b Tôn Đức Thắng,COMPLETED,4,2026-08-14T16:44:18.324Z,1786725858323,2026-08-14T16:44:18.324Z
1d96e0c7-8a5c-4500-99a2-2c93d47afd1e,DH678520233,Khách lẻ tại quầy,Tuyết Vân,NV000038,48720,TRANSFER,0,48720,0,379b Tôn Đức Thắng,COMPLETED,2,2026-08-14T16:41:18.522Z,1786725678521,2026-08-14T16:41:18.522Z
14e11b68-cd86-4c99-aa1d-11f08ab9ebe6,DH243800287,Khách lẻ tại quầy,Tuyết Vân,NV000038,78155,TRANSFER,0,78155,0,379b Tôn Đức Thắng,COMPLETED,3,2026-08-14T16:34:03.802Z,1786725243800,2026-08-14T16:34:03.802Z
e07d7b60-59e3-468b-a9d2-274787a12cea,DH997873926,Khách lẻ tại quầy,Tuyết Vân,NV000038,12180,TRANSFER,0,12180,0,379b Tôn Đức Thắng,COMPLETED,1,2026-08-14T16:29:57.875Z,1786724997873,2026-08-14T16:29:57.875Z
8e9d3827-42ee-465a-b3b9-abbd7407a946,DH579021707,Khách lẻ tại quầy,Tuyết Vân,NV000038,6090,TRANSFER,0,6090,0,379b Tôn Đức Thắng,COMPLETED,2,2026-08-14T16:22:59.023Z,1786724579021,2026-08-14T16:22:59.023Z
25d2004c-b919-4b04-982e-fad2356ed602,DH342307086,Khách lẻ tại quầy,Tuyết Vân,NV000038,125860,TRANSFER,0,125860,0,379b Tôn Đức Thắng,COMPLETED,6,2026-08-14T16:19:02.308Z,1786724342307,2026-08-14T16:19:02.308Z
ce431a54-2e1e-4618-906d-d3e632d56481,DH118267575,Khách lẻ tại quầy,Tuyết Vân,NV000038,64960,CASH,64960,0,0,379b Tôn Đức Thắng,COMPLETED,5,2026-08-14T16:15:18.270Z,1786724118267,2026-08-14T16:15:18.270Z
1e3372e4-9d18-418e-857f-741f5794d970,DH989222778,Khách lẻ tại quầy,Thanh Ngân,NV000029,26390,CASH,26390,0,0,379b Tôn Đức Thắng,COMPLETED,1,2026-08-14T15:56:29.223Z,1786722989222,2026-08-14T15:56:29.223Z
7d4d62ac-b8f0-40c5-9221-7d9bb3a6f312,DH734017880,Khách lẻ tại quầy,Thanh Ngân,NV000029,27405,TRANSFER,0,27405,0,379b Tôn Đức Thắng,COMPLETED,2,2026-08-14T15:52:14.019Z,1786722734017,2026-08-14T15:52:14.019Z
7dcf4ac5-bee5-4307-91b6-5f13d6b075fa,DH038000289,Khách lẻ tại quầy,Thanh Ngân,NV000029,55825,CASH,55825,0,0,379b Tôn Đức Thắng,COMPLETED,4,2026-08-14T15:40:38.002Z,1786722038000,2026-08-14T15:40:38.002Z
5ee579d7-848b-4108-a728-3c27e682a5b5,DH075324275,Khách lẻ tại quầy,Thanh Ngân,NV000029,86275,CASH,86275,0,0,379b Tôn Đức Thắng,COMPLETED,5,2026-08-14T15:24:35.325Z,1786721075324,2026-08-14T15:24:35.325Z
acc8b9c3-430b-47c7-b568-0286a0182ff3,DH576403770,Khách lẻ tại quầy,Thanh Ngân,NV000029,100485,TRANSFER,0,100485,0,379b Tôn Đức Thắng,COMPLETED,7,2026-08-14T15:16:16.404Z,1786720576403,2026-08-14T15:16:16.404Z
141d3f58-7fd6-4775-8825-ecbc30b02d4b,DH034571853,Khách lẻ tại quầy,Thanh Ngân,NV000029,15225,TRANSFER,0,15225,0,379b Tôn Đức Thắng,COMPLETED,1,2026-08-14T15:07:14.572Z,1786720034571,2026-08-14T15:07:14.572Z
4c4999e7-ab70-4ae0-89a7-5a6dd80d70c9,DH468153011,Khách lẻ tại quầy,Thanh Ngân,NV000029,97440,TRANSFER,0,97440,0,379b Tôn Đức Thắng,COMPLETED,7,2026-08-14T14:57:48.155Z,1786719468153,2026-08-14T14:57:48.155Z
ec1d6f27-a80e-4ff0-973d-a202a9d83ebf,DH681145584,Khách lẻ tại quầy,Thanh Ngân,NV000029,21315,TRANSFER,0,21315,0,379b Tôn Đức Thắng,COMPLETED,3,2026-08-14T14:44:41.147Z,1786718681145,2026-08-14T14:44:41.147Z
1bdaa945-28e9-4259-94a7-0df5649fc929,DH621396776,Khách lẻ tại quầy,Thanh Ngân,NV000029,15225,CASH,15225,0,0,379b Tôn Đức Thắng,COMPLETED,1,2026-08-14T14:43:41.398Z,1786718621396,2026-08-14T14:43:41.398Z
2b688f0f-81e4-463c-87e2-aacdf7e852a9,DH409574079,Khách lẻ tại quầy,Thanh Ngân,NV000029,9135,CASH,9135,0,0,379b Tôn Đức Thắng,COMPLETED,3,2026-08-14T14:40:09.575Z,1786718409574,2026-08-14T14:40:09.575Z
d790fd7a-8b12-4198-9365-a30f5f67cd3c,DH326058374,Khách lẻ tại quầy,Thanh Ngân,NV000029,57855,TRANSFER,0,57855,0,379b Tôn Đức Thắng,COMPLETED,3,2026-08-14T14:38:46.059Z,1786718326058,2026-08-14T14:38:46.059Z
1dfc1777-1f83-4a91-8fe9-bf913c989c3b,DH489975702,Khách lẻ tại quầy,Thanh Ngân,NV000029,3045,CASH,3045,0,0,379b Tôn Đức Thắng,COMPLETED,1,2026-08-14T14:24:49.977Z,1786717489975,2026-08-14T14:24:49.977Z
545f9f19-8f29-42bd-99be-5e2263b5da23,DH199760851,Khách lẻ tại quầy,Thanh Ngân,NV000029,38570,TRANSFER,0,38570,0,379b Tôn Đức Thắng,COMPLETED,2,2026-08-14T14:19:59.761Z,1786717199760,2026-08-14T14:19:59.761Z
ee645bf4-c7e4-48d4-bfdb-c32d06943b6f,DH149675800,Khách lẻ tại quầy,Thanh Ngân,NV000029,48720,TRANSFER,0,48720,0,379b Tôn Đức Thắng,COMPLETED,4,2026-08-14T14:19:09.676Z,1786717149675,2026-08-14T14:19:09.676Z
a8da8396-c7e3-4c75-9710-9f9540d2acec,DH026289080,Khách lẻ tại quầy,Thanh Ngân,NV000029,98455,TRANSFER,0,98455,0,379b Tôn Đức Thắng,COMPLETED,10,2026-08-14T14:17:06.291Z,1786717026289,2026-08-14T14:17:06.291Z
041dc3bc-ca08-4042-b520-fc6935f5d755,DH394278078,Khách lẻ tại quầy,Thanh Ngân,NV000029,27405,TRANSFER,0,27405,0,379b Tôn Đức Thắng,COMPLETED,1,2026-08-14T14:06:34.280Z,1786716394278,2026-08-14T14:06:34.280Z
0da35561-3ac3-4429-94cb-d40fb262433b,DH128723694,Khách lẻ tại quầy,Thanh Ngân,NV000029,49735,TRANSFER,0,49735,0,379b Tôn Đức Thắng,COMPLETED,3,2026-08-14T14:02:08.725Z,1786716128723,2026-08-14T14:02:08.725Z
c269f72c-3b4d-4284-a139-dbcf953f84be,DH546077670,Khách lẻ tại quầy,Thanh Ngân,NV000029,29435,TRANSFER,0,29435,0,379b Tôn Đức Thắng,COMPLETED,2,2026-08-14T13:52:26.078Z,1786715546077,2026-08-14T13:52:26.078Z
a68d06b1-cba6-42f2-a708-9f17104a53de,DH744719052,Khách lẻ tại quầy,Thanh Ngân,NV000029,14210,TRANSFER,0,14210,0,379b Tôn Đức Thắng,COMPLETED,1,2026-08-14T13:39:04.720Z,1786714744719,2026-08-14T13:39:04.720Z
88501147-f8b8-4fbb-9ee0-1f70c65e2d22,DH672064227,Khách lẻ tại quầy,Thanh Ngân,NV000029,50750,TRANSFER,0,50750,0,379b Tôn Đức Thắng,COMPLETED,3,2026-08-14T13:37:52.066Z,1786714672064,2026-08-14T13:37:52.066Z
17d6a6ce-17d3-411e-bec4-e78858d63909,DH465689240,Khách lẻ tại quầy,Thanh Ngân,NV000029,14210,TRANSFER,0,14210,0,379b Tôn Đức Thắng,COMPLETED,1,2026-08-14T13:34:25.690Z,1786714465689,2026-08-14T13:34:25.690Z
bf0c9be7-ddff-44be-a92e-0dd435ea14f0,DH556618498,Khách lẻ tại quầy,Thanh Ngân,NV000029,29435,TRANSFER,0,29435,0,379b Tôn Đức Thắng,COMPLETED,2,2026-08-14T13:19:16.619Z,1786713556618,2026-08-14T13:19:16.619Z
d2c4e0fb-cfbd-4b58-90fe-61ef986aa7a6,DH827001123,Khách lẻ tại quầy,Thanh Ngân,NV000029,15225,CASH,15225,0,0,379b Tôn Đức Thắng,COMPLETED,1,2026-08-14T12:50:27.003Z,1786711827001,2026-08-14T12:50:27.003Z
0a535078-23c0-4648-a62a-16e924d8a16b,DH813028458,Khách lẻ tại quầy,Thanh Ngân,NV000029,10150,CASH,10150,0,0,379b Tôn Đức Thắng,COMPLETED,1,2026-08-14T12:50:13.030Z,1786711813028,2026-08-14T12:50:13.030Z
1ccdb821-4721-4248-9a06-d3c59aefc970,DH294528445,Khách lẻ tại quầy,Thanh Ngân,NV000029,71050,TRANSFER,0,71050,0,379b Tôn Đức Thắng,COMPLETED,5,2026-08-14T11:51:34.530Z,1786708294528,2026-08-14T11:51:34.530Z
120c7e67-a246-4f1d-983d-3e23308fb89c,DH719037096,Khách lẻ tại quầy,Thanh Ngân,NV000029,35525,TRANSFER,0,35525,0,379b Tôn Đức Thắng,COMPLETED,4,2026-08-14T11:41:59.040Z,1786707719037,2026-08-14T11:41:59.040Z
67f315bf-c20d-434c-953e-9e0b6d6dac22,DH534537124,Khách lẻ tại quầy,Lệ Quyên,NV000036,15225,TRANSFER,0,15225,0,379b Tôn Đức Thắng,COMPLETED,1,2026-08-14T11:22:14.539Z,1786706534537,2026-08-14T11:22:14.539Z
54928ec0-6ac4-41b3-83bf-9cc10b34413d,DH958550494,Khách lẻ tại quầy,Lệ Quyên,NV000036,15225,TRANSFER,0,15225,0,379b Tôn Đức Thắng,COMPLETED,1,2026-08-14T11:12:38.552Z,1786705958550,2026-08-14T11:12:38.552Z
5cbf4c06-4690-4843-be2e-42b956d4a244,DH895585846,Khách lẻ tại quầy,Lệ Quyên,NV000036,14210,TRANSFER,0,14210,0,379b Tôn Đức Thắng,COMPLETED,1,2026-08-14T11:11:35.587Z,1786705895585,2026-08-14T11:11:35.587Z
fab49edc-117f-4e47-9d92-fdd23f9d0b0e,DH172433105,Khách lẻ tại quầy,Lệ Quyên,NV000036,41615,TRANSFER,0,41615,0,379b Tôn Đức Thắng,COMPLETED,3,2026-08-14T10:59:32.435Z,1786705172433,2026-08-14T10:59:32.435Z
b7b375f7-d340-4b1b-93ca-023bd7a553d9,DH049371567,Khách lẻ tại quầy,Lệ Quyên,NV000036,45675,CASH,45675,0,0,379b Tôn Đức Thắng,COMPLETED,4,2026-08-14T08:27:29.380Z,1786696049371,2026-08-14T08:27:29.380Z
b83b34fc-cdd3-4dc7-9c45-385b62c9feae,DH243914682,Khách lẻ tại quầy,Lệ Quyên,NV000036,24360,CASH,24360,0,0,379b Tôn Đức Thắng,COMPLETED,1,2026-08-14T07:40:43.916Z,1786693243914,2026-08-14T07:40:43.916Z
d3371bea-673e-414b-95fd-0e87661a5827,DH608163310,Khách lẻ tại quầy,Lệ Quyên,NV000036,15225,TRANSFER,0,15225,0,379b Tôn Đức Thắng,COMPLETED,1,2026-08-14T07:30:08.208Z,1786692608163,2026-08-14T07:30:08.208Z
8a702b89-a9e1-45d3-8afb-b964a2bc8704,DH633408717,Khách lẻ tại quầy,Lệ Quyên,NV000036,16240,CASH,16240,0,0,379b Tôn Đức Thắng,COMPLETED,1,2026-08-14T06:23:53.410Z,1786688633408,2026-08-14T06:23:53.410Z
db78bb00-607b-4083-bc9f-b7788abf6872,DH569711984,Khách lẻ tại quầy,Lệ Quyên,NV000036,52780,TRANSFER,0,52780,0,379b Tôn Đức Thắng,COMPLETED,2,2026-08-14T05:49:29.713Z,1786686569711,2026-08-14T05:49:29.713Z
3abaa4a3-6905-4387-9850-56a5779c59fd,DH004818669,Khách lẻ tại quầy,Lệ Quyên,NV000036,18270,CASH,18270,0,0,379b Tôn Đức Thắng,COMPLETED,2,2026-08-14T04:16:44.822Z,1786681004818,2026-08-14T04:16:44.822Z
2cbe35ac-58b2-4ef5-a323-1805d0fbd033,DH489044860,Khách lẻ tại quầy,Lệ Quyên,NV000036,41615,TRANSFER,0,41615,0,379b Tôn Đức Thắng,COMPLETED,3,2026-08-14T04:08:09.046Z,1786680489044,2026-08-14T04:08:09.046Z
75b77c39-4304-40c4-9609-800e7ea95938,DH478085781,Khách lẻ tại quầy,Lệ Quyên,NV000036,3045,CASH,3045,0,0,379b Tôn Đức Thắng,COMPLETED,1,2026-08-14T04:07:58.087Z,1786680478085,2026-08-14T04:07:58.087Z
35c7feda-c478-4e36-9460-c3dee51453be,DH997328164,Khách lẻ tại quầy,Lệ Quyên,NV000036,28420,TRANSFER,0,28420,0,379b Tôn Đức Thắng,COMPLETED,2,2026-08-14T03:59:57.329Z,1786679997328,2026-08-14T03:59:57.329Z
0d7eeea6-adf3-4da5-886b-a25d96fc1cc9,DH987869276,Khách lẻ tại quầy,Lệ Quyên,NV000036,28420,TRANSFER,0,28420,0,379b Tôn Đức Thắng,COMPLETED,2,2026-08-14T03:59:47.871Z,1786679987869,2026-08-14T03:59:47.871Z
3f4d946d-8cfc-41d0-956a-66540235c35d,DH052275181,Khách lẻ tại quầy,Lệ Quyên,NV000036,15225,TRANSFER,0,15225,0,379b Tôn Đức Thắng,COMPLETED,1,2026-08-14T03:27:32.277Z,1786678052275,2026-08-14T03:27:32.277Z
058c1f21-8ddc-456b-a325-cf0e94a4d86e,DH047306840,Khách lẻ tại quầy,Lệ Quyên,NV000036,32480,CASH,32480,0,0,379b Tôn Đức Thắng,COMPLETED,1,2026-08-14T03:27:27.309Z,1786678047306,2026-08-14T03:27:27.309Z
282d4917-4b26-4e0b-bb9f-fb076a2f837c,DH085026207,Khách lẻ tại quầy,Lệ Quyên,NV000036,3045,CASH,3045,0,0,379b Tôn Đức Thắng,COMPLETED,1,2026-08-14T02:54:45.029Z,1786676085026,2026-08-14T02:54:45.029Z
408b25b3-35c7-497b-b852-b755be11d6a8,DH468904930,Khách lẻ tại quầy,Lệ Quyên,NV000036,57855,CASH,57855,0,0,379b Tôn Đức Thắng,COMPLETED,4,2026-08-14T02:27:48.908Z,1786674468904,2026-08-14T02:27:48.908Z
0171389c-af0c-48c5-bbfb-0fddd759699b,DH462502924,Khách lẻ tại quầy,Lệ Quyên,NV000036,47705,CASH,47705,0,0,379b Tôn Đức Thắng,COMPLETED,2,2026-08-14T02:27:42.506Z,1786674462502,2026-08-14T02:27:42.506Z
3ee95bbc-f100-4dc8-9eb4-6e8a4da89964,DH456520249,Khách lẻ tại quầy,Lệ Quyên,NV000036,23244,CASH,"23243,5",0,0,379b Tôn Đức Thắng,COMPLETED,2,2026-08-14T02:27:36.523Z,1786674456520,2026-08-14T02:27:36.523Z
b78f3982-43ab-4886-9f34-4fc63d7308b7,DH508604020,Khách lẻ tại quầy,Lệ Quyên,NV000036,27405,CASH,27405,0,0,379b Tôn Đức Thắng,COMPLETED,1,2026-08-14T01:21:48.606Z,1786670508604,2026-08-14T01:21:48.606Z
caada550-4c37-4f8e-93ef-0dce6bd8546e,DH196262100,Khách lẻ tại quầy,Trọng Khánh,NV000049,55825,TRANSFER,0,55825,0,379b Tôn Đức Thắng,COMPLETED,3,2026-08-13T18:36:36.265Z,1786646196262,2026-08-13T18:36:36.265Z
86f17fe5-f629-47c7-a573-547db7770215,DH003029901,Khách lẻ tại quầy,Trọng Khánh,NV000049,45675,CASH,45675,0,0,379b Tôn Đức Thắng,COMPLETED,4,2026-08-13T17:43:23.031Z,1786643003029,2026-08-13T17:43:23.031Z
178e40d0-03cc-46ee-b233-e9ea627a1e72,DH160750717,Khách lẻ tại quầy,Trọng Khánh,NV000049,18270,CASH,18270,0,0,379b Tôn Đức Thắng,COMPLETED,2,2026-08-13T17:29:20.752Z,1786642160750,2026-08-13T17:29:20.752Z
b64db59b-4cf3-4682-91dd-899fb7ef34d9,DH110233760,Khách lẻ tại quầy,Trọng Khánh,NV000049,45675,CASH,45675,0,0,379b Tôn Đức Thắng,COMPLETED,5,2026-08-13T17:28:30.236Z,1786642110233,2026-08-13T17:28:30.236Z
cfc46a72-d125-4a5e-8d95-bd36682b6f4a,DH803855390,Khách lẻ tại quầy,Trọng Khánh,NV000049,218225,TRANSFER,0,218225,0,379b Tôn Đức Thắng,COMPLETED,15,2026-08-13T17:23:23.860Z,1786641803856,2026-08-13T17:23:23.860Z
ea84d0d3-620f-4b5a-a58f-fde4e0220c3a,DH230832503,Khách lẻ tại quầy,Trọng Khánh,NV000049,118755,TRANSFER,0,118755,0,379b Tôn Đức Thắng,COMPLETED,9,2026-08-13T17:13:50.833Z,1786641230832,2026-08-13T17:13:50.833Z
6d3e1109-ef71-45aa-b97e-28a545b6b608,DH946272822,Khách lẻ tại quầy,Trọng Khánh,NV000049,137025,MIXED,70000,67025,0,379b Tôn Đức Thắng,COMPLETED,6,2026-08-13T17:09:06.274Z,1786640946272,2026-08-13T17:09:06.274Z
5ff5da9b-a38b-48f9-9429-a2f23ebd7ab8,DH821719066,Khách lẻ tại quầy,Trọng Khánh,NV000049,36540,TRANSFER,0,36540,0,379b Tôn Đức Thắng,COMPLETED,4,2026-08-13T17:07:01.722Z,1786640821719,2026-08-13T17:07:01.722Z
30f2316a-776d-495e-803d-097c3b872ee5,DH846202322,Khách lẻ tại quầy,Trọng Khánh,NV000049,91350,CASH,91350,0,0,379b Tôn Đức Thắng,COMPLETED,14,2026-08-13T16:50:46.203Z,1786639846202,2026-08-13T16:50:46.203Z
2500940c-7347-4269-babc-5d8072790c4e,DH507562009,Khách lẻ tại quầy,Trọng Khánh,NV000049,82215,TRANSFER,0,82215,0,379b Tôn Đức Thắng,COMPLETED,7,2026-08-13T16:45:07.564Z,1786639507562,2026-08-13T16:45:07.564Z
222e1f5d-a540-4a65-84f9-77ed2b32dbb2,DH122207351,Khách lẻ tại quầy,Trọng Khánh,NV000049,90335,TRANSFER,0,90335,0,379b Tôn Đức Thắng,COMPLETED,5,2026-08-13T16:38:42.209Z,1786639122207,2026-08-13T16:38:42.209Z
c0a74ca9-389b-41c7-9a11-064a57c74ad0,DH115438305,Khách lẻ tại quầy,Trọng Khánh,NV000049,18270,TRANSFER,0,18270,0,379b Tôn Đức Thắng,COMPLETED,2,2026-08-13T16:38:35.440Z,1786639115438,2026-08-13T16:38:35.440Z
aed005e7-311e-474a-ad90-ade865198b4d,DH647599755,Khách lẻ tại quầy,Trọng Khánh,NV000049,12180,TRANSFER,0,12180,0,379b Tôn Đức Thắng,COMPLETED,1,2026-08-13T16:30:47.601Z,1786638647599,2026-08-13T16:30:47.601Z
f6dfef0c-46a6-4ca9-9225-abdd67d16a58,DH583481546,Khách lẻ tại quầy,Trọng Khánh,NV000049,30450,TRANSFER,0,30450,0,379b Tôn Đức Thắng,COMPLETED,2,2026-08-13T16:29:43.484Z,1786638583481,2026-08-13T16:29:43.484Z
c5ab502d-be37-475a-a1e4-ed72d69bcccd,DH218036059,Khách lẻ tại quầy,Trọng Khánh,NV000049,30450,TRANSFER,0,30450,0,379b Tôn Đức Thắng,COMPLETED,2,2026-08-13T16:23:38.038Z,1786638218036,2026-08-13T16:23:38.038Z
66ff1413-c9ec-497f-8e13-b119b51e077d,DH795460065,Khách lẻ tại quầy,Trọng Khánh,NV000049,27405,TRANSFER,0,27405,0,379b Tôn Đức Thắng,COMPLETED,1,2026-08-13T16:16:35.461Z,1786637795460,2026-08-13T16:16:35.461Z
503fc89e-36ad-4079-a400-bfb444156831,DH501895119,Khách lẻ tại quầy,Trọng Khánh,NV000049,29435,TRANSFER,0,29435,0,379b Tôn Đức Thắng,COMPLETED,2,2026-08-13T16:11:41.898Z,1786637501895,2026-08-13T16:11:41.898Z
bdb5d836-ee45-4b98-adaa-f607bc455094,DH222807471,Khách lẻ tại quầy,Trọng Khánh,NV000049,23345,CASH,23345,0,0,379b Tôn Đức Thắng,COMPLETED,1,2026-08-13T15:50:22.808Z,1786636222807,2026-08-13T15:50:22.808Z
48eed22e-7160-4dc9-8888-053f7f11c6a9,DH910298250,Khách lẻ tại quầy,Trọng Khánh,NV000049,17255,TRANSFER,0,17255,0,379b Tôn Đức Thắng,COMPLETED,2,2026-08-13T15:45:10.299Z,1786635910298,2026-08-13T15:45:10.299Z
cb47558a-b33c-45d2-97bf-3d6ff9e02a7d,DH766046040,Khách lẻ tại quầy,Trọng Khánh,NV000049,15225,CASH,15225,0,0,379b Tôn Đức Thắng,COMPLETED,1,2026-08-13T15:42:46.049Z,1786635766046,2026-08-13T15:42:46.049Z
02f8348d-2884-4565-bee5-10bc833a359e,DH156908085,Khách lẻ tại quầy,Trọng Khánh,NV000049,48720,TRANSFER,0,48720,0,379b Tôn Đức Thắng,COMPLETED,4,2026-08-13T15:32:36.909Z,1786635156908,2026-08-13T15:32:36.909Z
eaac18de-ebeb-4def-86fe-2ea2e31439dc,DH996471987,Khách lẻ tại quầy,Trọng Khánh,NV000049,6090,TRANSFER,0,6090,0,379b Tôn Đức Thắng,COMPLETED,2,2026-08-13T15:29:56.474Z,1786634996471,2026-08-13T15:29:56.474Z
a65e690f-7846-45bf-ab38-ef02e30adf2b,DH898450833,Khách lẻ tại quầy,Trọng Khánh,NV000049,110635,TRANSFER,0,110635,0,379b Tôn Đức Thắng,COMPLETED,6,2026-08-13T15:28:18.451Z,1786634898450,2026-08-13T15:28:18.451Z
0af19830-eeaf-4fab-9f9b-3145f97a3fb7,DH428757205,Khách lẻ tại quầy,Trọng Khánh,NV000049,68005,CASH,68005,0,0,379b Tôn Đức Thắng,COMPLETED,4,2026-08-13T15:20:28.758Z,1786634428757,2026-08-13T15:20:28.758Z
3ada6ff6-6521-4e72-981f-da6c205eca37,DH072238268,Khách lẻ tại quầy,Trọng Khánh,NV000049,50750,TRANSFER,0,50750,0,379b Tôn Đức Thắng,COMPLETED,3,2026-08-13T15:14:32.239Z,1786634072238,2026-08-13T15:14:32.239Z
9b423a68-c794-4ebd-8770-094a9765f995,DH719510739,Khách lẻ tại quầy,Trọng Khánh,NV000049,64960,TRANSFER,0,64960,0,379b Tôn Đức Thắng,COMPLETED,2,2026-08-13T15:08:39.511Z,1786633719510,2026-08-13T15:08:39.511Z
7b03721b-7a37-4595-aa83-2bc541ab048a,DH576474168,Khách lẻ tại quầy,Trọng Khánh,NV000049,27405,TRANSFER,0,27405,0,379b Tôn Đức Thắng,COMPLETED,2,2026-08-13T15:06:16.475Z,1786633576474,2026-08-13T15:06:16.475Z
202e4509-e4de-485b-8fe0-903552268f63,DH892006098,Khách lẻ tại quầy,Trọng Khánh,NV000049,22229,CASH,"22228,5",0,0,379b Tôn Đức Thắng,COMPLETED,2,2026-08-13T14:38:12.008Z,1786631892007,2026-08-13T14:38:12.008Z
4693b97f-b487-496b-a42d-2465cf5cdefc,DH806626947,Khách lẻ tại quầy,Trọng Khánh,NV000049,15225,CASH,15225,0,0,379b Tôn Đức Thắng,COMPLETED,1,2026-08-13T14:20:06.627Z,1786630806626,2026-08-13T14:20:06.627Z
f0524a27-aec3-4f0c-938c-b04f0f52c82e,DH838738653,Khách lẻ tại quầy,Trọng Khánh,NV000049,68005,CASH,68005,0,0,379b Tôn Đức Thắng,COMPLETED,5,2026-08-13T14:03:58.740Z,1786629838738,2026-08-13T14:03:58.740Z
62236c80-a9b9-4c99-9759-f1c2fe91b165,DH756071105,Khách lẻ tại quầy,Trọng Khánh,NV000049,36540,CASH,36540,0,0,379b Tôn Đức Thắng,COMPLETED,4,2026-08-13T14:02:36.072Z,1786629756071,2026-08-13T14:02:36.072Z
be43aa5a-dc17-40db-b307-c79f5741fbf7,DH588453835,Khách lẻ tại quầy,Trọng Khánh,NV000049,29435,CASH,29435,0,0,379b Tôn Đức Thắng,COMPLETED,2,2026-08-13T13:59:48.454Z,1786629588453,2026-08-13T13:59:48.454Z
0ee65a44-bad6-4283-b7aa-5819bcc11d74,DH528743957,Khách lẻ tại quầy,Trọng Khánh,NV000049,14210,CASH,14210,0,0,379b Tôn Đức Thắng,COMPLETED,1,2026-08-13T13:58:48.745Z,1786629528743,2026-08-13T13:58:48.745Z
59cd3194-f0f3-4349-96c2-898a991dea67,DH463472619,Khách lẻ tại quầy,Trọng Khánh,NV000049,3045,TRANSFER,0,3045,0,379b Tôn Đức Thắng,COMPLETED,1,2026-08-13T13:57:43.473Z,1786629463472,2026-08-13T13:57:43.473Z
69fbbf16-b311-4ac1-b289-0a33cb40af60,DH282816073,Khách lẻ tại quầy,Trọng Khánh,NV000049,9135,CASH,9135,0,0,379b Tôn Đức Thắng,COMPLETED,1,2026-08-13T13:54:42.817Z,1786629282816,2026-08-13T13:54:42.817Z
1c3ec2cc-7765-4c7b-bbe1-abb919b08aaf,DH246294439,Khách lẻ tại quầy,Trọng Khánh,NV000049,47705,CASH,47705,0,0,379b Tôn Đức Thắng,COMPLETED,2,2026-08-13T13:54:06.296Z,1786629246294,2026-08-13T13:54:06.296Z
5402e849-b8e4-452b-9492-40b06e3731e3,DH743878810,Khách lẻ tại quầy,Trọng Khánh,NV000049,41615,CASH,41615,0,0,379b Tôn Đức Thắng,COMPLETED,2,2026-08-13T13:45:43.880Z,1786628743878,2026-08-13T13:45:43.880Z
c5e23f8f-912a-4566-b9bd-a3d58f64a766,DH431019454,Khách lẻ tại quầy,Trọng Khánh,NV000049,30450,TRANSFER,0,30450,0,379b Tôn Đức Thắng,COMPLETED,3,2026-08-13T13:23:51.020Z,1786627431019,2026-08-13T13:23:51.020Z
26c782a0-6e9f-4915-b12c-81ea2d0cb4c1,DH239952368,Khách lẻ tại quầy,Trọng Khánh,NV000049,15225,TRANSFER,0,15225,0,379b Tôn Đức Thắng,COMPLETED,1,2026-08-13T13:03:59.954Z,1786626239952,2026-08-13T13:03:59.954Z
4edb6155-e187-4166-bbc2-2277bcf7f4cf,DH697667188,Khách lẻ tại quầy,Trọng Khánh,NV000049,3045,CASH,3045,0,0,379b Tôn Đức Thắng,COMPLETED,1,2026-08-13T12:54:57.669Z,1786625697667,2026-08-13T12:54:57.669Z
abc4dcb2-8b42-472e-9075-433fa5ec955c,DH003496753,Khách lẻ tại quầy,Trọng Khánh,NV000049,15225,CASH,15225,0,0,379b Tôn Đức Thắng,COMPLETED,1,2026-08-13T12:43:23.501Z,1786625003497,2026-08-13T12:43:23.501Z
ec6bba6b-d8cb-451f-848b-e16c74cfe907,DH688106132,Khách lẻ tại quầy,Trọng Khánh,NV000049,31465,CASH,31465,0,0,379b Tôn Đức Thắng,COMPLETED,2,2026-08-13T12:38:08.107Z,1786624688106,2026-08-13T12:38:08.107Z
db85a7a8-1c40-411c-a52c-2680a770d3b1,DH303541102,Khách lẻ tại quầy,Trọng Khánh,NV000049,30450,CASH,30450,0,0,379b Tôn Đức Thắng,COMPLETED,2,2026-08-13T12:31:43.542Z,1786624303541,2026-08-13T12:31:43.542Z
a7cd0c9b-c504-49bb-8a23-c7a342b64380,DH259955452,Khách lẻ tại quầy,Trọng Khánh,NV000049,42630,CASH,42630,0,0,379b Tôn Đức Thắng,COMPLETED,3,2026-08-13T12:30:59.957Z,1786624259955,2026-08-13T12:30:59.957Z
d122ca7b-b1a5-4d3c-b046-b5fda414614a,DH768482967,Khách lẻ tại quầy,Trọng Khánh,NV000049,41615,TRANSFER,0,41615,0,379b Tôn Đức Thắng,COMPLETED,2,2026-08-13T12:22:48.484Z,1786623768482,2026-08-13T12:22:48.484Z
6fa09b7c-5787-4dab-828b-d31cbe6ee38e,DH391549545,Khách lẻ tại quầy,Trọng Khánh,NV000049,32480,TRANSFER,0,32480,0,379b Tôn Đức Thắng,COMPLETED,1,2026-08-13T12:16:31.551Z,1786623391549,2026-08-13T12:16:31.551Z
8505feda-87bf-4a9e-89e9-59254738f61a,DH216268900,Khách lẻ tại quầy,Trọng Khánh,NV000049,49735,CASH,49735,0,0,379b Tôn Đức Thắng,COMPLETED,3,2026-08-13T11:56:56.270Z,1786622216268,2026-08-13T11:56:56.270Z
32e1c0fd-9e9d-4cdc-8d52-e7a0db78486f,DH980469737,Khách lẻ tại quầy,Trọng Khánh,NV000049,28420,TRANSFER,0,28420,0,379b Tôn Đức Thắng,COMPLETED,1,2026-08-13T11:53:00.470Z,1786621980469,2026-08-13T11:53:00.470Z
55340027-1903-4cd1-a75d-e182e86889fb,DH498239402,Khách lẻ tại quầy,Trọng Khánh,NV000049,36540,TRANSFER,0,36540,0,379b Tôn Đức Thắng,COMPLETED,4,2026-08-13T11:44:58.240Z,1786621498239,2026-08-13T11:44:58.240Z
c9603416-3308-452c-b162-7d0c5072a634,DH895744943,Khách lẻ tại quầy,Trọng Khánh,NV000049,24360,CASH,24360,0,0,379b Tôn Đức Thắng,COMPLETED,1,2026-08-13T11:18:15.745Z,1786619895744,2026-08-13T11:18:15.745Z
1681ace5-1466-44b2-988b-7706ecacb442,DH151327279,Khách lẻ tại quầy,Trọng Khánh,NV000049,15225,CASH,15225,0,0,379b Tôn Đức Thắng,COMPLETED,1,2026-08-13T11:05:51.329Z,1786619151327,2026-08-13T11:05:51.329Z
346e9081-07d7-41c7-8da6-c14c6743ad36,DH072092334,Khách lẻ tại quầy,Diễm Quỳnh,NV000039,0,CASH,0,0,0,379b Tôn Đức Thắng,COMPLETED,1,2026-08-13T06:21:12.199Z,1786602072092,2026-08-13T06:21:12.199Z
33da4f21-112f-497a-9b43-b85a1b076612,DH595057077,Khách lẻ tại quầy,Tuyết Vân,NV000038,60799,TRANSFER,0,"60798,5",0,379b Tôn Đức Thắng,COMPLETED,4,2026-08-12T21:03:15.059Z,1786568595057,2026-08-12T21:03:15.059Z
71a2e54b-84b2-4676-815d-86c679c915c6,DH974540496,Khách lẻ tại quầy,Tuyết Vân,NV000038,28420,TRANSFER,0,28420,0,379b Tôn Đức Thắng,COMPLETED,3,2026-08-12T20:52:54.541Z,1786567974540,2026-08-12T20:52:54.541Z
a731c561-52aa-4c1b-aca4-3374d2d64c84,DH831783044,Khách lẻ tại quầy,Tuyết Vân,NV000038,71761,CASH,"71760,5",0,0,379b Tôn Đức Thắng,COMPLETED,5,2026-08-12T20:50:31.785Z,1786567831783,2026-08-12T20:50:31.785Z
8f7f62a4-b2ad-474e-baf9-08bd66efe373,DH534736647,Khách lẻ tại quầy,Tuyết Vân,NV000038,22330,TRANSFER,0,22330,0,379b Tôn Đức Thắng,COMPLETED,1,2026-08-12T20:45:34.737Z,1786567534736,2026-08-12T20:45:34.737Z
62595e1d-0289-4575-9cdb-221fe97a484d,DH534510007,Khách lẻ tại quầy,Trung Thành,NV000046,27405,TRANSFER,0,27405,0,285 Nguyễn Lương Bằng,COMPLETED,1,2026-08-12T20:45:34.511Z,1786567534510,2026-08-12T20:45:34.511Z
e7ff1d5c-ae33-489a-aa0c-0be3b4fc32e4,DH029278272,Khách lẻ tại quầy,Tuyết Vân,NV000038,53795,TRANSFER,0,53795,0,379b Tôn Đức Thắng,COMPLETED,2,2026-08-12T20:37:09.279Z,1786567029278,2026-08-12T20:37:09.279Z
5e45ae46-73fa-499d-815a-84a8cb968272,DH121930148,Khách lẻ tại quầy,Tuyết Vân,NV000038,15225,CASH,15225,0,0,379b Tôn Đức Thắng,COMPLETED,1,2026-08-12T20:22:01.931Z,1786566121930,2026-08-12T20:22:01.931Z
10f436f8-79a7-4365-9872-2cc6f1b921ec,DH050071891,Khách lẻ tại quầy,Tuyết Vân,NV000038,15225,CASH,15225,0,0,379b Tôn Đức Thắng,COMPLETED,1,2026-08-12T20:20:50.072Z,1786566050071,2026-08-12T20:20:50.072Z
3b2c09a9-1902-48b2-b1e9-63ddcee0b3a3,DH510368376,Khách lẻ tại quầy,Trung Thành,NV000046,30450,CASH,30450,0,0,285 Nguyễn Lương Bằng,COMPLETED,2,2026-08-12T20:11:50.370Z,1786565510368,2026-08-12T20:11:50.370Z
d3deecf8-8cb8-40bf-b440-c09221b88510,DH414312431,Khách lẻ tại quầy,Trung Thành,NV000046,15225,CASH,15225,0,0,285 Nguyễn Lương Bằng,COMPLETED,1,2026-08-12T20:10:14.314Z,1786565414312,2026-08-12T20:10:14.314Z
c2636959-410d-4bcb-a36b-3648bdf7d913,DH270622312,Khách lẻ tại quầy,Tuyết Vân,NV000038,65975,CASH,65975,0,0,379b Tôn Đức Thắng,COMPLETED,1,2026-08-12T20:07:50.623Z,1786565270622,2026-08-12T20:07:50.623Z
0b30e9f2-bfc8-4ecc-b37b-f10269da5c84,DH219504492,Khách lẻ tại quầy,Tuyết Vân,NV000038,41514,CASH,"41513,5",0,0,379b Tôn Đức Thắng,COMPLETED,3,2026-08-12T19:50:19.506Z,1786564219504,2026-08-12T19:50:19.506Z
a506f2ce-da82-4969-936e-8ed94b89500c,DH140671999,Khách lẻ tại quầy,Tuyết Vân,NV000038,45675,TRANSFER,0,45675,0,379b Tôn Đức Thắng,COMPLETED,3,2026-08-12T19:49:00.672Z,1786564140671,2026-08-12T19:49:00.672Z
728f5339-6b15-4f42-867b-122227bbeac0,DH685223343,Khách lẻ tại quầy,Tuyết Vân,NV000038,65975,CASH,65975,0,0,379b Tôn Đức Thắng,COMPLETED,1,2026-08-12T19:41:25.224Z,1786563685223,2026-08-12T19:41:25.224Z
ca26e393-75a8-459b-a36f-afc75ed34543,DH444474939,Khách lẻ tại quầy,Tuyết Vân,NV000038,65975,CASH,65975,0,0,379b Tôn Đức Thắng,COMPLETED,3,2026-08-12T19:37:24.476Z,1786563444474,2026-08-12T19:37:24.476Z
f4c9e912-9685-4815-9acf-7199829d80e1,DH338405187,Khách lẻ tại quầy,Tuyết Vân,NV000038,62930,TRANSFER,0,62930,0,379b Tôn Đức Thắng,COMPLETED,5,2026-08-12T19:35:38.406Z,1786563338405,2026-08-12T19:35:38.406Z
5d479f13-2036-419a-90f8-267e493806f6,DH749777318,Khách lẻ tại quầy,Trung Thành,NV000046,5075,CASH,5075,0,0,285 Nguyễn Lương Bằng,COMPLETED,1,2026-08-12T19:25:49.780Z,1786562749777,2026-08-12T19:25:49.780Z
a3804f3a-70a8-4061-b535-3beedba9cdaf,DH632297808,Khách lẻ tại quầy,Trung Thành,NV000046,45675,CASH,45675,0,0,285 Nguyễn Lương Bằng,COMPLETED,3,2026-08-12T19:23:52.298Z,1786562632297,2026-08-12T19:23:52.298Z
a4c0c73d-261d-40c7-b70e-d3b8adec35f8,DH552935919,Khách lẻ tại quầy,Trung Thành,NV000046,15225,CASH,15225,0,0,285 Nguyễn Lương Bằng,COMPLETED,1,2026-08-12T19:22:32.936Z,1786562552935,2026-08-12T19:22:32.936Z
50322980-2cd2-4d66-a322-2417ada108d4,DH372398236,Khách lẻ tại quầy,Trung Thành,NV000046,19285,TRANSFER,0,19285,0,285 Nguyễn Lương Bằng,COMPLETED,1,2026-08-12T19:19:32.399Z,1786562372398,2026-08-12T19:19:32.399Z
8ce9fbd8-72d9-49f9-9ff2-1816ab41db5c,DH759662472,Khách lẻ tại quầy,Tuyết Vân,NV000038,65975,CASH,65975,0,0,379b Tôn Đức Thắng,COMPLETED,1,2026-08-12T19:09:19.663Z,1786561759662,2026-08-12T19:09:19.663Z
65d09ade-c1a5-43e9-aefa-4bc1b1f21fc7,DH707415325,Khách lẻ tại quầy,Trung Thành,NV000046,18270,MIXED,3000,15270,0,285 Nguyễn Lương Bằng,COMPLETED,2,2026-08-12T19:08:27.416Z,1786561707415,2026-08-12T19:08:27.416Z
020d1079-84e5-437d-b6f7-37cddf0ff4c4,DH342135093,Khách lẻ tại quầy,Tuyết Vân,NV000038,72979,TRANSFER,0,"72978,5",0,379b Tôn Đức Thắng,COMPLETED,8,2026-08-12T19:02:22.136Z,1786561342135,2026-08-12T19:02:22.136Z
e0fa0e60-a202-4fbf-b235-67f7e1b5f8d1,DH261386521,Khách lẻ tại quầy,Trung Thành,NV000046,14210,CASH,14210,0,0,285 Nguyễn Lương Bằng,COMPLETED,1,2026-08-12T19:01:01.388Z,1786561261386,2026-08-12T19:01:01.388Z
1c6538b5-0749-470a-8daa-a939510cc3a1,DH149748308,Khách lẻ tại quầy,Trung Thành,NV000046,75110,TRANSFER,0,75110,0,285 Nguyễn Lương Bằng,COMPLETED,6,2026-08-12T18:59:09.749Z,1786561149748,2026-08-12T18:59:09.749Z
0bc50221-c605-4675-8c57-1ea039810aeb,DH034141410,Khách lẻ tại quầy,Tuyết Vân,NV000038,86275,TRANSFER,0,86275,0,379b Tôn Đức Thắng,COMPLETED,4,2026-08-12T18:57:14.143Z,1786561034141,2026-08-12T18:57:14.143Z
b13cbef9-2d06-469d-9d23-4a3dc38a8a24,DH978580291,Khách lẻ tại quầy,Tuyết Vân,NV000038,15225,CASH,15225,0,0,379b Tôn Đức Thắng,COMPLETED,1,2026-08-12T18:56:18.582Z,1786560978580,2026-08-12T18:56:18.582Z
e60621e9-7dbd-48ef-a726-09ceb7985086,DH814789876,Khách lẻ tại quầy,Tuyết Vân,NV000038,168490,CASH,168490,0,0,379b Tôn Đức Thắng,COMPLETED,12,2026-08-12T18:53:34.792Z,1786560814789,2026-08-12T18:53:34.792Z
f9e846b4-5f79-46de-bb4c-d141372c85fd,DH808606160,Khách lẻ tại quầy,Trung Thành,NV000046,15225,CASH,15225,0,0,285 Nguyễn Lương Bằng,COMPLETED,1,2026-08-12T18:53:28.608Z,1786560808606,2026-08-12T18:53:28.608Z
a300c1f5-da94-45d7-b801-6bb820edc4db,DH639819899,Khách lẻ tại quầy,Tuyết Vân,NV000038,18270,CASH,18270,0,0,379b Tôn Đức Thắng,COMPLETED,2,2026-08-12T18:50:39.820Z,1786560639819,2026-08-12T18:50:39.820Z
243ca147-04cc-402a-a264-48fa7d84e946,DH560199148,Khách lẻ tại quầy,Trung Thành,NV000046,18270,TRANSFER,0,18270,0,285 Nguyễn Lương Bằng,COMPLETED,6,2026-08-12T18:49:20.200Z,1786560560199,2026-08-12T18:49:20.200Z
ac773c61-2531-4d92-8681-25748396859c,DH531787230,Khách lẻ tại quầy,Tuyết Vân,NV000038,84245,TRANSFER,0,84245,0,379b Tôn Đức Thắng,COMPLETED,5,2026-08-12T18:48:51.788Z,1786560531787,2026-08-12T18:48:51.788Z
29f65e54-8127-4a59-a874-cedee6929b71,DH399949600,Khách lẻ tại quầy,Trung Thành,NV000046,18270,TRANSFER,0,18270,0,285 Nguyễn Lương Bằng,COMPLETED,2,2026-08-12T18:46:39.950Z,1786560399949,2026-08-12T18:46:39.950Z
22600820-a8ac-4687-91ff-b190369be3e8,DH383739757,Khách lẻ tại quầy,Tuyết Vân,NV000038,32480,TRANSFER,0,32480,0,379b Tôn Đức Thắng,COMPLETED,2,2026-08-12T18:46:23.740Z,1786560383739,2026-08-12T18:46:23.740Z
2736040d-d6ba-4d26-a896-9dfc5281d3a9,DH357716662,Khách lẻ tại quầy,Tuyết Vân,NV000038,34510,TRANSFER,0,34510,0,379b Tôn Đức Thắng,COMPLETED,3,2026-08-12T18:45:57.718Z,1786560357716,2026-08-12T18:45:57.718Z
7fdd647d-9363-4b38-bca7-a47ef58f5d35,DH322709255,Khách lẻ tại quầy,Trung Thành,NV000046,14210,CASH,14210,0,0,285 Nguyễn Lương Bằng,COMPLETED,1,2026-08-12T18:45:22.711Z,1786560322709,2026-08-12T18:45:22.711Z
74f39f47-fd82-4472-b443-a0a66c6127d1,DH295217857,Khách lẻ tại quầy,Tuyết Vân,NV000038,29435,TRANSFER,0,29435,0,379b Tôn Đức Thắng,COMPLETED,3,2026-08-12T18:44:55.218Z,1786560295217,2026-08-12T18:44:55.218Z
a5b6b23a-d117-4581-b284-24db6e0eab53,DH216327349,Khách lẻ tại quầy,Tuyết Vân,NV000038,42630,TRANSFER,0,42630,0,379b Tôn Đức Thắng,COMPLETED,2,2026-08-12T18:43:36.328Z,1786560216327,2026-08-12T18:43:36.328Z
63089396-25b5-4b60-b0dc-8aa27ed66f3a,DH175188059,Khách lẻ tại quầy,Tuyết Vân,NV000038,30450,TRANSFER,0,30450,0,379b Tôn Đức Thắng,COMPLETED,2,2026-08-12T18:42:55.189Z,1786560175188,2026-08-12T18:42:55.189Z
13245677-8964-44ed-b6e3-8f2812d4e953,DH010547192,Khách lẻ tại quầy,Tuyết Vân,NV000038,65975,CASH,65975,0,0,379b Tôn Đức Thắng,COMPLETED,1,2026-08-12T18:40:10.548Z,1786560010547,2026-08-12T18:40:10.548Z
0cfe4df7-cdc0-43f0-9d8f-3d920b888b23,DH935375350,Khách lẻ tại quầy,Trung Thành,NV000046,34510,TRANSFER,0,34510,0,285 Nguyễn Lương Bằng,COMPLETED,2,2026-08-12T18:38:55.377Z,1786559935375,2026-08-12T18:38:55.377Z
6158f754-e7ac-46c0-8476-19cc942e7bb4,DH898962408,Khách lẻ tại quầy,Trung Thành,NV000046,60900,TRANSFER,0,60900,0,285 Nguyễn Lương Bằng,COMPLETED,3,2026-08-12T18:38:18.963Z,1786559898962,2026-08-12T18:38:18.963Z
1506ab1d-f97d-4f2b-9539-dfa6848fb52d,DH872533501,Khách lẻ tại quầy,Trung Thành,NV000046,55825,TRANSFER,0,55825,0,285 Nguyễn Lương Bằng,COMPLETED,5,2026-08-12T18:37:52.535Z,1786559872533,2026-08-12T18:37:52.535Z
059039a3-2b76-48ce-b13e-969ed5860c40,DH750317687,Khách lẻ tại quầy,Trung Thành,NV000046,60900,TRANSFER,0,60900,0,285 Nguyễn Lương Bằng,COMPLETED,4,2026-08-12T18:35:50.318Z,1786559750317,2026-08-12T18:35:50.318Z
3befd292-b3a9-4fe1-a273-11446b0955a8,DH710445340,Khách lẻ tại quầy,Trung Thành,NV000046,180670,CASH,180670,0,0,285 Nguyễn Lương Bằng,COMPLETED,12,2026-08-12T18:35:10.447Z,1786559710445,2026-08-12T18:35:10.447Z
34a53194-c4f8-444e-9e9c-3658f67b3a76,DH646328609,Khách lẻ tại quầy,Tuyết Vân,NV000038,35525,CASH,35525,0,0,379b Tôn Đức Thắng,COMPLETED,4,2026-08-12T18:34:06.330Z,1786559646328,2026-08-12T18:34:06.330Z
45e0836f-ef9d-4c8b-8f73-f9dc6b6d648d,DH504569488,Khách lẻ tại quầy,Tuyết Vân,NV000038,165445,CASH,165445,0,0,379b Tôn Đức Thắng,COMPLETED,7,2026-08-12T18:31:44.571Z,1786559504570,2026-08-12T18:31:44.571Z
3d9d8dd0-e6d0-469b-bace-db7c3074ab7f,DH337725142,Khách lẻ tại quầy,Tuyết Vân,NV000038,156006,TRANSFER,0,"156005,5",0,379b Tôn Đức Thắng,COMPLETED,12,2026-08-12T18:28:57.875Z,1786559337725,2026-08-12T18:28:57.875Z
ea361268-84cb-4c80-b27e-6b2608f5941a,DH232492585,Khách lẻ tại quầy,Tuyết Vân,NV000038,15225,TRANSFER,0,15225,0,379b Tôn Đức Thắng,COMPLETED,1,2026-08-12T18:27:12.494Z,1786559232492,2026-08-12T18:27:12.494Z
1be3442f-bf62-48ec-a9bb-abcea131d914,DH199988126,Khách lẻ tại quầy,Tuyết Vân,NV000038,14210,CASH,14210,0,0,379b Tôn Đức Thắng,COMPLETED,1,2026-08-12T18:26:39.990Z,1786559199988,2026-08-12T18:26:39.990Z
2cdc9378-e985-4c9c-8549-b852f6809857,DH173653610,Khách lẻ tại quầy,Tuyết Vân,NV000038,15225,CASH,15225,0,0,379b Tôn Đức Thắng,COMPLETED,1,2026-08-12T18:26:13.654Z,1786559173653,2026-08-12T18:26:13.654Z
a0f9f10a-350a-48df-a842-84a7ae0d6b32,DH152612114,Khách lẻ tại quầy,Tuyết Vân,NV000038,108605,TRANSFER,0,108605,0,379b Tôn Đức Thắng,COMPLETED,9,2026-08-12T18:25:52.614Z,1786559152612,2026-08-12T18:25:52.614Z
51c14846-6fdb-4a7a-889c-6499275270f9,DH837747289,Khách lẻ tại quầy,Trung Thành,NV000046,74095,TRANSFER,0,74095,0,285 Nguyễn Lương Bằng,COMPLETED,5,2026-08-12T18:20:37.749Z,1786558837747,2026-08-12T18:20:37.749Z
1557b407-4cc7-4470-a1b6-bb220e6cba50,DH754582547,Khách lẻ tại quầy,Tuyết Vân,NV000038,18270,CASH,18270,0,0,379b Tôn Đức Thắng,COMPLETED,2,2026-08-12T18:19:14.585Z,1786558754583,2026-08-12T18:19:14.585Z
b569d7d6-5b6d-4e0a-a447-107a8537ccca,DH736367598,Khách lẻ tại quầy,Trung Thành,NV000046,15225,TRANSFER,0,15225,0,285 Nguyễn Lương Bằng,COMPLETED,1,2026-08-12T18:18:56.370Z,1786558736367,2026-08-12T18:18:56.370Z
bfb3040d-9808-4abe-83c5-5e83762d0a93,DH695424473,Khách lẻ tại quầy,Tuyết Vân,NV000038,42630,TRANSFER,0,42630,0,379b Tôn Đức Thắng,COMPLETED,3,2026-08-12T18:18:15.426Z,1786558695424,2026-08-12T18:18:15.426Z
d8b4bc6c-294f-41eb-a72d-c35b5332beb2,DH674558365,Khách lẻ tại quầy,Trung Thành,NV000046,15225,TRANSFER,0,15225,0,285 Nguyễn Lương Bằng,COMPLETED,1,2026-08-12T18:17:54.561Z,1786558674559,2026-08-12T18:17:54.561Z
2eace566-d324-484b-9e13-06dd28b208d2,DH656517329,Khách lẻ tại quầy,Tuyết Vân,NV000038,30450,TRANSFER,0,30450,0,379b Tôn Đức Thắng,COMPLETED,2,2026-08-12T18:17:36.519Z,1786558656517,2026-08-12T18:17:36.519Z
d5867f4c-376c-4352-a0d7-151fce161b51,DH623304832,Khách lẻ tại quầy,Tuyết Vân,NV000038,15225,TRANSFER,0,15225,0,379b Tôn Đức Thắng,COMPLETED,1,2026-08-12T18:17:03.308Z,1786558623304,2026-08-12T18:17:03.308Z
2173d984-1ecb-4d29-8770-4ca1930c199d,DH421981791,Khách lẻ tại quầy,Tuyết Vân,NV000038,81200,TRANSFER,0,81200,0,379b Tôn Đức Thắng,COMPLETED,6,2026-08-12T16:17:01.982Z,1786551421981,2026-08-12T16:17:01.982Z
73f57eaf-4b37-447f-ada2-9e597905e0f4,DH135400048,Khách lẻ tại quầy,Trung Thành,NV000046,62930,TRANSFER,0,62930,0,285 Nguyễn Lương Bằng,COMPLETED,3,2026-08-12T16:12:15.401Z,1786551135400,2026-08-12T16:12:15.401Z
db5837db-29f6-4a6a-a56d-67d27179fcda,DH615061627,Khách lẻ tại quầy,Tuyết Vân,NV000038,65975,TRANSFER,0,65975,0,379b Tôn Đức Thắng,COMPLETED,5,2026-08-12T16:03:35.062Z,1786550615061,2026-08-12T16:03:35.062Z
0be9ed8e-efd5-4f47-9716-0ba1d1c5a620,DH288932068,Khách lẻ tại quầy,Minh Trúc,NV000041,46690,TRANSFER,0,46690,0,285 Nguyễn Lương Bằng,COMPLETED,2,2026-08-12T15:58:08.933Z,1786550288932,2026-08-12T15:58:08.933Z
badde770-5f82-48c6-a984-6fb8c4bd4220,DH286519945,Khách lẻ tại quầy,Trọng Khánh,NV000049,52780,CASH,52780,0,0,379b Tôn Đức Thắng,COMPLETED,4,2026-08-12T15:58:06.520Z,1786550286519,2026-08-12T15:58:06.520Z
a24ffc7f-871f-46bd-8a31-bb4d64ea54c4,DH248985563,Khách lẻ tại quầy,Minh Trúc,NV000041,50750,TRANSFER,0,50750,0,285 Nguyễn Lương Bằng,COMPLETED,3,2026-08-12T15:57:28.987Z,1786550248986,2026-08-12T15:57:28.987Z
913303da-3e92-4aac-8892-d85150e3ec6e,DH811809361,Khách lẻ tại quầy,Minh Trúc,NV000041,137025,TRANSFER,0,137025,0,285 Nguyễn Lương Bằng,COMPLETED,11,2026-08-12T15:50:12.037Z,1786549811809,2026-08-12T15:50:12.037Z
052af23b-18e2-4804-aefe-13ae058ac59e,DH598990289,Khách lẻ tại quầy,Minh Trúc,NV000041,30450,TRANSFER,0,30450,0,285 Nguyễn Lương Bằng,COMPLETED,2,2026-08-12T15:29:58.991Z,1786548598990,2026-08-12T15:29:58.991Z
72ac9b3e-50e2-4b1a-ac08-59d96970742a,DH099515715,Khách lẻ tại quầy,Minh Trúc,NV000041,15225,TRANSFER,0,15225,0,285 Nguyễn Lương Bằng,COMPLETED,1,2026-08-12T15:21:39.518Z,1786548099515,2026-08-12T15:21:39.518Z
ee9afe6d-3bed-42f2-a890-fdb63f7fb2a0,DH686120833,Khách lẻ tại quầy,Minh Trúc,NV000041,3045,CASH,3045,0,0,285 Nguyễn Lương Bằng,COMPLETED,1,2026-08-12T15:14:46.122Z,1786547686120,2026-08-12T15:14:46.122Z
7cd0fa10-398a-443c-896a-4f87511e723e,DH585948611,Khách lẻ tại quầy,Minh Trúc,NV000041,18270,TRANSFER,0,18270,0,285 Nguyễn Lương Bằng,COMPLETED,2,2026-08-12T15:13:05.949Z,1786547585948,2026-08-12T15:13:05.949Z
1bcc0603-8bba-46c9-b4e4-7bab7790dec0,DH531010974,Khách lẻ tại quầy,Minh Trúc,NV000041,117740,TRANSFER,0,117740,0,285 Nguyễn Lương Bằng,COMPLETED,8,2026-08-12T15:12:11.011Z,1786547531010,2026-08-12T15:12:11.011Z
44b5088e-6ec7-4665-b4da-e4a2a8d1c66d,DH296212489,Khách lẻ tại quầy,Trọng Khánh,NV000049,48720,CASH,48720,0,0,379b Tôn Đức Thắng,COMPLETED,4,2026-08-12T15:08:16.214Z,1786547296213,2026-08-12T15:08:16.214Z
b1551c05-45b2-4ddb-bf56-9418ade0b4b5,DH980810560,Khách lẻ tại quầy,Trọng Khánh,NV000049,66990,TRANSFER,0,66990,0,379b Tôn Đức Thắng,COMPLETED,3,2026-08-12T15:03:00.811Z,1786546980810,2026-08-12T15:03:00.811Z
9c77d01c-a58c-4a31-872e-0c5d4cf23f93,DH537817923,Khách lẻ tại quầy,Trọng Khánh,NV000049,31465,TRANSFER,0,31465,0,379b Tôn Đức Thắng,COMPLETED,3,2026-08-12T14:55:37.820Z,1786546537817,2026-08-12T14:55:37.820Z
cd5fcd87-6977-4b2c-a9eb-f23d4bf6ae76,DH382447866,Khách lẻ tại quầy,Trọng Khánh,NV000049,15225,TRANSFER,0,15225,0,379b Tôn Đức Thắng,COMPLETED,1,2026-08-12T14:36:22.448Z,1786545382447,2026-08-12T14:36:22.448Z
625d2372-b9a1-4a5e-9837-910ad78b6183,DH213949344,Khách lẻ tại quầy,Trọng Khánh,NV000049,15225,TRANSFER,0,15225,0,379b Tôn Đức Thắng,COMPLETED,1,2026-08-12T14:33:33.951Z,1786545213950,2026-08-12T14:33:33.951Z
c8a170d5-324c-41d0-a05a-782d6e1c80c9,DH043085523,Khách lẻ tại quầy,Trọng Khánh,NV000049,35525,TRANSFER,0,35525,0,379b Tôn Đức Thắng,COMPLETED,4,2026-08-12T14:30:43.087Z,1786545043085,2026-08-12T14:30:43.087Z
2d0fdcc7-b1f2-4cf2-bb75-a964f0d0f1ae,DH499257807,Khách lẻ tại quầy,Trọng Khánh,NV000049,6090,TRANSFER,0,6090,0,379b Tôn Đức Thắng,COMPLETED,2,2026-08-12T14:21:39.258Z,1786544499257,2026-08-12T14:21:39.258Z
029ccd24-aec9-4c7f-a31e-3de533ca09b5,DH457227631,Khách lẻ tại quầy,Trọng Khánh,NV000049,31465,TRANSFER,0,31465,0,379b Tôn Đức Thắng,COMPLETED,3,2026-08-12T14:20:57.230Z,1786544457227,2026-08-12T14:20:57.230Z
e4408702-ec00-47e7-9506-b3651e77b09c,DH448853858,Khách lẻ tại quầy,Trọng Khánh,NV000049,51765,TRANSFER,0,51765,0,379b Tôn Đức Thắng,COMPLETED,3,2026-08-12T14:20:48.855Z,1786544448853,2026-08-12T14:20:48.855Z
6d84f54c-3761-4c26-81dd-bbee3950d473,DH103334091,Khách lẻ tại quầy,Trọng Khánh,NV000049,27405,TRANSFER,0,27405,0,379b Tôn Đức Thắng,COMPLETED,1,2026-08-12T14:15:03.336Z,1786544103334,2026-08-12T14:15:03.336Z
52e4cd48-896d-4f8b-8c0d-9a81072e4b51,DH684247277,Khách lẻ tại quầy,Trọng Khánh,NV000049,33495,CASH,33495,0,0,379b Tôn Đức Thắng,COMPLETED,3,2026-08-12T14:08:04.249Z,1786543684247,2026-08-12T14:08:04.249Z
b185c81b-f788-474a-9f06-75f44b81a3b9,DH237628060,Khách lẻ tại quầy,Minh Trúc,NV000041,36540,CASH,36540,0,0,285 Nguyễn Lương Bằng,COMPLETED,4,2026-08-12T14:00:37.630Z,1786543237628,2026-08-12T14:00:37.630Z
244bc32b-246c-4506-a7d8-62f6a470c03f,DH943952308,Khách lẻ tại quầy,Trọng Khánh,NV000049,57855,TRANSFER,0,57855,0,379b Tôn Đức Thắng,COMPLETED,6,2026-08-12T13:55:43.955Z,1786542943952,2026-08-12T13:55:43.955Z
d96a4a36-b3aa-4e56-b875-030c665cb971,DH626669839,Khách lẻ tại quầy,Trọng Khánh,NV000049,88305,TRANSFER,0,88305,0,379b Tôn Đức Thắng,COMPLETED,4,2026-08-12T13:50:26.673Z,1786542626669,2026-08-12T13:50:26.673Z
a640bac5-0136-4504-9698-3f792a770185,DH492726345,Khách lẻ tại quầy,Minh Trúc,NV000041,14109,TRANSFER,0,"14108,5",0,285 Nguyễn Lương Bằng,COMPLETED,3,2026-08-12T13:48:12.730Z,1786542492726,2026-08-12T13:48:12.730Z
058c839a-9950-4d59-a72f-42e110c8750a,DH347982658,Khách lẻ tại quầy,Trọng Khánh,NV000049,79170,TRANSFER,0,79170,0,379b Tôn Đức Thắng,COMPLETED,5,2026-08-12T13:12:27.983Z,1786540347982,2026-08-12T13:12:27.983Z
9ac59335-2eb9-4e0e-b298-4182e4610a06,DH592744078,Khách lẻ tại quầy,Trọng Khánh,NV000049,14210,TRANSFER,0,14210,0,379b Tôn Đức Thắng,COMPLETED,1,2026-08-12T12:59:52.747Z,1786539592745,2026-08-12T12:59:52.747Z
b5a7ae46-5626-4ab8-947e-5cb64250ccb0,DH510435404,Khách lẻ tại quầy,Minh Trúc,NV000041,33495,TRANSFER,0,33495,0,285 Nguyễn Lương Bằng,COMPLETED,3,2026-08-12T12:58:30.437Z,1786539510435,2026-08-12T12:58:30.437Z
0b48587a-2bf2-4591-b7ba-00d3341f5140,DH398898488,Khách lẻ tại quầy,Trọng Khánh,NV000049,33495,TRANSFER,0,33495,0,379b Tôn Đức Thắng,COMPLETED,2,2026-08-12T12:56:38.899Z,1786539398898,2026-08-12T12:56:38.899Z
edc102e8-9149-4b7a-ab74-cf8fdc635cad,DH293799624,Khách lẻ tại quầy,Trọng Khánh,NV000049,27405,TRANSFER,0,27405,0,379b Tôn Đức Thắng,COMPLETED,2,2026-08-12T12:54:53.802Z,1786539293800,2026-08-12T12:54:53.802Z
34712b88-53d2-4d9a-815a-889ef72a5e76,DH246635728,Khách lẻ tại quầy,Trọng Khánh,NV000049,34510,CASH,34510,0,0,379b Tôn Đức Thắng,COMPLETED,2,2026-08-12T12:54:06.637Z,1786539246635,2026-08-12T12:54:06.637Z
e4284518-ed2b-4e7c-9d64-6276227aeb10,DH207401518,Khách lẻ tại quầy,Trọng Khánh,NV000049,15225,TRANSFER,0,15225,0,379b Tôn Đức Thắng,COMPLETED,1,2026-08-12T12:53:27.404Z,1786539207401,2026-08-12T12:53:27.404Z
68322e4b-f493-46d8-a3ba-19a803712846,DH187411877,Khách lẻ tại quầy,Trọng Khánh,NV000049,15225,TRANSFER,0,15225,0,379b Tôn Đức Thắng,COMPLETED,1,2026-08-12T12:53:07.412Z,1786539187411,2026-08-12T12:53:07.412Z
1ee0a574-a776-4997-b6d2-923f20a0e81d,DH074244052,Khách lẻ tại quầy,Minh Trúc,NV000041,73080,TRANSFER,0,73080,0,285 Nguyễn Lương Bằng,COMPLETED,8,2026-08-12T12:51:14.246Z,1786539074244,2026-08-12T12:51:14.246Z
4fd25293-2eb5-444c-a278-dfcdc4142b3e,DH614565433,Khách lẻ tại quầy,Trọng Khánh,NV000049,45675,TRANSFER,0,45675,0,379b Tôn Đức Thắng,COMPLETED,3,2026-08-12T12:10:14.568Z,1786536614565,2026-08-12T12:10:14.568Z
38944556-93c2-4fe4-93fa-4d3a699c9793,DH862352581,Khách lẻ tại quầy,Nguyễn Uyên,NV000051,16240,TRANSFER,0,16240,0,285 Nguyễn Lương Bằng,COMPLETED,1,2026-08-12T08:21:02.354Z,1786522862352,2026-08-12T08:21:02.354Z
88b53cad-5f77-4596-8e22-665db681a56d,DH821372366,Khách lẻ tại quầy,Diễm Quỳnh,NV000039,31465,CASH,31465,0,0,379b Tôn Đức Thắng,COMPLETED,2,2026-08-12T08:20:21.374Z,1786522821372,2026-08-12T08:20:21.374Z
f3737bdd-6557-474f-8b1d-5bd2f5095c7d,DH952055072,Khách lẻ tại quầy,Nguyễn Uyên,NV000051,3045,CASH,3045,0,0,285 Nguyễn Lương Bằng,COMPLETED,1,2026-08-12T08:05:52.058Z,1786521952055,2026-08-12T08:05:52.058Z
7124986f-bc76-43cf-91f3-bd30b4af7cac,DH336329233,Khách lẻ tại quầy,Diễm Quỳnh,NV000039,28420,CASH,28420,0,0,379b Tôn Đức Thắng,COMPLETED,1,2026-08-12T06:32:16.330Z,1786516336329,2026-08-12T06:32:16.330Z
794a9177-dbfe-43df-b5e7-159ba85af1b4,DH804917538,Khách lẻ tại quầy,Diễm Quỳnh,NV000039,15225,CASH,15225,0,0,379b Tôn Đức Thắng,COMPLETED,1,2026-08-12T05:16:44.918Z,1786511804917,2026-08-12T05:16:44.918Z
f9295a62-5d2b-4356-b844-a8637437188d,DH667253298,Khách lẻ tại quầy,Lệ Quyên,NV000036,13195,CASH,13195,0,0,379b Tôn Đức Thắng,COMPLETED,1,2026-08-12T04:24:27.256Z,1786508667253,2026-08-12T04:24:27.256Z
a9a19c49-4785-4c99-9131-73919e795cf1,DH002402070,Khách lẻ tại quầy,Lệ Quyên,NV000036,130935,CASH,130935,0,0,379b Tôn Đức Thắng,COMPLETED,6,2026-08-12T02:50:02.823Z,1786503002402,2026-08-12T02:50:02.823Z
914afa5b-9799-4655-ad35-87cbf677d53c,DH742757793,Khách lẻ tại quầy,Khánh Hoàng,NV000021,1,CASH,"0,5",0,0,379b Tôn Đức Thắng,COMPLETED,1,2026-08-11T21:45:42.760Z,1786484742757,2026-08-11T21:45:42.760Z
e2fa63af-9ee1-4ca4-bad6-69d4a50e3104,DH914231150,Khách lẻ tại quầy,Khánh Hoàng,NV000021,48720,TRANSFER,0,48720,0,379b Tôn Đức Thắng,COMPLETED,3,2026-08-11T20:41:54.233Z,1786480914231,2026-08-11T20:41:54.233Z
5e87626e-1095-482e-add2-25ef5fb5a509,DH711753719,Khách lẻ tại quầy,Khánh Hoàng,NV000021,65975,CASH,65975,0,0,379b Tôn Đức Thắng,COMPLETED,1,2026-08-11T20:05:11.754Z,1786478711753,2026-08-11T20:05:11.754Z
046d28d6-908e-4f28-864a-7100a5fbf01d,DH565411995,Khách lẻ tại quầy,Khánh Hoàng,NV000021,199955,TRANSFER,0,199955,0,379b Tôn Đức Thắng,COMPLETED,11,2026-08-11T20:02:45.412Z,1786478565411,2026-08-11T20:02:45.412Z
3f8c2c6d-07aa-4b02-ac95-297c437a9071,DH151983266,Khách lẻ tại quầy,Khánh Hoàng,NV000021,114695,TRANSFER,0,114695,0,379b Tôn Đức Thắng,COMPLETED,9,2026-08-11T19:55:51.984Z,1786478151983,2026-08-11T19:55:51.984Z
cb84ffbe-ad3a-4756-b740-0057b78116d3,DH425544516,Khách lẻ tại quầy,Khánh Hoàng,NV000021,27405,CASH,27405,0,0,379b Tôn Đức Thắng,COMPLETED,2,2026-08-11T19:27:05.546Z,1786476425544,2026-08-11T19:27:05.546Z
e3beef34-f151-4f7e-977c-20d7fc39f24e,DH408310145,Khách lẻ tại quầy,Khánh Hoàng,NV000021,48720,TRANSFER,0,48720,0,379b Tôn Đức Thắng,COMPLETED,4,2026-08-11T19:26:48.312Z,1786476408310,2026-08-11T19:26:48.312Z
49ef1a70-1b33-4e44-8c7a-4bba0086902b,DH399746553,Khách lẻ tại quầy,Khánh Hoàng,NV000021,57855,TRANSFER,0,57855,0,379b Tôn Đức Thắng,COMPLETED,4,2026-08-11T19:26:39.748Z,1786476399746,2026-08-11T19:26:39.748Z
1cdcace4-91e4-4717-89e0-50e2af130306,DH477050334,Khách lẻ tại quầy,Khánh Hoàng,NV000021,33495,CASH,33495,0,0,379b Tôn Đức Thắng,COMPLETED,3,2026-08-11T19:11:17.051Z,1786475477050,2026-08-11T19:11:17.051Z
2260ad2f-4c5e-4db2-9c70-2d98649198fa,DH709725931,Khách lẻ tại quầy,Khánh Hoàng,NV000021,30450,CASH,30450,0,0,379b Tôn Đức Thắng,COMPLETED,2,2026-08-11T18:08:29.727Z,1786471709725,2026-08-11T18:08:29.727Z
916f4d4d-5567-4271-af08-645a573ae955,DH901914813,Khách lẻ tại quầy,Khánh Hoàng,NV000021,34510,TRANSFER,0,34510,0,379b Tôn Đức Thắng,COMPLETED,2,2026-08-11T17:55:01.915Z,1786470901914,2026-08-11T17:55:01.915Z
b3aa0a6c-ae35-40d9-adea-625c8a9e59db,DH516958293,Khách lẻ tại quầy,Khánh Hoàng,NV000021,123424,TRANSFER,0,123424,0,379b Tôn Đức Thắng,COMPLETED,9,2026-08-11T17:48:36.959Z,1786470516958,2026-08-11T17:48:36.959Z
2f3304a3-e94a-4f96-8ef4-31e5bfccddad,DH332491027,Khách lẻ tại quầy,Khánh Hoàng,NV000021,27405,TRANSFER,0,27405,0,379b Tôn Đức Thắng,COMPLETED,2,2026-08-11T17:45:32.493Z,1786470332491,2026-08-11T17:45:32.493Z
4708ad8a-3b39-4685-bb56-9224fa3f646b,DH327415165,Khách lẻ tại quầy,Khánh Hoàng,NV000021,30450,CASH,30450,0,0,379b Tôn Đức Thắng,COMPLETED,2,2026-08-11T17:28:47.417Z,1786469327415,2026-08-11T17:28:47.417Z
a9fbda7f-0241-458a-b3ed-bfdd8dae5e2c,DH937550605,Khách lẻ tại quầy,Khánh Hoàng,NV000021,104545,CASH,104545,0,0,379b Tôn Đức Thắng,COMPLETED,5,2026-08-11T17:05:37.551Z,1786467937550,2026-08-11T17:05:37.551Z
16b5f323-6962-480d-99df-aa9af77c0643,DH443577253,Khách lẻ tại quầy,Khánh Hoàng,NV000021,15225,TRANSFER,0,15225,0,379b Tôn Đức Thắng,COMPLETED,1,2026-08-11T16:24:03.579Z,1786465443577,2026-08-11T16:24:03.579Z
62fecbb1-1f0d-4ad2-8b89-ec7a04fcdf3a,DH324463981,Khách lẻ tại quầy,Lan Nhi,NV000037,43645,TRANSFER,0,43645,0,379b Tôn Đức Thắng,COMPLETED,4,2026-08-11T15:48:44.465Z,1786463324463,2026-08-11T15:48:44.465Z
ff5a84dc-b0a5-428e-95d0-66239fa1bb08,DH882335687,Khách lẻ tại quầy,Lan Nhi,NV000037,18270,TRANSFER,0,18270,0,379b Tôn Đức Thắng,COMPLETED,2,2026-08-11T15:41:22.337Z,1786462882335,2026-08-11T15:41:22.337Z
72e96ae0-29e3-4f57-9887-325c53fd0528,DH850221751,Khách lẻ tại quầy,Lan Nhi,NV000037,15225,CASH,15225,0,0,379b Tôn Đức Thắng,COMPLETED,1,2026-08-11T15:40:50.222Z,1786462850221,2026-08-11T15:40:50.222Z
c20368ca-42b6-4bc6-b89e-112e67f0c7a7,DH485656952,Khách lẻ tại quầy,Lan Nhi,NV000037,36540,TRANSFER,0,36540,0,379b Tôn Đức Thắng,COMPLETED,3,2026-08-11T15:34:45.657Z,1786462485656,2026-08-11T15:34:45.657Z
33d6ed3f-a69d-437e-8930-8ae85183a4a9,DH361870994,Khách lẻ tại quầy,Lan Nhi,NV000037,18270,TRANSFER,0,18270,0,379b Tôn Đức Thắng,COMPLETED,2,2026-08-11T15:32:41.872Z,1786462361870,2026-08-11T15:32:41.872Z
dba7f54a-dc4e-411c-a905-5f7be79b263f,DH961210006,Khách lẻ tại quầy,Nguyễn Uyên,NV322,20300,TRANSFER,0,20300,0,285 Nguyễn Lương Bằng,COMPLETED,1,2026-08-11T15:26:01.211Z,1786461961210,2026-08-11T15:26:01.211Z
5f773efb-4a90-4551-8835-0f2b209b943f,DH633514114,Khách lẻ tại quầy,Nguyễn Uyên,NV322,75110,TRANSFER,0,75110,0,285 Nguyễn Lương Bằng,COMPLETED,6,2026-08-11T15:20:33.517Z,1786461633514,2026-08-11T15:20:33.517Z
af7d6d0f-c5b2-4df8-98c0-67a3edb3a4ad,DH613636006,Khách lẻ tại quầy,Lan Nhi,NV000037,31465,TRANSFER,0,31465,0,379b Tôn Đức Thắng,COMPLETED,1,2026-08-11T15:03:33.638Z,1786460613636,2026-08-11T15:03:33.638Z
91352c6f-dc85-4314-9b04-757281328040,DH069279760,Khách lẻ tại quầy,Lan Nhi,NV000037,22330,CASH,22330,0,0,379b Tôn Đức Thắng,COMPLETED,2,2026-08-11T14:54:29.280Z,1786460069279,2026-08-11T14:54:29.280Z
5e7848ef-69b9-4943-8f7d-0ea78d726cf1,DH031690026,Khách lẻ tại quầy,Lan Nhi,NV000037,60900,TRANSFER,0,60900,0,379b Tôn Đức Thắng,COMPLETED,3,2026-08-11T14:53:51.692Z,1786460031690,2026-08-11T14:53:51.692Z
2e38df9d-4c12-4a89-93a0-d2001100fa78,DH590943399,Khách lẻ tại quầy,Lan Nhi,NV000037,119770,TRANSFER,0,119770,0,379b Tôn Đức Thắng,COMPLETED,10,2026-08-11T14:46:30.946Z,1786459590943,2026-08-11T14:46:30.946Z
bd4855f3-c04e-4e4e-b0c1-7c2d68a6ed40,DH113329662,Khách lẻ tại quầy,Lan Nhi,NV000037,15225,CASH,15225,0,0,379b Tôn Đức Thắng,COMPLETED,1,2026-08-11T14:38:33.331Z,1786459113329,2026-08-11T14:38:33.331Z
e019a116-af0e-4e7e-a620-aaa572648c35,DH919499535,Khách lẻ tại quầy,Lan Nhi,NV000037,15225,CASH,15225,0,0,379b Tôn Đức Thắng,COMPLETED,1,2026-08-11T14:35:19.500Z,1786458919499,2026-08-11T14:35:19.500Z
c5969afa-249c-4877-b27c-5dc62b62389e,DH911768156,Khách lẻ tại quầy,Lan Nhi,NV000037,15225,TRANSFER,0,15225,0,379b Tôn Đức Thắng,COMPLETED,1,2026-08-11T14:35:11.769Z,1786458911768,2026-08-11T14:35:11.769Z
c69812d3-d909-43a8-bc54-5f497912ba9e,DH813026466,Khách lẻ tại quầy,Lan Nhi,NV000037,17255,TRANSFER,0,17255,0,379b Tôn Đức Thắng,COMPLETED,2,2026-08-11T14:33:33.027Z,1786458813026,2026-08-11T14:33:33.027Z
c2a628c2-59d2-46c8-aa51-cf8897cac14f,DH639810953,Khách lẻ tại quầy,Lan Nhi,NV000037,54810,TRANSFER,0,54810,0,379b Tôn Đức Thắng,COMPLETED,6,2026-08-11T14:30:39.813Z,1786458639810,2026-08-11T14:30:39.813Z
082f6f16-7b48-4ee1-9ef3-aa4b8d31481a,DH460399053,Khách lẻ tại quầy,Lan Nhi,NV000037,48720,CASH,48720,0,0,379b Tôn Đức Thắng,COMPLETED,2,2026-08-11T14:27:40.401Z,1786458460399,2026-08-11T14:27:40.401Z
6f9afc07-145a-451a-957d-fd61c51a5394,DH342181732,Khách lẻ tại quầy,Lan Nhi,NV000037,19184,TRANSFER,0,"19183,5",0,379b Tôn Đức Thắng,COMPLETED,1,2026-08-11T14:25:42.182Z,1786458342181,2026-08-11T14:25:42.182Z
871326d8-0255-4160-bf3a-b34e46bc57a2,DH017125518,Khách lẻ tại quầy,Lan Nhi,NV000037,25375,CASH,25375,0,0,379b Tôn Đức Thắng,COMPLETED,1,2026-08-11T14:20:17.128Z,1786458017125,2026-08-11T14:20:17.128Z
4ecf76eb-bc42-4a7d-8877-2f34a48bb547,DH709659157,Khách lẻ tại quầy,Lan Nhi,NV000037,14210,TRANSFER,0,14210,0,379b Tôn Đức Thắng,COMPLETED,1,2026-08-11T14:15:09.660Z,1786457709659,2026-08-11T14:15:09.660Z
811e63a7-9563-44b5-a95b-acbd29556ea6,DH590948064,Khách lẻ tại quầy,Lan Nhi,NV000037,14210,TRANSFER,0,14210,0,379b Tôn Đức Thắng,COMPLETED,1,2026-08-11T14:13:10.949Z,1786457590948,2026-08-11T14:13:10.949Z
d8625113-99f7-411e-a385-13b43e6ee508,DH541244038,Khách lẻ tại quầy,Nguyễn Uyên,NV322,0,CASH,0,0,0,285 Nguyễn Lương Bằng,COMPLETED,1,2026-08-11T14:12:21.246Z,1786457541244,2026-08-11T14:12:21.246Z
06544d23-9071-4db7-b483-463af3fcc1c4,DH083660340,Khách lẻ tại quầy,Lan Nhi,NV000037,66990,CASH,66990,0,0,379b Tôn Đức Thắng,COMPLETED,6,2026-08-11T14:04:43.662Z,1786457083660,2026-08-11T14:04:43.662Z
2b4a41cd-1e2e-44eb-a5ba-c2cc63b12c3c,DH614431785,Khách lẻ tại quầy,Lan Nhi,NV000037,18270,CASH,18270,0,0,379b Tôn Đức Thắng,COMPLETED,2,2026-08-11T13:56:54.432Z,1786456614431,2026-08-11T13:56:54.432Z
eb11c3fd-67f8-4a5a-99fc-6ac7f0225bdd,DH500524997,Khách lẻ tại quầy,Lan Nhi,NV000037,49735,TRANSFER,0,49735,0,379b Tôn Đức Thắng,COMPLETED,4,2026-08-11T13:55:00.525Z,1786456500524,2026-08-11T13:55:00.525Z
e84f39d9-b912-4ef1-91c9-daa7d36d5e41,DH732563406,Khách lẻ tại quầy,Lan Nhi,NV000037,28420,CASH,28420,0,0,379b Tôn Đức Thắng,COMPLETED,2,2026-08-11T13:42:12.564Z,1786455732563,2026-08-11T13:42:12.564Z
4cafe021-4a9b-4369-8586-85b633ce21f8,DH693439896,Khách lẻ tại quầy,Lan Nhi,NV000037,18270,CASH,18270,0,0,379b Tôn Đức Thắng,COMPLETED,2,2026-08-11T13:41:33.441Z,1786455693439,2026-08-11T13:41:33.441Z
000e88d7-69c0-4b38-809a-5126504472dc,DH347487823,Khách lẻ tại quầy,Lan Nhi,NV000037,7105,TRANSFER,0,7105,0,379b Tôn Đức Thắng,COMPLETED,1,2026-08-11T13:35:47.489Z,1786455347487,2026-08-11T13:35:47.489Z
54aaec3a-34d1-4417-a718-4d552a2c31ce,DH102423501,Khách lẻ tại quầy,Lan Nhi,NV000037,22330,CASH,22330,0,0,379b Tôn Đức Thắng,COMPLETED,2,2026-08-11T13:31:42.424Z,1786455102423,2026-08-11T13:31:42.424Z
d8cef01d-9e03-46a9-b809-490f87a743c3,DH711337560,Khách lẻ tại quầy,Lan Nhi,NV000037,50750,CASH,50750,0,0,379b Tôn Đức Thắng,COMPLETED,2,2026-08-11T13:25:11.339Z,1786454711337,2026-08-11T13:25:11.339Z
45fd9a10-4f81-4003-b93a-b861d3a2c7ef,DH903702311,Khách lẻ tại quầy,Lan Nhi,NV000037,7105,CASH,7105,0,0,379b Tôn Đức Thắng,COMPLETED,1,2026-08-11T13:11:43.703Z,1786453903702,2026-08-11T13:11:43.703Z
c2a97523-7897-47be-8826-f383bd4ed3da,DH710426347,Khách lẻ tại quầy,Lan Nhi,NV000037,18270,TRANSFER,0,18270,0,379b Tôn Đức Thắng,COMPLETED,2,2026-08-11T13:08:30.428Z,1786453710426,2026-08-11T13:08:30.428Z
2141f650-35db-463e-aa6a-225e3ce19d2d,DH229723465,Khách lẻ tại quầy,Lan Nhi,NV000037,54810,TRANSFER,0,54810,0,379b Tôn Đức Thắng,COMPLETED,4,2026-08-11T13:00:29.724Z,1786453229723,2026-08-11T13:00:29.724Z
8f2822d3-16b0-4887-a265-e9a586ca1f07,DH088291776,Khách lẻ tại quầy,Nguyễn Uyên,NV322,18270,TRANSFER,0,18270,0,285 Nguyễn Lương Bằng,COMPLETED,2,2026-08-11T12:58:08.292Z,1786453088291,2026-08-11T12:58:08.292Z
a41a1a81-33bd-4838-b8fb-d120aa6de23c,DH744676783,Khách lẻ tại quầy,Lan Nhi,NV000037,30450,CASH,30450,0,0,379b Tôn Đức Thắng,COMPLETED,2,2026-08-11T12:52:24.677Z,1786452744676,2026-08-11T12:52:24.677Z
73f54975-f993-4348-ad3b-4c6370585f87,DH737511020,Khách lẻ tại quầy,Lan Nhi,NV000037,44660,TRANSFER,0,44660,0,379b Tôn Đức Thắng,COMPLETED,3,2026-08-11T12:52:17.512Z,1786452737511,2026-08-11T12:52:17.512Z
a1bf2ff0-5ab9-4550-bc1a-052a139abb41,DH662104115,Khách lẻ tại quầy,Nguyễn Uyên,NV322,52780,CASH,52780,0,0,285 Nguyễn Lương Bằng,COMPLETED,5,2026-08-11T12:34:22.105Z,1786451662104,2026-08-11T12:34:22.105Z
e78f89df-7ac2-4f66-884d-054d41efeb3b,DH260558353,Khách lẻ tại quầy,Lan Nhi,NV000037,6090,TRANSFER,0,6090,0,379b Tôn Đức Thắng,COMPLETED,2,2026-08-11T12:27:40.559Z,1786451260558,2026-08-11T12:27:40.559Z
34c56075-f2a8-4122-a44d-10976655f471,DH209191929,Khách lẻ tại quầy,Lan Nhi,NV000037,92365,TRANSFER,0,92365,0,379b Tôn Đức Thắng,COMPLETED,4,2026-08-11T12:26:49.192Z,1786451209191,2026-08-11T12:26:49.192Z
fede663a-1a84-4676-bc18-3103b24af9d5,DH782937849,Khách lẻ tại quầy,Lan Nhi,NV000037,51765,TRANSFER,0,51765,0,379b Tôn Đức Thắng,COMPLETED,3,2026-08-11T12:19:42.939Z,1786450782937,2026-08-11T12:19:42.939Z
9c136415-da35-4490-8f8a-31192fb265a1,DH595643522,Khách lẻ tại quầy,Lan Nhi,NV000037,64960,CASH,64960,0,0,379b Tôn Đức Thắng,COMPLETED,2,2026-08-11T12:16:35.644Z,1786450595643,2026-08-11T12:16:35.644Z
ee958c3e-d77c-4494-9260-4a1e7913f985,DH129991951,Khách lẻ tại quầy,Lan Nhi,NV000037,27405,TRANSFER,0,27405,0,379b Tôn Đức Thắng,COMPLETED,2,2026-08-11T12:08:49.994Z,1786450129991,2026-08-11T12:08:49.994Z
e20835cf-4c76-4090-bcae-8edf1585d0d4,DH659492118,Khách lẻ tại quầy,Nguyễn Uyên,NV322,80997,TRANSFER,0,80997,0,285 Nguyễn Lương Bằng,COMPLETED,8,2026-08-11T12:00:59.493Z,1786449659492,2026-08-11T12:00:59.493Z
4901e5c6-c28a-493e-9230-4c2dabf93b3b,DH030030908,Khách lẻ tại quầy,Lan Nhi,NV000037,60900,TRANSFER,0,60900,0,379b Tôn Đức Thắng,COMPLETED,4,2026-08-11T11:33:50.031Z,1786448030030,2026-08-11T11:33:50.031Z
2e43c082-1286-4dc8-9ea0-00609581be79,DH791408684,Khách lẻ tại quầy,Lan Nhi,NV000037,81200,MIXED,70000,11200,0,379b Tôn Đức Thắng,COMPLETED,8,2026-08-11T11:29:51.410Z,1786447791408,2026-08-11T11:29:51.410Z
70310501-4b3e-4b9f-8f77-704df1e235b3,DH937761111,Khách lẻ tại quầy,Lan Nhi,NV000037,24360,TRANSFER,0,24360,0,379b Tôn Đức Thắng,COMPLETED,2,2026-08-11T10:42:17.763Z,1786444937761,2026-08-11T10:42:17.763Z
49524a0d-423b-4c8f-b9f7-e919fe8e988a,DH621933728,Khách lẻ tại quầy,Lệ Quyên,NV000036,27405,TRANSFER,0,27405,0,379b Tôn Đức Thắng,COMPLETED,2,2026-08-11T10:03:41.935Z,1786442621933,2026-08-11T10:03:41.935Z
9726956b-6835-4a62-866e-909550995622,DH658938124,Khách lẻ tại quầy,Lệ Quyên,NV000036,36540,CASH,36540,0,0,379b Tôn Đức Thắng,COMPLETED,4,2026-08-11T09:47:38.941Z,1786441658939,2026-08-11T09:47:38.941Z
9ebc7322-f46d-4e18-9930-d42ee1bcea5c,DH901140293,Khách lẻ tại quầy,Lệ Quyên,NV000036,14210,TRANSFER,0,14210,0,379b Tôn Đức Thắng,COMPLETED,1,2026-08-11T09:18:21.142Z,1786439901140,2026-08-11T09:18:21.142Z
aff040f6-23c8-4e69-ab2e-9fb3bd9860a0,DH325037412,Khách lẻ tại quầy,Lệ Quyên,NV000036,34510,CASH,34510,0,0,379b Tôn Đức Thắng,COMPLETED,4,2026-08-11T08:35:25.039Z,1786437325037,2026-08-11T08:35:25.039Z
d368134b-1429-4225-8447-4b52001790bb,DH856162806,Khách lẻ tại quầy,Lệ Quyên,NV000036,6090,CASH,6090,0,0,379b Tôn Đức Thắng,COMPLETED,2,2026-08-11T07:54:16.163Z,1786434856162,2026-08-11T07:54:16.163Z
8d4bf410-da1b-4031-ab9d-2fe69cee0559,DH758047652,Khách lẻ tại quầy,Lệ Quyên,NV000036,15225,CASH,15225,0,0,379b Tôn Đức Thắng,COMPLETED,1,2026-08-11T07:52:38.048Z,1786434758047,2026-08-11T07:52:38.048Z
ffd63ac9-60c6-4443-b94c-f24a2b95432c,DH296514199,Khách lẻ tại quầy,Lệ Quyên,NV000036,38570,TRANSFER,0,38570,0,379b Tôn Đức Thắng,COMPLETED,2,2026-08-11T06:04:56.515Z,1786428296514,2026-08-11T06:04:56.515Z
1f016b97-ed8d-4dcd-9a95-091ad671fa4f,DH274081310,Khách lẻ tại quầy,Lệ Quyên,NV000036,28420,TRANSFER,0,28420,0,379b Tôn Đức Thắng,COMPLETED,2,2026-08-11T06:04:34.082Z,1786428274081,2026-08-11T06:04:34.082Z
dac91d51-e727-44ff-a4fd-6157d2d74867,DH400595599,Khách lẻ tại quầy,Lệ Quyên,NV000036,17255,CASH,17255,0,0,379b Tôn Đức Thắng,COMPLETED,2,2026-08-11T05:33:20.597Z,1786426400595,2026-08-11T05:33:20.597Z
9492ef5d-f536-4613-935d-cdb9db45c3a3,DH812782526,Khách lẻ tại quầy,Lệ Quyên,NV000036,15225,CASH,15225,0,0,379b Tôn Đức Thắng,COMPLETED,1,2026-08-11T05:23:32.783Z,1786425812782,2026-08-11T05:23:32.783Z
9fe04d4e-a22e-4066-8ae2-ef259fa57c98,DH547248759,Khách lẻ tại quầy,Mỹ Hà,NV000047,15225,CASH,15225,0,0,379b Tôn Đức Thắng,COMPLETED,1,2026-08-10T16:32:27.249Z,1786379547248,2026-08-10T16:32:27.249Z
eeb9bb58-f72b-4a00-85f7-13526517326b,DH420222507,Khách lẻ tại quầy,Mỹ Hà,NV000047,36540,TRANSFER,0,36540,0,379b Tôn Đức Thắng,COMPLETED,4,2026-08-10T16:30:20.224Z,1786379420222,2026-08-10T16:30:20.224Z
645d41cd-9d4c-4920-907a-91e6b0b57db1,DH095026881,Khách lẻ tại quầy,Mỹ Hà,NV000047,18270,CASH,18270,0,0,379b Tôn Đức Thắng,COMPLETED,2,2026-08-10T16:24:55.028Z,1786379095026,2026-08-10T16:24:55.028Z
f4721ce3-17d0-4cf8-9d12-89fa0a312cbf,DH024760985,Khách lẻ tại quầy,Thanh Ngân,NV000029,66990,TRANSFER,0,66990,0,379b Tôn Đức Thắng,COMPLETED,2,2026-08-10T15:50:24.764Z,1786377024760,2026-08-10T15:50:24.764Z
17dcec49-e991-4386-a356-77406436b1b6,DH878697603,Khách lẻ tại quầy,Thanh Ngân,NV000029,81200,TRANSFER,0,81200,0,379b Tôn Đức Thắng,COMPLETED,3,2026-08-10T15:47:58.699Z,1786376878697,2026-08-10T15:47:58.699Z
bae82fdb-00c0-452d-baf3-997d133299f2,DH848689604,Khách lẻ tại quầy,Thanh Ngân,NV000029,39585,TRANSFER,0,39585,0,379b Tôn Đức Thắng,COMPLETED,2,2026-08-10T15:47:28.691Z,1786376848689,2026-08-10T15:47:28.691Z
987e97c8-6f7f-4f21-a54e-c8459221537d,DH148209331,Khách lẻ tại quầy,Thanh Ngân,NV000029,141085,TRANSFER,0,141085,0,379b Tôn Đức Thắng,COMPLETED,10,2026-08-10T15:35:48.211Z,1786376148209,2026-08-10T15:35:48.211Z
2f807039-1680-4151-9447-fc4bdd65481f,DH193611202,Khách lẻ tại quầy,Thanh Ngân,NV000029,139258,CASH,139258,0,0,379b Tôn Đức Thắng,COMPLETED,15,2026-08-10T15:19:53.614Z,1786375193611,2026-08-10T15:19:53.614Z
315f308c-5714-4469-8910-cfba46316e5c,DH378391880,Khách lẻ tại quầy,Thanh Ngân,NV000029,36540,CASH,36540,0,0,379b Tôn Đức Thắng,COMPLETED,4,2026-08-10T15:06:18.393Z,1786374378391,2026-08-10T15:06:18.393Z
6498833e-153d-4aae-ab3a-eb3bf314aa48,DH133773158,Khách lẻ tại quầy,Thanh Ngân,NV000029,30450,CASH,30450,0,0,379b Tôn Đức Thắng,COMPLETED,2,2026-08-10T15:02:13.775Z,1786374133773,2026-08-10T15:02:13.775Z
a6588660-6f93-4b84-a56b-f0f1a27a839e,DH387575611,Khách lẻ tại quầy,Thanh Ngân,NV000029,30450,CASH,30450,0,0,379b Tôn Đức Thắng,COMPLETED,2,2026-08-10T14:49:47.576Z,1786373387575,2026-08-10T14:49:47.576Z
9e938f8f-6bfb-4472-9b59-8ccedd28b836,DH650652457,Khách lẻ tại quầy,Thanh Ngân,NV000029,30450,CASH,30450,0,0,379b Tôn Đức Thắng,COMPLETED,2,2026-08-10T14:20:50.654Z,1786371650652,2026-08-10T14:20:50.654Z
9dacc10a-029f-4b99-835a-7e58e102f685,DH025246055,Khách lẻ tại quầy,Thanh Ngân,NV000029,13195,TRANSFER,0,13195,0,379b Tôn Đức Thắng,COMPLETED,1,2026-08-10T13:20:25.247Z,1786368025246,2026-08-10T13:20:25.247Z
e86c4786-0966-4f4e-a813-cd2ff68cfb64,DH951825145,Khách lẻ tại quầy,Thanh Ngân,NV000029,53795,TRANSFER,0,53795,0,379b Tôn Đức Thắng,COMPLETED,4,2026-08-10T13:19:11.827Z,1786367951825,2026-08-10T13:19:11.827Z
1f0efd50-a4da-46eb-aa34-4d4f9f8b1419,DH725561776,Khách lẻ tại quầy,Thanh Ngân,NV000029,15225,CASH,15225,0,0,379b Tôn Đức Thắng,COMPLETED,1,2026-08-10T13:15:25.566Z,1786367725562,2026-08-10T13:15:25.566Z
7ea09036-1897-4b8c-8a9d-7845632bd32a,DH651690697,Khách lẻ tại quầy,Thanh Ngân,NV000029,15225,TRANSFER,0,15225,0,379b Tôn Đức Thắng,COMPLETED,1,2026-08-10T12:57:31.694Z,1786366651690,2026-08-10T12:57:31.694Z
a9403757-a4b9-4fcf-8749-2b60d667f036,DH255791466,Khách lẻ tại quầy,Thanh Ngân,NV000029,51765,CASH,51765,0,0,379b Tôn Đức Thắng,COMPLETED,2,2026-08-10T12:50:55.793Z,1786366255791,2026-08-10T12:50:55.793Z
e90fb754-8e93-4d35-a676-1fad92dda382,DH095047838,Khách lẻ tại quầy,Thanh Ngân,NV000029,14210,TRANSFER,0,14210,0,379b Tôn Đức Thắng,COMPLETED,1,2026-08-10T12:48:15.049Z,1786366095047,2026-08-10T12:48:15.049Z
c0576fdc-ba0d-46eb-b1c6-076bbe0379ff,DH050674101,Khách lẻ tại quầy,Thanh Ngân,NV000029,33495,TRANSFER,0,33495,0,379b Tôn Đức Thắng,COMPLETED,1,2026-08-10T12:47:30.679Z,1786366050674,2026-08-10T12:47:30.679Z
6c47a2e7-f535-4678-8ea2-b06aa00bf558,DH566197394,Khách lẻ tại quầy,Thanh Ngân,NV000029,15225,TRANSFER,0,15225,0,379b Tôn Đức Thắng,COMPLETED,1,2026-08-10T12:39:26.199Z,1786365566197,2026-08-10T12:39:26.199Z
86f9df55-254d-4227-a81a-35d4d37d77ec,DH504289529,Khách lẻ tại quầy,Thanh Ngân,NV000029,32480,TRANSFER,0,32480,0,379b Tôn Đức Thắng,COMPLETED,3,2026-08-10T12:38:24.292Z,1786365504289,2026-08-10T12:38:24.292Z
db4ecc00-1d92-467e-b247-be6fe8422d4b,DH471211633,Khách lẻ tại quầy,Thanh Ngân,NV000029,51765,CASH,51765,0,0,379b Tôn Đức Thắng,COMPLETED,5,2026-08-10T12:21:11.214Z,1786364471212,2026-08-10T12:21:11.214Z
5434cdb0-9c38-4909-9160-7178c33f0254,DH444294803,Khách lẻ tại quầy,Thanh Ngân,NV000029,31465,CASH,31465,0,0,379b Tôn Đức Thắng,COMPLETED,2,2026-08-10T12:20:44.296Z,1786364444294,2026-08-10T12:20:44.296Z
4d7f30ce-796a-430b-9b78-58c646466708,DH395911866,Khách lẻ tại quầy,Trung Thành,NV2256,18270,TRANSFER,0,18270,0,379b Tôn Đức Thắng,COMPLETED,2,2026-08-09T21:03:15.913Z,1786309395911,2026-08-09T21:03:15.913Z
3b29f279-23b3-41a7-be93-1ec1d2b129a0,DH052154183,Khách lẻ tại quầy,Trung Thành,NV2256,15225,TRANSFER,0,15225,0,379b Tôn Đức Thắng,COMPLETED,1,2026-08-09T20:40:52.155Z,1786308052154,2026-08-09T20:40:52.155Z
875ae759-a06a-414e-8026-b0c95785060f,DH403017871,Khách lẻ tại quầy,Trung Thành,NV2256,16037,CASH,16037,0,0,379b Tôn Đức Thắng,COMPLETED,2,2026-08-09T20:30:01.846Z,1786307403017,2026-08-09T20:30:01.846Z
3b4720e5-2b4d-484a-8d9d-b59c892b760a,DH016374111,Khách lẻ tại quầy,Trung Thành,NV2256,28420,TRANSFER,0,28420,0,379b Tôn Đức Thắng,COMPLETED,3,2026-08-09T20:23:36.376Z,1786307016374,2026-08-09T20:23:36.376Z
e98a7dc2-258c-4bb1-a03e-d6fc10327d00,DH007507284,Khách lẻ tại quầy,Trung Thành,NV2256,26187,CASH,26187,0,0,379b Tôn Đức Thắng,COMPLETED,3,2026-08-09T20:23:27.509Z,1786307007507,2026-08-09T20:23:27.509Z
15e0688b-52bf-48e7-b2bb-1ede30bf8fcd,DH482453101,Khách lẻ tại quầy,Trung Thành,NV2256,56840,TRANSFER,0,56840,0,379b Tôn Đức Thắng,COMPLETED,4,2026-08-09T19:58:02.454Z,1786305482453,2026-08-09T19:58:02.454Z
6db5d047-9429-4d74-81ee-ead2a4e909c3,DH467251680,Khách lẻ tại quầy,Trung Thành,NV2256,32480,CASH,32480,0,0,379b Tôn Đức Thắng,COMPLETED,2,2026-08-09T19:57:47.252Z,1786305467251,2026-08-09T19:57:47.252Z
ba7e5ca1-d80f-4170-b7d6-ddc59363d0b2,DH456732999,Khách lẻ tại quầy,Trung Thành,NV2256,29435,CASH,29435,0,0,379b Tôn Đức Thắng,COMPLETED,2,2026-08-09T19:57:36.734Z,1786305456732,2026-08-09T19:57:36.734Z
15d422f6-a08c-421f-9fcf-75d41ef37bdc,DH448298354,Khách lẻ tại quầy,Trung Thành,NV2256,14210,CASH,14210,0,0,379b Tôn Đức Thắng,COMPLETED,1,2026-08-09T19:57:28.300Z,1786305448298,2026-08-09T19:57:28.300Z
218cc255-64c8-4bc5-a7f8-604ca5602350,DH823948775,Khách lẻ tại quầy,Trung Thành,NV2256,107489,MIXED,100000,"7488,5",0,379b Tôn Đức Thắng,COMPLETED,6,2026-08-09T19:47:03.950Z,1786304823948,2026-08-09T19:47:03.950Z
65c76108-9e4b-4792-a6b4-bb4846a331d3,DH366801429,Khách lẻ tại quầy,Trung Thành,NV2256,48720,TRANSFER,0,48720,0,379b Tôn Đức Thắng,COMPLETED,2,2026-08-09T19:39:26.802Z,1786304366801,2026-08-09T19:39:26.802Z
b59eacaf-c981-4c90-b091-9c430889f372,DH250898420,Khách lẻ tại quầy,Trung Thành,NV2256,33495,TRANSFER,0,33495,0,379b Tôn Đức Thắng,COMPLETED,3,2026-08-09T19:37:30.900Z,1786304250898,2026-08-09T19:37:30.900Z
e332b923-36af-40f4-b7a3-e68685da034d,DH003877254,Khách lẻ tại quầy,Trung Thành,NV2256,48720,TRANSFER,0,48720,0,379b Tôn Đức Thắng,COMPLETED,3,2026-08-09T19:16:43.878Z,1786303003877,2026-08-09T19:16:43.878Z
f9db8ba5-ea82-49de-8d14-c0c7adb26ef6,DH960511784,Khách lẻ tại quầy,Trung Thành,NV2256,47705,TRANSFER,0,47705,0,379b Tôn Đức Thắng,COMPLETED,3,2026-08-09T19:16:00.512Z,1786302960511,2026-08-09T19:16:00.512Z
d4e86b32-d3d4-4e95-8f69-f02780dd1419,DH883335006,Khách lẻ tại quầy,Trung Thành,NV2256,34307,TRANSFER,0,34307,0,379b Tôn Đức Thắng,COMPLETED,3,2026-08-09T19:14:43.336Z,1786302883335,2026-08-09T19:14:43.336Z
c9f38f18-e904-486d-b367-9a93b001373c,DH544412458,Khách lẻ tại quầy,Trung Thành,NV2256,65975,CASH,65975,0,0,379b Tôn Đức Thắng,COMPLETED,1,2026-08-09T19:09:04.413Z,1786302544412,2026-08-09T19:09:04.413Z
defa5e42-c3ae-4b6f-8d04-526d9c7a0164,DH818488637,Khách lẻ tại quầy,Trung Thành,NV2256,90335,TRANSFER,0,90335,0,379b Tôn Đức Thắng,COMPLETED,6,2026-08-09T18:23:38.490Z,1786299818488,2026-08-09T18:23:38.490Z
3eb7abcd-155e-4680-98ca-075047349086,DH794327691,Khách lẻ tại quầy,Trung Thành,NV2256,78155,TRANSFER,0,78155,0,379b Tôn Đức Thắng,COMPLETED,6,2026-08-09T18:23:14.329Z,1786299794327,2026-08-09T18:23:14.329Z
e29f036f-ec13-4158-865d-7be0d27ba41b,DH688912240,Khách lẻ tại quầy,Trung Thành,NV2256,75110,TRANSFER,0,75110,0,379b Tôn Đức Thắng,COMPLETED,4,2026-08-09T18:21:28.914Z,1786299688912,2026-08-09T18:21:28.914Z
eafef04c-9761-436e-a9c1-2b0a35ddc32f,DH680913086,Khách lẻ tại quầy,Trung Thành,NV2256,14210,CASH,14210,0,0,379b Tôn Đức Thắng,COMPLETED,1,2026-08-09T18:21:20.914Z,1786299680913,2026-08-09T18:21:20.914Z
253b414d-e965-4c41-9816-482711c0acf5,DH591793365,Khách lẻ tại quầy,Trung Thành,NV2256,54810,TRANSFER,0,54810,0,379b Tôn Đức Thắng,COMPLETED,2,2026-08-09T18:19:51.794Z,1786299591793,2026-08-09T18:19:51.794Z
939f3ae7-1965-44e5-b9e1-af853f8d99ec,DH551391211,Khách lẻ tại quầy,Trung Thành,NV2256,18270,TRANSFER,0,18270,0,379b Tôn Đức Thắng,COMPLETED,2,2026-08-09T18:19:11.392Z,1786299551391,2026-08-09T18:19:11.392Z
e6ea9fad-9fa6-42ff-8273-e61b80df6f8d,DH440164227,Khách lẻ tại quầy,Trung Thành,NV2256,47705,TRANSFER,0,47705,0,379b Tôn Đức Thắng,COMPLETED,2,2026-08-09T18:17:20.165Z,1786299440164,2026-08-09T18:17:20.165Z
2fcea196-7de6-473e-9a52-590dab00d9b8,DH096299313,Khách lẻ tại quầy,Trung Thành,NV2256,18270,TRANSFER,0,18270,0,379b Tôn Đức Thắng,COMPLETED,2,2026-08-09T17:54:56.301Z,1786298096299,2026-08-09T17:54:56.301Z
72c1b4b3-f6f8-42ff-aacc-4963664528da,DH428764736,Khách lẻ tại quầy,Trung Thành,NV2256,27405,CASH,27405,0,0,379b Tôn Đức Thắng,COMPLETED,1,2026-08-09T17:27:08.766Z,1786296428764,2026-08-09T17:27:08.766Z
a5d488c0-e682-4808-8ead-5ae6b3e52eda,DH807292275,Khách lẻ tại quầy,Trung Thành,NV2256,66990,TRANSFER,0,66990,0,379b Tôn Đức Thắng,COMPLETED,6,2026-08-09T17:00:07.294Z,1786294807292,2026-08-09T17:00:07.294Z
e075566b-d31f-41f5-a9e0-32e49922dc02,DH798557232,Khách lẻ tại quầy,Trung Thành,NV2256,64960,TRANSFER,0,64960,0,379b Tôn Đức Thắng,COMPLETED,2,2026-08-09T16:59:58.560Z,1786294798557,2026-08-09T16:59:58.560Z
169d170a-f4c6-4314-b0f4-cd58d0edbf59,DH487714497,Khách lẻ tại quầy,Trung Thành,NV2256,64960,TRANSFER,0,64960,0,379b Tôn Đức Thắng,COMPLETED,3,2026-08-09T16:54:47.716Z,1786294487714,2026-08-09T16:54:47.716Z
621535e0-e301-486a-bded-3fbb192fbe4e,DH468379633,Khách lẻ tại quầy,Trung Thành,NV2256,56840,TRANSFER,0,56840,0,379b Tôn Đức Thắng,COMPLETED,2,2026-08-09T16:37:48.380Z,1786293468379,2026-08-09T16:37:48.380Z
7c3c7879-5343-4619-8ada-1bf040e95ec7,DH926725950,Khách lẻ tại quầy,Trung Thành,NV2256,34510,TRANSFER,0,34510,0,379b Tôn Đức Thắng,COMPLETED,4,2026-08-09T16:12:06.726Z,1786291926725,2026-08-09T16:12:06.726Z
ed865c39-f54d-41c1-9686-15d9c35c9301,DH078403746,Khách lẻ tại quầy,khanhhoang,NV174,89219,CASH,"89218,5",0,0,379b Tôn Đức Thắng,COMPLETED,6,2026-08-09T15:57:58.423Z,1786291078403,2026-08-09T15:57:58.423Z
1e54fa66-c4c1-4888-a114-d61bef6af637,DH612092497,Khách lẻ tại quầy,khanhhoang,NV174,15225,CASH,15225,0,0,379b Tôn Đức Thắng,COMPLETED,1,2026-08-09T15:50:12.094Z,1786290612092,2026-08-09T15:50:12.094Z
a9009097-b6b6-441f-8e2e-9caa2788404d,DH370800988,Khách lẻ tại quầy,Nguyễn Uyên,NV000051,89320,CASH,89320,0,0,285 Nguyễn Lương Bằng,COMPLETED,4,2026-08-09T15:46:10.802Z,1786290370800,2026-08-09T15:46:10.802Z
6fdc79ac-b284-49b9-b035-8c6e1d140162,DH261121861,Khách lẻ tại quầy,Nguyễn Uyên,NV000051,30450,TRANSFER,0,30450,0,285 Nguyễn Lương Bằng,COMPLETED,2,2026-08-09T15:44:21.123Z,1786290261121,2026-08-09T15:44:21.123Z
b6729fe2-dae3-4928-9c67-c8c843dda9c9,DH842771107,Khách lẻ tại quầy,khanhhoang,NV174,18270,TRANSFER,0,18270,0,379b Tôn Đức Thắng,COMPLETED,2,2026-08-09T15:37:22.773Z,1786289842771,2026-08-09T15:37:22.773Z
ab19de75-c37f-40f7-bfb5-ba2e0bfd0cb2,DH452162457,Khách lẻ tại quầy,khanhhoang,NV174,48720,TRANSFER,0,48720,0,379b Tôn Đức Thắng,COMPLETED,2,2026-08-09T15:30:52.163Z,1786289452162,2026-08-09T15:30:52.163Z
c444e9e2-cfa1-4622-9408-715f0c91984d,DH310644439,Khách lẻ tại quầy,Nguyễn Uyên,NV000051,15225,TRANSFER,0,15225,0,285 Nguyễn Lương Bằng,COMPLETED,1,2026-08-09T15:28:30.646Z,1786289310644,2026-08-09T15:28:30.646Z
8116b7f3-4316-4183-8575-6def0253296b,DH990324861,Khách lẻ tại quầy,Nguyễn Uyên,NV000051,15225,TRANSFER,0,15225,0,285 Nguyễn Lương Bằng,COMPLETED,1,2026-08-09T15:23:10.326Z,1786288990324,2026-08-09T15:23:10.326Z
1a5818c9-c6d3-404a-bbf2-80e0430b6959,DH913889391,Khách lẻ tại quầy,khanhhoang,NV174,33495,CASH,33495,0,0,379b Tôn Đức Thắng,COMPLETED,3,2026-08-09T15:21:53.891Z,1786288913889,2026-08-09T15:21:53.891Z
d3aa07ad-62fa-429b-91fd-05d00b2a3534,DH179755903,Khách lẻ tại quầy,khanhhoang,NV174,169505,CASH,169505,0,0,379b Tôn Đức Thắng,COMPLETED,10,2026-08-09T14:52:59.757Z,1786287179755,2026-08-09T14:52:59.757Z
a3cd3e04-30dc-489f-9db2-238428ee3b0b,DH717401908,Khách lẻ tại quầy,khanhhoang,NV174,42630,TRANSFER,0,42630,0,379b Tôn Đức Thắng,COMPLETED,2,2026-08-09T14:45:17.402Z,1786286717401,2026-08-09T14:45:17.402Z
bd42c130-a406-4f3a-9d2a-9cd70b2dda8d,DH372700015,Khách lẻ tại quầy,khanhhoang,NV174,18270,CASH,18270,0,0,379b Tôn Đức Thắng,COMPLETED,2,2026-08-09T14:39:32.702Z,1786286372700,2026-08-09T14:39:32.702Z
8795b61c-0334-43c8-b4a2-5ef5824830c0,DH438753655,Khách lẻ tại quầy,Mỹ Hà,NV376,147175,TRANSFER,0,147175,0,379b Tôn Đức Thắng,COMPLETED,6,2026-08-09T14:23:58.757Z,1786285438754,2026-08-09T14:23:58.757Z
07ba05b1-01d5-4d80-aba1-a929157d6000,DH194368039,Khách lẻ tại quầy,Mỹ Hà,NV376,18270,TRANSFER,0,18270,0,379b Tôn Đức Thắng,COMPLETED,2,2026-08-09T14:03:14.369Z,1786284194368,2026-08-09T14:03:14.369Z
85295ac3-49f9-4f1b-96e7-17fef5b00bef,DH134180980,Khách lẻ tại quầy,Mỹ Hà,NV376,43645,CASH,43645,0,0,379b Tôn Đức Thắng,COMPLETED,3,2026-08-09T14:02:14.182Z,1786284134180,2026-08-09T14:02:14.182Z
8fc37104-d324-4dcd-bd87-9ff581c1f9d2,DH993240790,Khách lẻ tại quầy,Mỹ Hà,NV376,22330,CASH,22330,0,0,379b Tôn Đức Thắng,COMPLETED,2,2026-08-09T13:59:53.241Z,1786283993240,2026-08-09T13:59:53.241Z
c13e5bd0-da37-4b05-a340-b32723de7d4a,DH205373828,Khách lẻ tại quầy,Mỹ Hà,NV376,22330,TRANSFER,0,22330,0,379b Tôn Đức Thắng,COMPLETED,2,2026-08-09T13:46:45.375Z,1786283205373,2026-08-09T13:46:45.375Z
3112224b-d3d5-4ab0-9907-c3d0a4cbc163,DH111046312,Khách lẻ tại quầy,Nguyễn Uyên,NV000051,19285,TRANSFER,0,19285,0,285 Nguyễn Lương Bằng,COMPLETED,1,2026-08-09T13:45:11.047Z,1786283111046,2026-08-09T13:45:11.047Z
0e65e2ea-4d1b-497b-b514-34b879498b34,DH755691946,Khách lẻ tại quầy,Nguyễn Uyên,NV000051,27405,TRANSFER,0,27405,0,285 Nguyễn Lương Bằng,COMPLETED,1,2026-08-09T13:39:15.693Z,1786282755691,2026-08-09T13:39:15.693Z
17cb55fb-324f-4313-bdc5-1b3a2ce97121,DH650985620,Khách lẻ tại quầy,Mỹ Hà,NV376,64960,CASH,64960,0,0,379b Tôn Đức Thắng,COMPLETED,2,2026-08-09T13:37:30.986Z,1786282650985,2026-08-09T13:37:30.986Z
04e01b6d-aba8-4e90-99ec-00975127bfcd,DH567968399,Khách lẻ tại quầy,Mỹ Hà,NV376,41615,CASH,41615,0,0,379b Tôn Đức Thắng,COMPLETED,2,2026-08-09T13:36:07.970Z,1786282567969,2026-08-09T13:36:07.970Z
2f0429d6-a490-4b24-b7b2-15abc3fbc306,DH286933391,Khách lẻ tại quầy,Nguyễn Uyên,NV000051,14210,TRANSFER,0,14210,0,285 Nguyễn Lương Bằng,COMPLETED,1,2026-08-09T13:31:26.934Z,1786282286933,2026-08-09T13:31:26.934Z
3b9cc9dd-59fe-425d-8750-8c26f58754cc,DH898131521,Khách lẻ tại quầy,Mỹ Hà,NV376,44660,CASH,44660,0,0,379b Tôn Đức Thắng,COMPLETED,3,2026-08-09T13:24:58.134Z,1786281898131,2026-08-09T13:24:58.134Z
a2ef9cd8-d058-4466-b268-977fefb5869d,DH608672832,Khách lẻ tại quầy,Mỹ Hà,NV376,54810,TRANSFER,0,54810,0,379b Tôn Đức Thắng,COMPLETED,6,2026-08-09T13:20:08.673Z,1786281608672,2026-08-09T13:20:08.673Z
8bb8486f-e080-4083-b4da-2022957ad219,DH474071648,Khách lẻ tại quầy,Mỹ Hà,NV376,26187,CASH,26187,0,0,379b Tôn Đức Thắng,COMPLETED,3,2026-08-09T13:17:54.072Z,1786281474071,2026-08-09T13:17:54.072Z
d53b5a53-3f48-47bb-a65a-149352b6d7b3,DH918062669,Khách lẻ tại quầy,Mỹ Hà,NV376,22330,TRANSFER,0,22330,0,379b Tôn Đức Thắng,COMPLETED,2,2026-08-09T13:08:38.064Z,1786280918062,2026-08-09T13:08:38.064Z
c198656b-3d8d-43b3-9615-1c106ec28ce7,DH727408536,Khách lẻ tại quầy,Nguyễn Uyên,NV000051,15225,TRANSFER,0,15225,0,285 Nguyễn Lương Bằng,COMPLETED,1,2026-08-09T13:05:27.410Z,1786280727408,2026-08-09T13:05:27.410Z
eb665589-d4ab-40fe-b805-20783785a0a6,DH551028060,Khách lẻ tại quầy,Mỹ Hà,NV376,36540,TRANSFER,0,36540,0,379b Tôn Đức Thắng,COMPLETED,4,2026-08-09T13:02:31.030Z,1786280551028,2026-08-09T13:02:31.030Z
f44c1bfe-ea20-42f5-a335-64aa32270557,DH410355429,Khách lẻ tại quầy,Mỹ Hà,NV376,63945,TRANSFER,0,63945,0,379b Tôn Đức Thắng,COMPLETED,5,2026-08-09T13:00:10.357Z,1786280410356,2026-08-09T13:00:10.357Z
28a85760-09de-47ba-bb10-05fb895a2b21,DH686502709,Khách lẻ tại quầy,Mỹ Hà,NV376,62930,TRANSFER,0,62930,0,379b Tôn Đức Thắng,COMPLETED,4,2026-08-09T12:48:06.504Z,1786279686502,2026-08-09T12:48:06.504Z
d902e232-cb5a-45ac-bfe5-9e435a1c12d8,DH914666323,Khách lẻ tại quầy,Mỹ Hà,NV376,35525,CASH,35525,0,0,379b Tôn Đức Thắng,COMPLETED,1,2026-08-09T12:01:54.667Z,1786276914666,2026-08-09T12:01:54.667Z
4cbce9e4-b41a-40f8-9507-6cae956e5674,DH155131872,Khách lẻ tại quầy,Nguyễn Uyên,NV000051,33495,CASH,33495,0,0,285 Nguyễn Lương Bằng,COMPLETED,3,2026-08-09T11:49:15.132Z,1786276155131,2026-08-09T11:49:15.132Z
a35179eb-98dc-4fee-b4c0-3658fb76b939,DH517701239,Khách lẻ tại quầy,Mỹ Hà,NV376,30450,CASH,30450,0,0,379b Tôn Đức Thắng,COMPLETED,2,2026-08-09T10:48:37.702Z,1786272517701,2026-08-09T10:48:37.702Z
5dabff13-b868-4204-8391-da44ec9c74cf,DH910874311,Khách lẻ tại quầy,Mỹ Hà,NV376,18270,TRANSFER,0,18270,0,379b Tôn Đức Thắng,COMPLETED,2,2026-08-09T10:38:30.875Z,1786271910874,2026-08-09T10:38:30.875Z
ccc4bf0c-b99a-405f-a2ae-02c30055374d,DH324899078,Khách lẻ tại quầy,Mỹ Hà,NV376,44660,TRANSFER,0,44660,0,379b Tôn Đức Thắng,COMPLETED,4,2026-08-09T10:12:04.900Z,1786270324899,2026-08-09T10:12:04.900Z
348480f0-0a97-4292-965d-273686e1acdc,DH918896901,Khách lẻ tại quầy,Mỹ Hà,NV376,30450,TRANSFER,0,30450,0,379b Tôn Đức Thắng,COMPLETED,2,2026-08-09T10:05:18.896Z,1786269918896,2026-08-09T10:05:18.896Z
10c63ec2-c0d2-4535-8334-63ae96410e56,DH666188169,Khách lẻ tại quầy,Mỹ Hà,NV376,6090,CASH,6090,0,0,379b Tôn Đức Thắng,COMPLETED,2,2026-08-09T10:01:06.189Z,1786269666188,2026-08-09T10:01:06.189Z
76c7f8b3-86d1-4518-9be5-54088b077546,DH609180772,Khách lẻ tại quầy,Mỹ Hà,NV376,94395,TRANSFER,0,94395,0,379b Tôn Đức Thắng,COMPLETED,7,2026-08-09T10:00:09.182Z,1786269609180,2026-08-09T10:00:09.182Z
98a441d0-55e6-4baa-babc-fe3ddc4c1370,DH312677766,Khách lẻ tại quầy,Mỹ Hà,NV376,3045,CASH,3045,0,0,379b Tôn Đức Thắng,COMPLETED,1,2026-08-09T09:55:12.678Z,1786269312677,2026-08-09T09:55:12.678Z
60cf7a98-e644-4263-8346-24b7e4e9c2f7,DH251412885,Khách lẻ tại quầy,Mỹ Hà,NV376,39585,TRANSFER,0,39585,0,379b Tôn Đức Thắng,COMPLETED,3,2026-08-09T09:54:11.413Z,1786269251412,2026-08-09T09:54:11.413Z
a41b059c-2ec6-461f-877e-9a5f4dc3eaef,DH046005205,Khách lẻ tại quầy,Mỹ Hà,NV376,15225,CASH,15225,0,0,379b Tôn Đức Thắng,COMPLETED,1,2026-08-09T09:34:06.006Z,1786268046005,2026-08-09T09:34:06.006Z
667df6fc-81ed-4678-bbf6-9fb83619f164,DH235178440,Khách lẻ tại quầy,Mỹ Hà,NV376,21315,CASH,21315,0,0,379b Tôn Đức Thắng,COMPLETED,2,2026-08-09T09:20:35.179Z,1786267235178,2026-08-09T09:20:35.179Z
db12cee2-cb22-41a4-b623-abba643df7ca,DH140991705,Khách lẻ tại quầy,Mỹ Hà,NV376,15225,CASH,15225,0,0,379b Tôn Đức Thắng,COMPLETED,1,2026-08-09T09:19:00.993Z,1786267140991,2026-08-09T09:19:00.993Z
718c05c8-9ff7-4a16-b7f0-55f2cba5f345,DH042026431,Khách lẻ tại quầy,Mỹ Hà,NV376,28420,CASH,28420,0,0,379b Tôn Đức Thắng,COMPLETED,1,2026-08-09T09:17:22.027Z,1786267042026,2026-08-09T09:17:22.027Z
eaeb1cfe-a8bb-4ec3-910b-b1d5cb66890e,DH859012427,Khách lẻ tại quầy,Mỹ Hà,NV376,3045,TRANSFER,0,3045,0,379b Tôn Đức Thắng,COMPLETED,1,2026-08-09T09:14:19.013Z,1786266859012,2026-08-09T09:14:19.013Z
3616ddcf-d29d-490f-9f26-f03c744eafc4,DH739084542,Khách lẻ tại quầy,Mỹ Hà,NV376,9135,TRANSFER,0,9135,0,379b Tôn Đức Thắng,COMPLETED,3,2026-08-09T09:12:19.086Z,1786266739084,2026-08-09T09:12:19.086Z
d29d35da-d82a-4f76-94cc-c1abbaa9158b,DH703315454,Khách lẻ tại quầy,Mỹ Hà,NV376,91350,TRANSFER,0,91350,0,379b Tôn Đức Thắng,COMPLETED,6,2026-08-09T09:11:43.317Z,1786266703315,2026-08-09T09:11:43.317Z
cc875c84-f63b-4a0e-b528-483ec7584f80,DH915020999,Khách lẻ tại quầy,Mỹ Hà,NV376,43645,CASH,43645,0,0,379b Tôn Đức Thắng,COMPLETED,2,2026-08-09T08:41:55.022Z,1786264915020,2026-08-09T08:41:55.022Z
6daf8bf3-a871-4be6-b582-1b0664a6c24f,DH771755045,Khách lẻ tại quầy,Mỹ Hà,NV376,7105,CASH,7105,0,0,379b Tôn Đức Thắng,COMPLETED,1,2026-08-09T08:22:51.757Z,1786263771755,2026-08-09T08:22:51.757Z
f2e45af9-d26e-4bea-911d-34af4b36109e,DH920165279,Khách lẻ tại quầy,Mỹ Hà,NV376,7105,CASH,7105,0,0,379b Tôn Đức Thắng,COMPLETED,1,2026-08-09T07:52:00.166Z,1786261920165,2026-08-09T07:52:00.166Z
7d6bce4b-92e4-4cd6-b6f3-55bd4901c366,DH838618881,Khách lẻ tại quầy,Mỹ Hà,NV376,79170,CASH,79170,0,0,379b Tôn Đức Thắng,COMPLETED,5,2026-08-09T07:17:18.620Z,1786259838618,2026-08-09T07:17:18.620Z
db130665-642b-4064-9f79-fbc048e1a1e2,DH775692316,Khách lẻ tại quầy,Mỹ Hà,NV376,23244,CASH,"23243,5",0,0,379b Tôn Đức Thắng,COMPLETED,2,2026-08-09T06:59:35.694Z,1786258775692,2026-08-09T06:59:35.694Z
f94b0bea-9dc9-4cd3-b982-78689d4dbb65,DH645515789,Khách lẻ tại quầy,Mỹ Hà,NV376,62930,CASH,62930,0,0,379b Tôn Đức Thắng,COMPLETED,5,2026-08-09T06:57:25.517Z,1786258645515,2026-08-09T06:57:25.517Z
bbc0398a-d474-4cd2-8c4b-c80dc597c2af,DH372213673,Khách lẻ tại quầy,Mỹ Hà,NV376,19184,CASH,"19183,5",0,0,379b Tôn Đức Thắng,COMPLETED,2,2026-08-09T06:52:52.214Z,1786258372213,2026-08-09T06:52:52.214Z
ff78e87a-e0e3-432c-8c3a-3b38f08e678e,DH947607584,Khách lẻ tại quầy,Mỹ Hà,NV376,15225,CASH,15225,0,0,379b Tôn Đức Thắng,COMPLETED,1,2026-08-09T06:29:07.608Z,1786256947607,2026-08-09T06:29:07.608Z
1e4b6550-ed92-427b-8b43-f41432fab773,DH745048019,Khách lẻ tại quầy,Mỹ Hà,NV376,39585,CASH,39585,0,0,379b Tôn Đức Thắng,COMPLETED,2,2026-08-09T06:09:05.050Z,1786255745048,2026-08-09T06:09:05.050Z
5c641c7e-088e-4874-8caf-82651a944b9b,DH563811220,Khách lẻ tại quầy,Mỹ Hà,NV376,15225,CASH,15225,0,0,379b Tôn Đức Thắng,COMPLETED,1,2026-08-09T06:06:03.813Z,1786255563811,2026-08-09T06:06:03.813Z
72d847bc-f5fc-46bc-b439-4867bde8c432,DH222838546,Khách lẻ tại quầy,Mỹ Hà,NV376,51765,CASH,51765,0,0,379b Tôn Đức Thắng,COMPLETED,3,2026-08-09T06:00:22.840Z,1786255222838,2026-08-09T06:00:22.840Z
34172e6a-f729-4339-8b57-330947589d9e,DH369105124,Khách lẻ tại quầy,Mỹ Hà,NV376,15225,CASH,15225,0,0,379b Tôn Đức Thắng,COMPLETED,1,2026-08-09T05:46:09.107Z,1786254369105,2026-08-09T05:46:09.107Z
313426cb-9272-4dae-9be4-cd8094afeafb,DH937862431,Khách lẻ tại quầy,Khánh Hoàng,NV000021,28420,TRANSFER,0,28420,0,379b Tôn Đức Thắng,COMPLETED,4,2026-08-08T21:35:37.863Z,1786224937862,2026-08-08T21:35:37.863Z
0fef2f05-c101-4437-bf2d-023c40f6a33c,DH248646666,Khách lẻ tại quầy,Khánh Hoàng,NV000021,25375,TRANSFER,0,25375,0,379b Tôn Đức Thắng,COMPLETED,2,2026-08-08T21:07:28.647Z,1786223248646,2026-08-08T21:07:28.647Z
826c8fa2-293f-43b9-9d26-99566e4fbf7f,DH566297005,Khách lẻ tại quầy,Khánh Hoàng,NV000021,110635,CASH,110635,0,0,379b Tôn Đức Thắng,COMPLETED,3,2026-08-08T20:56:06.299Z,1786222566297,2026-08-08T20:56:06.299Z
0486cb6f-ca90-48b6-b46c-61429f33ca95,DH008839528,Khách lẻ tại quầy,Nguyễn Uyên,NV000051,18270,TRANSFER,0,18270,0,285 Nguyễn Lương Bằng,COMPLETED,2,2026-08-08T20:46:48.841Z,1786222008839,2026-08-08T20:46:48.841Z
7d3aded7-e840-41e6-92a5-767eacdc04fa,DH109278400,Khách lẻ tại quầy,Khánh Hoàng,NV000021,29435,TRANSFER,0,29435,0,379b Tôn Đức Thắng,COMPLETED,3,2026-08-08T20:15:09.280Z,1786220109278,2026-08-08T20:15:09.280Z
c0fdc7c7-aff8-4333-adfe-a2352196318c,DH844799352,Khách lẻ tại quầy,Nguyễn Uyên,NV000051,18270,CASH,18270,0,0,285 Nguyễn Lương Bằng,COMPLETED,2,2026-08-08T20:10:44.801Z,1786219844799,2026-08-08T20:10:44.801Z
eeb09644-8aaf-49ec-b97f-bfc6aeb49d5c,DH355045018,Khách lẻ tại quầy,Nguyễn Uyên,NV000051,15225,CASH,15225,0,0,285 Nguyễn Lương Bằng,COMPLETED,1,2026-08-08T20:02:35.047Z,1786219355045,2026-08-08T20:02:35.047Z
7edf8fc2-bc75-4caf-b0be-af8ecbd9973c,DH982937225,Khách lẻ tại quầy,Nguyễn Uyên,NV000051,3045,CASH,3045,0,0,285 Nguyễn Lương Bằng,COMPLETED,1,2026-08-08T19:56:22.938Z,1786218982937,2026-08-08T19:56:22.938Z
dbb8908d-5ddd-491c-98db-0cbfa64041bc,DH733725173,Khách lẻ tại quầy,Nguyễn Uyên,NV000051,18270,CASH,18270,0,0,285 Nguyễn Lương Bằng,COMPLETED,2,2026-08-08T19:52:13.727Z,1786218733725,2026-08-08T19:52:13.727Z
79cbf35a-3cfa-48bb-bc64-5497e58845d5,DH998787685,Khách lẻ tại quầy,Nguyễn Uyên,NV000051,49735,CASH,49735,0,0,285 Nguyễn Lương Bằng,COMPLETED,2,2026-08-08T19:39:58.789Z,1786217998787,2026-08-08T19:39:58.789Z
e1ce7efd-ea21-49bf-a6c8-b7f0a13611ae,DH843155795,Khách lẻ tại quầy,Nguyễn Uyên,NV000051,64960,CASH,64960,0,0,285 Nguyễn Lương Bằng,COMPLETED,4,2026-08-08T19:20:43.157Z,1786216843155,2026-08-08T19:20:43.157Z
1a2c537b-1c92-4b3a-a2fe-7a25fd2ab817,DH778043726,Khách lẻ tại quầy,Nguyễn Uyên,NV000051,61915,CASH,61915,0,0,285 Nguyễn Lương Bằng,COMPLETED,2,2026-08-08T19:19:38.045Z,1786216778043,2026-08-08T19:19:38.045Z
d57d631b-472f-433e-a58f-d37b20443b40,DH389291251,Khách lẻ tại quầy,Nguyễn Uyên,NV000051,54810,TRANSFER,0,54810,0,285 Nguyễn Lương Bằng,COMPLETED,2,2026-08-08T19:13:09.292Z,1786216389291,2026-08-08T19:13:09.292Z
a54cb4a2-b996-4d27-a8db-4fcc929e2e0e,DH159841360,Khách lẻ tại quầy,Khánh Hoàng,NV000021,547085,CASH,547085,0,0,379b Tôn Đức Thắng,COMPLETED,22,2026-08-08T18:35:59.842Z,1786214159841,2026-08-08T18:35:59.842Z
54cfd768-5906-4579-acf4-b64103667527,DH681774817,Khách lẻ tại quầy,Khánh Hoàng,NV000021,7105,CASH,7105,0,0,379b Tôn Đức Thắng,COMPLETED,1,2026-08-08T18:28:01.776Z,1786213681774,2026-08-08T18:28:01.776Z
8ca18022-0e45-4340-aab0-ce65e0d75cb3,DH434933592,Khách lẻ tại quầy,Khánh Hoàng,NV000021,74907,CASH,74907,0,0,379b Tôn Đức Thắng,COMPLETED,6,2026-08-08T18:23:54.935Z,1786213434933,2026-08-08T18:23:54.935Z
ee2b83dd-17f8-432f-89a3-21f1964d7552,DH255006510,Khách lẻ tại quầy,Khánh Hoàng,NV000021,33495,TRANSFER,0,33495,0,379b Tôn Đức Thắng,COMPLETED,2,2026-08-08T18:20:55.007Z,1786213255006,2026-08-08T18:20:55.007Z
132a9934-c7d4-439b-895b-36a895910b65,DH217283165,Khách lẻ tại quầy,Khánh Hoàng,NV000021,81200,TRANSFER,0,81200,0,379b Tôn Đức Thắng,COMPLETED,6,2026-08-08T18:20:17.284Z,1786213217283,2026-08-08T18:20:17.284Z
5769f1b1-6005-4e70-b895-8a3abf402224,DH162680514,Khách lẻ tại quầy,Nguyễn Uyên,NV000051,33495,CASH,33495,0,0,285 Nguyễn Lương Bằng,COMPLETED,3,2026-08-08T18:19:22.681Z,1786213162680,2026-08-08T18:19:22.681Z
03781efe-01fc-4320-ac5d-110b31ad8888,DH437836403,Khách lẻ tại quầy,Nguyễn Uyên,NV000051,30450,TRANSFER,0,30450,0,285 Nguyễn Lương Bằng,COMPLETED,2,2026-08-08T18:07:17.838Z,1786212437836,2026-08-08T18:07:17.838Z
f85b8411-202f-4b34-81de-dc53d9fc9ab9,DH738049904,Khách lẻ tại quầy,Nguyễn Uyên,NV000051,100485,TRANSFER,0,100485,0,285 Nguyễn Lương Bằng,COMPLETED,10,2026-08-08T17:55:38.051Z,1786211738049,2026-08-08T17:55:38.051Z
b2e5c045-3589-40d4-861e-d128cc805db0,DH483765873,Khách lẻ tại quầy,Khánh Hoàng,NV000021,362355,CASH,362355,0,0,379b Tôn Đức Thắng,COMPLETED,2,2026-08-08T17:51:23.767Z,1786211483765,2026-08-08T17:51:23.767Z
31b82478-8a4a-4077-9c3d-0d987b72839a,DH502637131,Khách lẻ tại quầy,Khánh Hoàng,NV000021,32480,CASH,32480,0,0,379b Tôn Đức Thắng,COMPLETED,1,2026-08-08T17:35:02.638Z,1786210502637,2026-08-08T17:35:02.638Z
16c1ceba-2d08-445d-a400-2f44ec506fc5,DH382044022,Khách lẻ tại quầy,Nguyễn Uyên,NV000051,19285,CASH,19285,0,0,285 Nguyễn Lương Bằng,COMPLETED,1,2026-08-08T17:33:02.046Z,1786210382044,2026-08-08T17:33:02.046Z
2fc2fb05-a804-488e-8185-6dbf4a26792a,DH307300009,Khách lẻ tại quầy,Khánh Hoàng,NV000021,40600,TRANSFER,0,40600,0,379b Tôn Đức Thắng,COMPLETED,3,2026-08-08T17:31:47.301Z,1786210307300,2026-08-08T17:31:47.301Z
173797fa-db75-4577-9e1f-f72d54d2fb19,DH090615669,Khách lẻ tại quầy,Khánh Hoàng,NV000021,29435,TRANSFER,0,29435,0,379b Tôn Đức Thắng,COMPLETED,2,2026-08-08T17:28:10.616Z,1786210090615,2026-08-08T17:28:10.616Z
d5eda802-46e2-4a2b-9aad-c39eb78ad417,DH339128523,Khách lẻ tại quầy,Nguyễn Uyên,NV000051,36540,CASH,36540,0,0,285 Nguyễn Lương Bằng,COMPLETED,4,2026-08-08T17:15:39.130Z,1786209339128,2026-08-08T17:15:39.130Z
89fc15e9-9948-407f-9b50-10deeb53f100,DH892071775,Khách lẻ tại quầy,Khánh Hoàng,NV000021,14210,CASH,14210,0,0,379b Tôn Đức Thắng,COMPLETED,1,2026-08-08T17:08:12.072Z,1786208892071,2026-08-08T17:08:12.072Z
231f2468-a48a-4cfb-a987-67fe19cd23c7,DH782540743,Khách lẻ tại quầy,Khánh Hoàng,NV000021,41615,TRANSFER,0,41615,0,379b Tôn Đức Thắng,COMPLETED,3,2026-08-08T17:06:22.542Z,1786208782540,2026-08-08T17:06:22.542Z
bd0e958b-5311-467d-a081-f01182a39a70,DH772068070,Khách lẻ tại quầy,Khánh Hoàng,NV000021,22330,CASH,22330,0,0,379b Tôn Đức Thắng,COMPLETED,1,2026-08-08T17:06:12.070Z,1786208772069,2026-08-08T17:06:12.070Z
8c82bf79-04fd-4577-9650-d994972af98f,DH272613748,Khách lẻ tại quầy,Khánh Hoàng,NV000021,15225,MIXED,11000,4225,0,379b Tôn Đức Thắng,COMPLETED,1,2026-08-08T16:57:52.614Z,1786208272613,2026-08-08T16:57:52.614Z
a140506e-8d7f-4d95-9869-29d07625d98b,DH642557835,Khách lẻ tại quầy,Khánh Hoàng,NV000021,60900,MIXED,30000,30900,0,379b Tôn Đức Thắng,COMPLETED,2,2026-08-08T16:47:22.559Z,1786207642557,2026-08-08T16:47:22.559Z
06331f06-c17c-4440-a5ef-f7e3445817d4,DH330125142,Khách lẻ tại quầy,Khánh Hoàng,NV000021,15225,CASH,15225,0,0,379b Tôn Đức Thắng,COMPLETED,1,2026-08-08T16:42:10.127Z,1786207330125,2026-08-08T16:42:10.127Z
1deba5f3-6dca-4a98-9cc0-1f92c06f6100,DH245827714,Khách lẻ tại quầy,Khánh Hoàng,NV000021,31465,TRANSFER,0,31465,0,379b Tôn Đức Thắng,COMPLETED,2,2026-08-08T16:40:45.828Z,1786207245827,2026-08-08T16:40:45.828Z
01503c01-41b8-4aa3-ba95-0c762aaedd83,DH139840467,Khách lẻ tại quầy,Nguyễn Uyên,NV000051,18270,TRANSFER,0,18270,0,285 Nguyễn Lương Bằng,COMPLETED,2,2026-08-08T16:38:59.842Z,1786207139840,2026-08-08T16:38:59.842Z
c811d7a4-7a88-440a-ad72-d8cc9413222f,DH112640465,Khách lẻ tại quầy,Nguyễn Uyên,NV000051,18270,TRANSFER,0,18270,0,285 Nguyễn Lương Bằng,COMPLETED,2,2026-08-08T16:38:32.641Z,1786207112640,2026-08-08T16:38:32.641Z
767c36df-a6ae-45fe-bad2-7c69b3ec7894,DH000039062,Khách lẻ tại quầy,Nguyễn Uyên,NV000051,30450,CASH,30450,0,0,285 Nguyễn Lương Bằng,COMPLETED,2,2026-08-08T16:36:40.041Z,1786207000039,2026-08-08T16:36:40.041Z
d8e5791d-b7b0-4ce0-892c-22618c0c7ee3,DH914914713,Khách lẻ tại quầy,Khánh Hoàng,NV000021,30450,MIXED,15000,15450,0,379b Tôn Đức Thắng,COMPLETED,2,2026-08-08T16:35:14.915Z,1786206914914,2026-08-08T16:35:14.915Z
598a059a-7a8f-4e14-9369-01413ebe4800,DH850469275,Khách lẻ tại quầy,Nguyễn Uyên,NV000051,107590,TRANSFER,0,107590,0,285 Nguyễn Lương Bằng,COMPLETED,9,2026-08-08T16:34:10.470Z,1786206850469,2026-08-08T16:34:10.470Z
2794641d-0ef7-49b9-bdee-34a30f43349f,DH260077560,Khách lẻ tại quầy,Khánh Hoàng,NV000021,15225,TRANSFER,0,15225,0,379b Tôn Đức Thắng,COMPLETED,1,2026-08-08T16:24:20.078Z,1786206260077,2026-08-08T16:24:20.078Z
ed796bed-adc3-4824-ad3c-30d1f9e47e85,DH077859142,Khách lẻ tại quầy,Nguyễn Uyên,NV000051,15225,TRANSFER,0,15225,0,285 Nguyễn Lương Bằng,COMPLETED,1,2026-08-08T16:21:17.860Z,1786206077859,2026-08-08T16:21:17.860Z
31f697cf-6841-4f0f-897b-419b0312d6a0,DH647934884,Khách lẻ tại quầy,Khánh Hoàng,NV000021,30450,TRANSFER,0,30450,0,379b Tôn Đức Thắng,COMPLETED,2,2026-08-08T16:14:07.935Z,1786205647934,2026-08-08T16:14:07.935Z
2d69c450-9679-4473-8010-5262e12f46a9,DH820647622,Khách lẻ tại quầy,Khánh Hoàng,NV000021,25375,CASH,25375,0,0,379b Tôn Đức Thắng,COMPLETED,1,2026-08-08T16:00:20.649Z,1786204820647,2026-08-08T16:00:20.649Z
6962800d-8f25-4fab-96cf-9d3cd6104c49,DH811879605,Khách lẻ tại quầy,Khánh Hoàng,NV000021,27405,CASH,27405,0,0,379b Tôn Đức Thắng,COMPLETED,1,2026-08-08T16:00:11.881Z,1786204811879,2026-08-08T16:00:11.881Z
c1108938-b9be-486f-ae87-099d818ff19a,DH601113250,Khách lẻ tại quầy,Minh Trúc,NV000041,40600,TRANSFER,0,40600,0,285 Nguyễn Lương Bằng,COMPLETED,2,2026-08-08T15:56:41.114Z,1786204601113,2026-08-08T15:56:41.114Z
0d24347b-c597-4a9e-97a6-bd632b0059a1,DH912602595,Khách lẻ tại quầy,Khánh Hoàng,NV000021,26390,CASH,26390,0,0,379b Tôn Đức Thắng,COMPLETED,2,2026-08-08T15:45:12.603Z,1786203912602,2026-08-08T15:45:12.603Z
1c4cab89-0ef6-4572-93f6-ca6fd1c211f2,DH165957173,Khách lẻ tại quầy,Khánh Hoàng,NV000021,15225,TRANSFER,0,15225,0,379b Tôn Đức Thắng,COMPLETED,1,2026-08-08T15:32:45.958Z,1786203165957,2026-08-08T15:32:45.958Z
d1275259-7ff1-4bbb-a316-ec103af0b80d,DH971194460,Khách lẻ tại quầy,Khánh Hoàng,NV000021,48720,TRANSFER,0,48720,0,379b Tôn Đức Thắng,COMPLETED,2,2026-08-08T15:12:51.195Z,1786201971194,2026-08-08T15:12:51.195Z
e6158173-be20-4105-8fa9-c46eddeff100,DH743941974,Khách lẻ tại quầy,Khánh Hoàng,NV000021,14210,TRANSFER,0,14210,0,379b Tôn Đức Thắng,COMPLETED,1,2026-08-08T15:09:03.942Z,1786201743941,2026-08-08T15:09:03.942Z
6b885c91-dad5-4097-b319-7cdc70481914,DH719040000,Khách lẻ tại quầy,Minh Trúc,NV000041,15225,TRANSFER,0,15225,0,285 Nguyễn Lương Bằng,COMPLETED,1,2026-08-08T15:08:39.041Z,1786201719040,2026-08-08T15:08:39.041Z
48b4b679-d812-4931-a36c-2cf7970c1d34,DH395998363,Khách lẻ tại quầy,Khánh Hoàng,NV000021,48720,TRANSFER,0,48720,0,379b Tôn Đức Thắng,COMPLETED,4,2026-08-08T15:03:16.000Z,1786201395998,2026-08-08T15:03:16.000Z
e1cfa291-df67-4d3e-8ed4-2d02cd36f84b,DH364623296,Khách lẻ tại quầy,Minh Trúc,NV000041,33495,CASH,33495,0,0,285 Nguyễn Lương Bằng,COMPLETED,3,2026-08-08T15:02:44.624Z,1786201364623,2026-08-08T15:02:44.624Z
48cd8653-5a9b-4f0a-acc9-edc0270e35de,DH294455106,Khách lẻ tại quầy,Khánh Hoàng,NV000021,15225,TRANSFER,0,15225,0,379b Tôn Đức Thắng,COMPLETED,1,2026-08-08T15:01:34.456Z,1786201294455,2026-08-08T15:01:34.456Z
14a9f5f7-2d2b-4c68-8ca2-b7b6edfa15ab,DH980477700,Khách lẻ tại quầy,Khánh Hoàng,NV000021,21315,TRANSFER,0,21315,0,379b Tôn Đức Thắng,COMPLETED,2,2026-08-08T14:56:20.479Z,1786200980477,2026-08-08T14:56:20.479Z
26e7bf2a-6eec-48ce-b0e9-bfaec2cbc72e,DH449887373,Khách lẻ tại quầy,Minh Trúc,NV000041,15225,TRANSFER,0,15225,0,285 Nguyễn Lương Bằng,COMPLETED,1,2026-08-08T14:47:29.888Z,1786200449887,2026-08-08T14:47:29.888Z
0c24b957-ea23-43f0-b802-fede2cdf6f0e,DH183473666,Khách lẻ tại quầy,Minh Trúc,NV000041,18270,TRANSFER,0,18270,0,285 Nguyễn Lương Bằng,COMPLETED,2,2026-08-08T14:43:03.473Z,1786200183473,2026-08-08T14:43:03.473Z
1ed95527-c84c-437f-92df-88e01d098c77,DH969051998,Khách lẻ tại quầy,Khánh Hoàng,NV000021,44660,TRANSFER,0,44660,0,379b Tôn Đức Thắng,COMPLETED,4,2026-08-08T14:39:29.053Z,1786199969051,2026-08-08T14:39:29.053Z
b1c5c3ed-c5a9-4c93-a372-8542e26cf1de,DH848365293,Khách lẻ tại quầy,Khánh Hoàng,NV000021,147175,TRANSFER,0,147175,0,379b Tôn Đức Thắng,COMPLETED,11,2026-08-08T14:37:28.366Z,1786199848365,2026-08-08T14:37:28.366Z
8fdf6e0e-dfeb-4fdd-8903-4e896c151d0e,DH632454457,Khách lẻ tại quầy,Khánh Hoàng,NV000021,50750,CASH,50750,0,0,379b Tôn Đức Thắng,COMPLETED,3,2026-08-08T14:33:52.456Z,1786199632454,2026-08-08T14:33:52.456Z
1afd9331-9679-4564-9c52-07e85b8c7e3d,DH495859276,Khách lẻ tại quầy,Khánh Hoàng,NV000021,15225,TRANSFER,0,15225,0,379b Tôn Đức Thắng,COMPLETED,1,2026-08-08T14:31:35.861Z,1786199495859,2026-08-08T14:31:35.861Z
8d4d0fe9-9ffd-4871-8000-94fc72eee87d,DH312205309,Khách lẻ tại quầy,Khánh Hoàng,NV000021,160269,CASH,"160268,5",0,0,379b Tôn Đức Thắng,COMPLETED,10,2026-08-08T14:28:32.206Z,1786199312205,2026-08-08T14:28:32.206Z
46666ce0-62b1-4dd1-8a35-f280840bfd41,DH085392665,Khách lẻ tại quầy,Minh Trúc,NV000041,3045,TRANSFER,0,3045,0,285 Nguyễn Lương Bằng,COMPLETED,1,2026-08-08T14:24:45.393Z,1786199085392,2026-08-08T14:24:45.393Z
cb168e2a-dafe-434d-88ba-c6c73ad1c083,DH063090617,Khách lẻ tại quầy,Khánh Hoàng,NV000021,7105,TRANSFER,0,7105,0,379b Tôn Đức Thắng,COMPLETED,1,2026-08-08T14:24:23.092Z,1786199063090,2026-08-08T14:24:23.092Z
8d11e1a7-5048-40db-94ab-9a19587dd940,DH059194057,Khách lẻ tại quầy,Minh Trúc,NV000041,45675,TRANSFER,0,45675,0,285 Nguyễn Lương Bằng,COMPLETED,4,2026-08-08T14:24:19.196Z,1786199059194,2026-08-08T14:24:19.196Z
de2357c5-5ce7-43da-95db-1d9ad481d1cc,DH989156861,Khách lẻ tại quầy,Minh Trúc,NV000041,30349,TRANSFER,0,"30348,5",0,285 Nguyễn Lương Bằng,COMPLETED,2,2026-08-08T14:23:09.158Z,1786198989156,2026-08-08T14:23:09.158Z
4f824f54-f0da-4d94-a501-1b70076927db,DH778862911,Khách lẻ tại quầy,Khánh Hoàng,NV000021,54810,TRANSFER,0,54810,0,379b Tôn Đức Thắng,COMPLETED,2,2026-08-08T14:19:38.864Z,1786198778862,2026-08-08T14:19:38.864Z
13e85c15-ac98-4db3-bbb1-fa500421064a,DH515346372,Khách lẻ tại quầy,Khánh Hoàng,NV000021,81200,TRANSFER,0,81200,0,379b Tôn Đức Thắng,COMPLETED,7,2026-08-08T14:15:15.347Z,1786198515346,2026-08-08T14:15:15.347Z
02f4ef17-c90d-43c6-9a9f-eb9935cfde4f,DH503578645,Khách lẻ tại quầy,Khánh Hoàng,NV000021,33495,TRANSFER,0,33495,0,379b Tôn Đức Thắng,COMPLETED,3,2026-08-08T13:41:43.579Z,1786196503578,2026-08-08T13:41:43.579Z
85b4a11e-c631-40f6-be0e-539d9693ca4a,DH267196002,Khách lẻ tại quầy,Khánh Hoàng,NV000021,74095,CASH,74095,0,0,379b Tôn Đức Thắng,COMPLETED,5,2026-08-08T13:37:47.197Z,1786196267196,2026-08-08T13:37:47.197Z
e26b356f-235d-40ee-ba84-c4b19b97fcee,DH112621431,Khách lẻ tại quầy,Khánh Hoàng,NV000021,15225,TRANSFER,0,15225,0,379b Tôn Đức Thắng,COMPLETED,1,2026-08-08T13:35:12.622Z,1786196112621,2026-08-08T13:35:12.622Z
82b3a6db-38ec-4679-a672-a2ad60069905,DH529274066,Khách lẻ tại quầy,Khánh Hoàng,NV000021,36540,TRANSFER,0,36540,0,379b Tôn Đức Thắng,COMPLETED,4,2026-08-08T13:25:29.275Z,1786195529274,2026-08-08T13:25:29.275Z
587f3fb6-f82e-4e36-b123-f1e02631d379,DH092981705,Khách lẻ tại quầy,Khánh Hoàng,NV000021,30450,TRANSFER,0,30450,0,379b Tôn Đức Thắng,COMPLETED,2,2026-08-08T13:18:12.982Z,1786195092981,2026-08-08T13:18:12.982Z
341d9cd5-ae46-4605-a48b-a44b2e0663ff,DH070492214,Khách lẻ tại quầy,Khánh Hoàng,NV000021,26390,TRANSFER,0,26390,0,379b Tôn Đức Thắng,COMPLETED,2,2026-08-08T13:17:50.493Z,1786195070492,2026-08-08T13:17:50.493Z
4d3db4f8-fd1c-4cf7-bad5-cce91db8bb27,DH213829321,Khách lẻ tại quầy,Khánh Hoàng,NV000021,48720,TRANSFER,0,48720,0,379b Tôn Đức Thắng,COMPLETED,2,2026-08-08T13:03:33.831Z,1786194213829,2026-08-08T13:03:33.831Z
96bf871f-18dc-40be-bdd3-4dfddf2ab9e6,DH043904773,Khách lẻ tại quầy,Khánh Hoàng,NV000021,47705,TRANSFER,0,47705,0,379b Tôn Đức Thắng,COMPLETED,2,2026-08-08T12:10:43.905Z,1786191043904,2026-08-08T12:10:43.905Z
f1612932-00a9-4686-9b01-8e1244140c6b,DH854785177,Khách lẻ tại quầy,Khánh Hoàng,NV000021,14210,TRANSFER,0,14210,0,379b Tôn Đức Thắng,COMPLETED,1,2026-08-08T11:34:14.786Z,1786188854785,2026-08-08T11:34:14.786Z
b6f06995-640b-42b8-8b9f-05cd7b956b73,DH600493506,Khách lẻ tại quầy,Lệ Quyên,NV000036,13195,CASH,13195,0,0,379b Tôn Đức Thắng,COMPLETED,1,2026-08-08T10:23:20.495Z,1786184600493,2026-08-08T10:23:20.495Z
b68d792d-c9f4-4e59-a3c0-3410603a99cf,DH204608343,Khách lẻ tại quầy,Lệ Quyên,NV000036,48720,TRANSFER,0,48720,0,379b Tôn Đức Thắng,COMPLETED,5,2026-08-08T06:56:44.609Z,1786172204608,2026-08-08T06:56:44.609Z
102b4f1d-b1d4-41e1-b826-f0abd53eaf94,DH794922971,Khách lẻ tại quầy,Thanh Ngân,NV000029,15225,CASH,15225,0,0,379b Tôn Đức Thắng,COMPLETED,1,2026-08-08T05:09:54.923Z,1786165794922,2026-08-08T05:09:54.923Z
77192bfd-3eeb-4d8c-8576-48b0773addfb,DH587020608,Khách lẻ tại quầy,Thanh Ngân,NV000029,15225,CASH,15225,0,0,379b Tôn Đức Thắng,COMPLETED,1,2026-08-08T04:49:47.021Z,1786164587020,2026-08-08T04:49:47.021Z
607d6422-5e9b-441f-af2f-b5912ba1a477,DH581226792,Khách lẻ tại quầy,Thanh Ngân,NV000029,15225,TRANSFER,0,15225,0,379b Tôn Đức Thắng,COMPLETED,1,2026-08-08T02:53:01.227Z,1786157581226,2026-08-08T02:53:01.227Z
5bdcc29e-49d0-4214-bcde-c385c4382de1,DH554781031,Khách lẻ tại quầy,Thanh Ngân,NV000029,15225,TRANSFER,0,15225,0,379b Tôn Đức Thắng,COMPLETED,1,2026-08-08T02:52:34.782Z,1786157554781,2026-08-08T02:52:34.782Z
3cf6b66e-5537-425d-849b-31bbdacbcb3e,DH921083124,Khách lẻ tại quầy,Mỹ Hà,NV000047,84042,CASH,84042,0,0,379b Tôn Đức Thắng,COMPLETED,6,2026-08-07T21:42:01.085Z,1786138921083,2026-08-07T21:42:01.085Z
dccbec40-cb76-42d3-8aeb-b048dbb92feb,DH735042925,Khách lẻ tại quầy,Mỹ Hà,NV000047,110534,TRANSFER,0,"110533,5",0,379b Tôn Đức Thắng,COMPLETED,5,2026-08-07T21:38:55.044Z,1786138735042,2026-08-07T21:38:55.044Z
1742d588-7df7-4ffe-8890-9437254e3a4d,DH483409384,Khách lẻ tại quầy,Mỹ Hà,NV000047,15225,TRANSFER,0,15225,0,379b Tôn Đức Thắng,COMPLETED,1,2026-08-07T21:34:43.411Z,1786138483409,2026-08-07T21:34:43.411Z
6def6cbc-16d2-4277-b9b9-41e3ac466d15,DH100652099,Khách lẻ tại quầy,Mỹ Hà,NV000047,24360,CASH,24360,0,0,379b Tôn Đức Thắng,COMPLETED,1,2026-08-07T21:28:20.654Z,1786138100653,2026-08-07T21:28:20.654Z
4dbcfcfa-c4f2-45a4-981b-cf04cf989fd9,DH672683756,Khách lẻ tại quầy,Mỹ Hà,NV000047,34510,TRANSFER,0,34510,0,379b Tôn Đức Thắng,COMPLETED,2,2026-08-07T21:21:12.685Z,1786137672683,2026-08-07T21:21:12.685Z
4212dffd-f3ff-4ba4-8777-36d4264cf2f8,DH463628517,Khách lẻ tại quầy,Mỹ Hà,NV000047,7105,TRANSFER,0,7105,0,379b Tôn Đức Thắng,COMPLETED,1,2026-08-07T21:17:43.630Z,1786137463628,2026-08-07T21:17:43.630Z
3bc5026f-32e6-4725-bb89-2aa5b5f32fb1,DH099076600,Khách lẻ tại quầy,Mỹ Hà,NV000047,56840,TRANSFER,0,56840,0,379b Tôn Đức Thắng,COMPLETED,9,2026-08-07T21:11:39.078Z,1786137099076,2026-08-07T21:11:39.078Z
3576d4dd-0fcb-4ac1-b89c-92ba437abf95,DH092066419,Khách lẻ tại quầy,Mỹ Hà,NV000047,32480,CASH,32480,0,0,379b Tôn Đức Thắng,COMPLETED,2,2026-08-07T21:11:32.068Z,1786137092066,2026-08-07T21:11:32.068Z
40510da7-11be-4134-a569-1967a7da7a2b,DH535685568,Khách lẻ tại quầy,Mỹ Hà,NV000047,27405,TRANSFER,0,27405,0,379b Tôn Đức Thắng,COMPLETED,1,2026-08-07T20:45:35.687Z,1786135535685,2026-08-07T20:45:35.687Z
ae25b978-1c9a-436f-b594-dffcda2f8726,DH010254849,Khách lẻ tại quầy,Mỹ Hà,NV000047,60900,CASH,60900,0,0,379b Tôn Đức Thắng,COMPLETED,2,2026-08-07T20:20:10.256Z,1786134010254,2026-08-07T20:20:10.256Z
0a3a1b42-5ee9-4182-aa85-797699050dca,DH097482204,Khách lẻ tại quầy,Mỹ Hà,NV000047,54709,TRANSFER,0,"54708,5",0,379b Tôn Đức Thắng,COMPLETED,3,2026-08-07T20:04:57.484Z,1786133097482,2026-08-07T20:04:57.484Z
b7b8aa6a-c6d2-414b-b97e-2103182e7501,DH664852470,Khách lẻ tại quầy,Mỹ Hà,NV000047,119770,TRANSFER,0,119770,0,379b Tôn Đức Thắng,COMPLETED,8,2026-08-07T19:57:44.854Z,1786132664852,2026-08-07T19:57:44.854Z
76538bd9-343a-42a8-881f-ed43b482e242,DH485354427,Khách lẻ tại quầy,Mỹ Hà,NV000047,15225,CASH,15225,0,0,379b Tôn Đức Thắng,COMPLETED,1,2026-08-07T19:54:45.356Z,1786132485354,2026-08-07T19:54:45.356Z
1a5c2eb1-fff2-4ec8-9bc2-d8fe999a452e,DH392249917,Khách lẻ tại quầy,Mỹ Hà,NV000047,26390,CASH,26390,0,0,379b Tôn Đức Thắng,COMPLETED,2,2026-08-07T19:53:12.250Z,1786132392249,2026-08-07T19:53:12.250Z
2b31c8f1-e6d1-495d-ac35-76664de09491,DH297918983,Khách lẻ tại quầy,Mỹ Hà,NV000047,34510,TRANSFER,0,34510,0,379b Tôn Đức Thắng,COMPLETED,1,2026-08-07T19:51:37.920Z,1786132297918,2026-08-07T19:51:37.920Z
ccc8c6f7-32bd-4ab7-a809-467063800375,DH289359245,Khách lẻ tại quầy,Mỹ Hà,NV000047,44660,TRANSFER,0,44660,0,379b Tôn Đức Thắng,COMPLETED,3,2026-08-07T19:51:29.361Z,1786132289359,2026-08-07T19:51:29.361Z
34e965d5-86b1-4da2-9768-799a3c2bba46,DH484643539,Khách lẻ tại quầy,Mỹ Hà,NV000047,14210,CASH,14210,0,0,379b Tôn Đức Thắng,COMPLETED,1,2026-08-07T19:38:04.644Z,1786131484643,2026-08-07T19:38:04.644Z
c242b0d8-0889-4b3b-85ea-a9f5b2fded85,DH325562136,Khách lẻ tại quầy,Mỹ Hà,NV000047,187775,TRANSFER,0,187775,0,379b Tôn Đức Thắng,COMPLETED,10,2026-08-07T19:35:25.563Z,1786131325562,2026-08-07T19:35:25.563Z
ce17914b-81dc-4178-ad7b-59ce2d2b901e,DH735070464,Khách lẻ tại quầy,Mỹ Hà,NV000047,49735,CASH,49735,0,0,379b Tôn Đức Thắng,COMPLETED,3,2026-08-07T19:08:55.071Z,1786129735070,2026-08-07T19:08:55.071Z
e4f47ac8-70cc-4063-9356-042c845002d9,DH536648481,Khách lẻ tại quầy,Mỹ Hà,NV000047,42630,TRANSFER,0,42630,0,379b Tôn Đức Thắng,COMPLETED,2,2026-08-07T19:05:36.650Z,1786129536648,2026-08-07T19:05:36.650Z
2df1949a-7b5e-49ec-bac5-1726d347b91f,DH857343464,Khách lẻ tại quầy,Mỹ Hà,NV000047,15225,TRANSFER,0,15225,0,379b Tôn Đức Thắng,COMPLETED,1,2026-08-07T18:54:17.345Z,1786128857343,2026-08-07T18:54:17.345Z
c85ea817-b67a-465c-8c91-0f23bb781fdc,DH692502114,Khách lẻ tại quầy,Mỹ Hà,NV000047,15225,CASH,15225,0,0,379b Tôn Đức Thắng,COMPLETED,1,2026-08-07T18:51:32.503Z,1786128692502,2026-08-07T18:51:32.503Z
8595a33c-9501-4268-8062-7b884b043e29,DH890298459,Khách lẻ tại quầy,Mỹ Hà,NV000047,14210,CASH,14210,0,0,379b Tôn Đức Thắng,COMPLETED,1,2026-08-07T18:38:10.300Z,1786127890298,2026-08-07T18:38:10.300Z
4aaf8a11-4585-41d9-ac24-f357e35d78bb,DH864556824,Khách lẻ tại quầy,Mỹ Hà,NV000047,56840,TRANSFER,0,56840,0,379b Tôn Đức Thắng,COMPLETED,3,2026-08-07T18:37:44.557Z,1786127864556,2026-08-07T18:37:44.557Z
85fb5d2b-7785-4d37-8e4f-26ed328f3fc3,DH845256681,Khách lẻ tại quầy,Mỹ Hà,NV000047,54810,CASH,54810,0,0,379b Tôn Đức Thắng,COMPLETED,4,2026-08-07T18:37:25.258Z,1786127845256,2026-08-07T18:37:25.258Z
6f63c80f-2afe-4a58-a338-cddebc5655f6,DH574516438,Khách lẻ tại quầy,Mỹ Hà,NV000047,30247,CASH,30247,0,0,379b Tôn Đức Thắng,COMPLETED,3,2026-08-07T18:32:54.517Z,1786127574516,2026-08-07T18:32:54.517Z
d28ef82f-54d3-46db-8d85-f5d7c54a4c95,DH496805615,Khách lẻ tại quầy,Mỹ Hà,NV000047,15225,TRANSFER,0,15225,0,379b Tôn Đức Thắng,COMPLETED,1,2026-08-07T18:31:36.807Z,1786127496805,2026-08-07T18:31:36.807Z
dd5e0d04-76b5-4bd5-8677-e6ab7522a293,DH957935202,Khách lẻ tại quầy,Mỹ Hà,NV000047,26390,CASH,26390,0,0,379b Tôn Đức Thắng,COMPLETED,3,2026-08-07T18:22:37.936Z,1786126957935,2026-08-07T18:22:37.936Z
75d388f4-640c-4b8b-8e8c-006351f01f8b,DH235000713,Khách lẻ tại quầy,Mỹ Hà,NV000047,13195,TRANSFER,0,13195,0,379b Tôn Đức Thắng,COMPLETED,1,2026-08-07T18:10:35.001Z,1786126235000,2026-08-07T18:10:35.001Z
8aed239b-f78e-4cb8-9d6c-3b9081cca9cc,DH214138482,Khách lẻ tại quầy,Mỹ Hà,NV000047,10150,TRANSFER,0,10150,0,379b Tôn Đức Thắng,COMPLETED,1,2026-08-07T18:10:14.139Z,1786126214138,2026-08-07T18:10:14.139Z
444b205b-7761-4a9b-b5e9-4c5468eff507,DH877650382,Khách lẻ tại quầy,Mỹ Hà,NV000047,6090,TRANSFER,0,6090,0,379b Tôn Đức Thắng,COMPLETED,2,2026-08-07T18:04:37.652Z,1786125877650,2026-08-07T18:04:37.652Z
c1571e64-2b03-48f8-b452-6da2372b72d1,DH857908856,Khách lẻ tại quầy,Mỹ Hà,NV000047,52780,TRANSFER,0,52780,0,379b Tôn Đức Thắng,COMPLETED,3,2026-08-07T18:04:17.909Z,1786125857908,2026-08-07T18:04:17.909Z
a008151e-496a-4b82-a0e2-63aaefb76cda,DH641827825,Khách lẻ tại quầy,Mỹ Hà,NV000047,6090,TRANSFER,0,6090,0,379b Tôn Đức Thắng,COMPLETED,2,2026-08-07T18:00:41.830Z,1786125641827,2026-08-07T18:00:41.830Z
829139e6-6b09-46e0-b081-0f1d293c9160,DH976955337,Khách lẻ tại quầy,Mỹ Hà,NV000047,7105,TRANSFER,0,7105,0,379b Tôn Đức Thắng,COMPLETED,1,2026-08-07T17:32:56.957Z,1786123976955,2026-08-07T17:32:56.957Z
e1cd4505-8232-4e01-8104-4b08a6517953,DH826666239,Khách lẻ tại quầy,Mỹ Hà,NV000047,103327,CASH,103327,0,0,379b Tôn Đức Thắng,COMPLETED,8,2026-08-07T17:30:26.669Z,1786123826666,2026-08-07T17:30:26.669Z
c8288adb-a17f-4a5e-b102-7b1fb7d7eb68,DH378441061,Khách lẻ tại quầy,Mỹ Hà,NV000047,39585,TRANSFER,0,39585,0,379b Tôn Đức Thắng,COMPLETED,2,2026-08-07T17:22:58.443Z,1786123378441,2026-08-07T17:22:58.443Z
6fe24409-4ca7-4d58-a307-bd411a0f0597,DH178473164,Khách lẻ tại quầy,Mỹ Hà,NV000047,36540,TRANSFER,0,36540,0,379b Tôn Đức Thắng,COMPLETED,4,2026-08-07T17:02:58.475Z,1786122178473,2026-08-07T17:02:58.475Z
2b783a38-22d8-4a1e-9e79-9fd1e34e0696,DH991082797,Khách lẻ tại quầy,Mỹ Hà,NV000047,33495,TRANSFER,0,33495,0,379b Tôn Đức Thắng,COMPLETED,2,2026-08-07T16:59:51.083Z,1786121991082,2026-08-07T16:59:51.083Z
f3020278-349f-4436-8686-8ae32a98650c,DH980923652,Khách lẻ tại quầy,Mỹ Hà,NV000047,15225,TRANSFER,0,15225,0,379b Tôn Đức Thắng,COMPLETED,1,2026-08-07T16:59:40.924Z,1786121980923,2026-08-07T16:59:40.924Z
28ee571b-dac9-4c3c-85b5-54de021871bd,DH866019451,Khách lẻ tại quầy,Mỹ Hà,NV000047,13195,TRANSFER,0,13195,0,379b Tôn Đức Thắng,COMPLETED,1,2026-08-07T16:57:46.021Z,1786121866019,2026-08-07T16:57:46.021Z
da3887a3-5baa-4c9a-86b7-f3113912fe35,DH584113383,Khách lẻ tại quầy,Nguyễn Uyên,NV000051,7105,CASH,7105,0,0,285 Nguyễn Lương Bằng,COMPLETED,1,2026-08-07T16:53:04.115Z,1786121584113,2026-08-07T16:53:04.115Z
3588323c-ce4e-425e-ad7f-d7376f3b8f0e,DH272591291,Khách lẻ tại quầy,Mỹ Hà,NV000047,3045,TRANSFER,0,3045,0,379b Tôn Đức Thắng,COMPLETED,1,2026-08-07T16:47:52.592Z,1786121272591,2026-08-07T16:47:52.592Z
0418ffc0-20bc-468f-ac57-0e37fa2f7d44,DH571855266,Khách lẻ tại quầy,Mỹ Hà,NV000047,93380,CASH,93380,0,0,379b Tôn Đức Thắng,COMPLETED,5,2026-08-07T16:36:11.857Z,1786120571855,2026-08-07T16:36:11.857Z
5c44cd0c-335f-4293-a759-04ccafe2cae9,DH528539982,Khách lẻ tại quầy,Mỹ Hà,NV000047,15225,CASH,15225,0,0,379b Tôn Đức Thắng,COMPLETED,1,2026-08-07T16:35:28.541Z,1786120528539,2026-08-07T16:35:28.541Z
a55b76ad-8c65-4046-8edc-98808840a993,DH447254884,Khách lẻ tại quầy,Mỹ Hà,NV000047,10150,CASH,10150,0,0,379b Tôn Đức Thắng,COMPLETED,1,2026-08-07T16:34:07.256Z,1786120447254,2026-08-07T16:34:07.256Z
7644a471-e190-4ca7-b162-a9194bc91f4a,DH178298020,Khách lẻ tại quầy,Mỹ Hà,NV000047,34510,TRANSFER,0,34510,0,379b Tôn Đức Thắng,COMPLETED,1,2026-08-07T16:29:38.299Z,1786120178298,2026-08-07T16:29:38.299Z
b188e568-5259-4e5e-8830-6182a8e24dac,DH998642053,Khách lẻ tại quầy,Nguyễn Uyên,NV000051,15225,TRANSFER,0,15225,0,285 Nguyễn Lương Bằng,COMPLETED,1,2026-08-07T16:26:38.644Z,1786119998642,2026-08-07T16:26:38.644Z
313be1a8-9e81-4bc1-958d-7509841d5651,DH763414491,Khách lẻ tại quầy,Mỹ Hà,NV000047,29435,CASH,29435,0,0,379b Tôn Đức Thắng,COMPLETED,3,2026-08-07T16:22:43.416Z,1786119763414,2026-08-07T16:22:43.416Z
29eb4649-c514-4dc3-bc0b-07d7714631ca,DH670560198,Khách lẻ tại quầy,Mỹ Hà,NV000047,14210,CASH,14210,0,0,379b Tôn Đức Thắng,COMPLETED,1,2026-08-07T16:21:10.561Z,1786119670560,2026-08-07T16:21:10.561Z
bbbe0214-3f33-4c89-8dac-62a13455917c,DH644459843,Khách lẻ tại quầy,Mỹ Hà,NV000047,78155,TRANSFER,0,78155,0,379b Tôn Đức Thắng,COMPLETED,5,2026-08-07T16:20:44.461Z,1786119644459,2026-08-07T16:20:44.461Z
f9387604-1515-42a4-9e3d-4042a8a43fef,DH381386524,Khách lẻ tại quầy,Mỹ Hà,NV000047,30450,TRANSFER,0,30450,0,379b Tôn Đức Thắng,COMPLETED,2,2026-08-07T16:16:21.387Z,1786119381386,2026-08-07T16:16:21.387Z
6c47fe42-595c-47a1-b521-902f7db8377a,DH162982871,Khách lẻ tại quầy,Lệ Quyên,NV000036,15225,TRANSFER,0,15225,0,379b Tôn Đức Thắng,COMPLETED,1,2026-08-07T15:56:02.984Z,1786118162982,2026-08-07T15:56:02.984Z
effd915e-a72a-4410-8df4-5b810f995dd9,DH156473231,Khách lẻ tại quầy,Lệ Quyên,NV000036,34510,TRANSFER,0,34510,0,379b Tôn Đức Thắng,COMPLETED,1,2026-08-07T15:55:56.474Z,1786118156473,2026-08-07T15:55:56.474Z
84cb2907-ca31-4509-a10d-bef554053523,DH066144073,Khách lẻ tại quầy,Lệ Quyên,NV000036,82215,CASH,82215,0,0,379b Tôn Đức Thắng,COMPLETED,3,2026-08-07T15:54:26.147Z,1786118066144,2026-08-07T15:54:26.147Z
4cb73b87-ef38-4fae-874a-ca7ec4c8306a,DH960337693,Khách lẻ tại quầy,Lệ Quyên,NV000036,76125,CASH,76125,0,0,379b Tôn Đức Thắng,COMPLETED,3,2026-08-07T15:52:40.338Z,1786117960337,2026-08-07T15:52:40.338Z
1b41df2d-4526-4014-a7ee-6ad15bee50fe,DH892343392,Khách lẻ tại quầy,Nguyễn Uyên,NV000051,15225,CASH,15225,0,0,285 Nguyễn Lương Bằng,COMPLETED,1,2026-08-07T15:51:32.345Z,1786117892343,2026-08-07T15:51:32.345Z
8bb34481-9980-4f15-ada4-7f49a5743f0a,DH852016553,Khách lẻ tại quầy,Lệ Quyên,NV000036,15225,TRANSFER,0,15225,0,379b Tôn Đức Thắng,COMPLETED,1,2026-08-07T15:50:52.017Z,1786117852016,2026-08-07T15:50:52.017Z
f213c0bd-5f68-4a82-8348-65b8100093c5,DH789769685,Khách lẻ tại quầy,Lệ Quyên,NV000036,22229,TRANSFER,0,"22228,5",0,379b Tôn Đức Thắng,COMPLETED,2,2026-08-07T15:49:49.770Z,1786117789769,2026-08-07T15:49:49.770Z
50b9da0f-e752-4f37-a59f-1e79b3dc5469,DH661419543,Khách lẻ tại quầy,Lệ Quyên,NV000036,34510,TRANSFER,0,34510,0,379b Tôn Đức Thắng,COMPLETED,2,2026-08-07T15:47:41.421Z,1786117661419,2026-08-07T15:47:41.421Z
3432cf7e-be0e-44a5-b4d9-50f6e964c74a,DH560142547,Khách lẻ tại quầy,Lệ Quyên,NV000036,6090,CASH,6090,0,0,379b Tôn Đức Thắng,COMPLETED,2,2026-08-07T15:46:00.144Z,1786117560142,2026-08-07T15:46:00.144Z
c6333a1e-197e-443b-8109-db8267c7ca97,DH556155197,Khách lẻ tại quầy,Nguyễn Uyên,NV000051,37555,TRANSFER,0,37555,0,285 Nguyễn Lương Bằng,COMPLETED,2,2026-08-07T15:45:56.156Z,1786117556155,2026-08-07T15:45:56.156Z
5c4007ae-51f8-481c-bcfa-77af5ceae7f5,DH195899306,Khách lẻ tại quầy,Lệ Quyên,NV000036,15225,CASH,15225,0,0,379b Tôn Đức Thắng,COMPLETED,1,2026-08-07T15:39:55.901Z,1786117195899,2026-08-07T15:39:55.901Z
b31af5d5-7117-4800-9527-b04975139ac5,DH958442498,Khách lẻ tại quầy,Lệ Quyên,NV000036,63945,CASH,63945,0,0,379b Tôn Đức Thắng,COMPLETED,3,2026-08-07T15:35:58.444Z,1786116958442,2026-08-07T15:35:58.444Z
1a804cc4-a1a4-4c2a-abc6-62dd560a7427,DH088219174,Khách lẻ tại quầy,Lệ Quyên,NV000036,37555,CASH,37555,0,0,379b Tôn Đức Thắng,COMPLETED,3,2026-08-07T15:21:28.221Z,1786116088219,2026-08-07T15:21:28.221Z
9f697e71-7abb-415f-a7fa-52c7b8bab7de,DH090660906,Khách lẻ tại quầy,Nguyễn Uyên,NV000051,6090,CASH,6090,0,0,285 Nguyễn Lương Bằng,COMPLETED,2,2026-08-07T15:04:50.662Z,1786115090660,2026-08-07T15:04:50.662Z
8db63f6f-b4c5-4067-a345-d11ec38a5dd8,DH963605187,Khách lẻ tại quầy,Nguyễn Uyên,NV000051,30450,CASH,30450,0,0,285 Nguyễn Lương Bằng,COMPLETED,2,2026-08-07T15:02:43.607Z,1786114963605,2026-08-07T15:02:43.607Z
12f939a9-531b-41dc-b0e8-6541b980088a,DH114697273,Khách lẻ tại quầy,Lệ Quyên,NV000036,47705,TRANSFER,0,47705,0,379b Tôn Đức Thắng,COMPLETED,2,2026-08-07T14:31:54.698Z,1786113114697,2026-08-07T14:31:54.698Z
7aae66e4-9c4e-48c6-81b5-47712c839945,DH697262271,Khách lẻ tại quầy,Lệ Quyên,NV000036,19285,CASH,19285,0,0,379b Tôn Đức Thắng,COMPLETED,1,2026-08-07T14:24:57.264Z,1786112697262,2026-08-07T14:24:57.264Z
fb546f93-3d70-43b3-994d-459cc2d3c9f2,DH689713359,Khách lẻ tại quầy,Lệ Quyên,NV000036,24360,CASH,24360,0,0,379b Tôn Đức Thắng,COMPLETED,1,2026-08-07T14:24:49.714Z,1786112689713,2026-08-07T14:24:49.714Z
6b2eb414-fd6e-4490-9586-1bd99d87bb33,DH546854038,Khách lẻ tại quầy,Lệ Quyên,NV000036,107590,TRANSFER,0,107590,0,379b Tôn Đức Thắng,COMPLETED,8,2026-08-07T14:22:26.856Z,1786112546854,2026-08-07T14:22:26.856Z
b7869b1b-43e2-43ea-82ec-ba1128857b2f,DH476807347,Khách lẻ tại quầy,Nguyễn Uyên,NV000051,51765,TRANSFER,0,51765,0,285 Nguyễn Lương Bằng,COMPLETED,5,2026-08-07T14:04:36.809Z,1786111476807,2026-08-07T14:04:36.809Z
21ac1ff2-7d34-412c-a3ff-253d015f8dcd,DH977638307,Khách lẻ tại quầy,Lệ Quyên,NV000036,45675,TRANSFER,0,45675,0,379b Tôn Đức Thắng,COMPLETED,2,2026-08-07T13:56:17.640Z,1786110977638,2026-08-07T13:56:17.640Z
1817e0e1-c5db-45b5-bb2a-5e3e0aef9d75,DH578951615,Khách lẻ tại quầy,Lệ Quyên,NV000036,43645,CASH,43645,0,0,379b Tôn Đức Thắng,COMPLETED,2,2026-08-07T13:32:58.952Z,1786109578951,2026-08-07T13:32:58.952Z
1f7bc4cb-0525-401a-8364-52b3fb0d1d83,DH505560535,Khách lẻ tại quầy,Lệ Quyên,NV000036,107590,TRANSFER,0,107590,0,379b Tôn Đức Thắng,COMPLETED,6,2026-08-07T13:31:45.565Z,1786109505560,2026-08-07T13:31:45.565Z
171abbc6-ef04-4401-b53d-eb607cdeee15,DH583771820,Khách lẻ tại quầy,Lệ Quyên,NV000036,40600,CASH,40600,0,0,379b Tôn Đức Thắng,COMPLETED,2,2026-08-07T13:16:23.773Z,1786108583771,2026-08-07T13:16:23.773Z
8d7c28af-da45-4360-9ce8-e08f9b98a099,DH238070411,Khách lẻ tại quầy,Lệ Quyên,NV000036,3045,TRANSFER,0,3045,0,379b Tôn Đức Thắng,COMPLETED,1,2026-08-07T13:10:38.072Z,1786108238070,2026-08-07T13:10:38.072Z
38bb68aa-b397-46fa-bd19-43835feee97e,DH390068815,Khách lẻ tại quầy,Lệ Quyên,NV000036,16037,TRANSFER,0,16037,0,379b Tôn Đức Thắng,COMPLETED,2,2026-08-07T12:56:30.070Z,1786107390068,2026-08-07T12:56:30.070Z