id,sku,name,brandName,unit,categoryName,retailPrice,costPrice,status,imageUrl,lastSoldAt,createdAt,updatedAt
37e385a8-4cfc-4041-a2cb-5524eb7b91dd,SP161209,Trà Sữa Vị Sữa Nướng Weibao,2Mart,,Nước topping thạch dừa,32000,0,INACTIVE,,2026-08-16T13:44:24.269Z,2026-07-30T02:55:56.813Z,2026-08-16T13:44:24.280Z
a0608936-df76-4d90-b301-0d96fc7cfd91,SP161218,Sữa chua việt quất HS,2Mart,,Nước trái cây,32000,0,INACTIVE,,,2026-07-30T02:55:56.680Z,2026-07-30T02:56:55.850Z
92ef7487-78a1-44d7-8207-d8b6aa7c66dd,SP161217,Sữa chua Chuối HS,2Mart,,Nước trái cây,32000,0,INACTIVE,,2026-08-09T14:52:59.755Z,2026-07-30T02:55:56.685Z,2026-08-09T14:52:59.791Z
2956f055-4bc5-415e-ae8a-e929e58d8504,8935311103602,Mì thịt thật,vifon,,Mì bát-ly-gói-hủ tiếu-phở,23000,"15916,67",INACTIVE,,2026-08-19T12:42:05.507Z,2026-07-30T02:55:56.766Z,2026-08-19T12:42:05.527Z
d8ff2289-fc46-427e-8641-5f9fa4e63bc8,8935001215530,Trà xanh Hương chanh Wonderfarm 430ml,2Mart,,Nước trái cây,15000,0,INACTIVE,,2026-08-18T18:18:04.136Z,2026-07-30T02:55:56.698Z,2026-08-18T18:18:04.157Z
c6442610-8f29-4ea0-8edf-82ebfd5bfcc7,SP161215,Thuốc lá Thăng Long slim,2Mart,,thuốc lá,20000,0,INACTIVE,,,2026-07-30T02:55:56.703Z,2026-07-30T02:56:55.865Z
605cf168-c8ba-4435-bbcf-dae4ec179f4e,SP161216,Nước OKC dưa hấu nha đam,2Mart,,Nước trái cây,32000,0,INACTIVE,,2026-08-13T15:08:39.510Z,2026-07-30T02:55:56.692Z,2026-08-13T15:08:39.522Z
cf032d25-bd37-4591-a679-eba97467f562,8936236480113,Xúc xích únu vị bắp phô mai,2Mart,,Ăn vặt,13000,0,INACTIVE,,2026-08-19T02:01:00.896Z,2026-07-30T02:55:56.711Z,2026-08-19T02:01:01.414Z
bb27c5c1-7b3c-4b7a-a58e-e4aba778185b,8859578603258,Play lọ kẹo Bạc Hà,play more,,kẹo,35000,25800,ACTIVE,,2026-08-14T11:51:34.528Z,2026-07-30T02:55:56.829Z,2026-08-14T11:51:34.546Z
89190683-0ee4-41d9-a8e2-5a90ec37e2f0,8936079126476,Lay's vi so điệp nướng bơ tỏi,2Mart,,Poca-Lay’s-Ostar-Swing-Orion,24000,16500,ACTIVE,,2026-08-13T17:09:06.272Z,2026-07-30T02:55:56.774Z,2026-08-13T17:09:06.286Z
eee78945-b4b1-4533-9ee6-78f6909c0bce,SP161214,SODA AQUAFINA,2Mart,,Nước uống có gas,14000,0,INACTIVE,,2026-08-17T19:29:04.736Z,2026-07-30T02:55:56.707Z,2026-08-17T19:29:04.766Z
8036853d-a079-4977-8be1-8a515f377cfe,8938548007040,Chân gà Trùng Khánh,2Mart,,Ăn vặt,14000,7000,ACTIVE,,2026-08-17T12:37:32.478Z,2026-07-30T02:55:56.750Z,2026-08-17T12:37:32.525Z
bb0cc263-7db0-4699-a733-19ab85dbc794,8936011773744,Kem que Merino dừa,2Mart,,Kem Ăn>>Kem Merino,15000,8000,ACTIVE,,,2026-07-30T02:55:56.730Z,2026-07-30T02:56:55.890Z
9255f016-30b7-46e8-8996-5f549fec5e88,8934588063176,Nước uống Aquafina 5L,2Mart,,Nước bù khoáng,35000,0,INACTIVE,,,2026-07-30T02:55:56.734Z,2026-07-30T02:56:55.894Z
7b23ee2c-2315-41cb-a1d9-31c32e480ddc,SP161210,Trà sữa weibao đâụ đỏ,2Mart,,Nước topping thạch dừa,32000,0,INACTIVE,,2026-08-09T16:59:58.557Z,2026-07-30T02:55:56.806Z,2026-08-09T16:59:58.579Z
6031c225-d154-4e7f-8a1f-6b8c5cc9cedb,8935311103596,Mì thịt bằm Vifon thịt thật 90g,vifon,,Mì bát-ly-gói-hủ tiếu-phở,23000,"15916,67",INACTIVE,,2026-08-07T21:42:01.083Z,2026-07-30T02:55:56.762Z,2026-08-07T21:42:01.107Z
067b3c74-a351-4a68-8be7-4b0ff419be48,8934588243110,Nước sữa dâu Twister 320ml,2Mart,,Nước trái cây,15000,0,INACTIVE,,,2026-07-30T02:55:56.746Z,2026-07-30T02:56:55.907Z
d2c54498-337c-4c65-9ce5-2c4e606aac6b,8936011773409,Kem Celano sữa tươi Trân Châu đường đen 70GR,2Mart,,Kem Ăn>>Kem Merino,0,0,ACTIVE,,2026-08-11T14:12:21.244Z,2026-07-30T02:55:56.722Z,2026-08-11T14:12:21.260Z
c682c42f-a30c-4c7b-a722-33cbbcb694d3,6976611081032,Thanh cua xé vị cay 15GR,2Mart,,Ăn vặt,8000,4000,ACTIVE,,,2026-07-30T02:55:56.754Z,2026-07-30T02:56:55.916Z
9e86c4a6-c800-4f08-8896-d39871261051,8935311103589,Mì Vifon riêu cua thật 90g,vifon,,Mì bát-ly-gói-hủ tiếu-phở,23000,"15916,67",INACTIVE,,,2026-07-30T02:55:56.758Z,2026-07-30T02:56:55.921Z
e6955608-e141-45c8-a649-7e19016564f1,8934588362118,Mirinda soda kem lon 330ml,2Mart,,Nước uống có gas,15000,"7291,67",ACTIVE,,2026-08-19T16:25:30.174Z,2026-07-30T02:55:56.738Z,2026-08-19T16:25:30.292Z
fa48f84c-42eb-4cc8-b2cb-63b5b8ae5568,8936011772235,Kem Celano bánh cá sococa lua,2Mart,,Kem Ăn>>Kem Aice,25000,"17166,66",ACTIVE,,2026-08-08T19:20:43.155Z,2026-07-30T02:55:56.726Z,2026-08-08T19:20:43.166Z
be2d1133-e048-476e-886e-0e00cab1973a,8934563502195,Mì tô Siukay tia chớp gà xốt phô mai 97g*12hộp/t,2Mart,,Mì bát-ly-gói-hủ tiếu-phở,21000,13750,INACTIVE,,2026-08-18T15:08:37.154Z,2026-07-30T02:55:56.832Z,2026-08-18T15:08:37.176Z
a75ea662-a5e6-4ade-88b6-34e0f8e1dd27,SP161213,Snack kettle pop bắp rang vị mặn & ngọt Oishi 65g,2Mart,,Oishi,15000,7300,ACTIVE,,,2026-07-30T02:55:56.778Z,2026-07-30T02:56:55.944Z
d7e43643-2a2a-4dbd-8025-8364dae9cdf5,8934803070507,Q. bánh snack Oishi kettle pop bắp rang vị dolce late 65g,2Mart,,Oishi,15000,7300,ACTIVE,,2026-08-18T03:25:07.112Z,2026-07-30T02:55:56.782Z,2026-08-18T03:25:07.143Z
241b5a5d-7f3c-4ac3-8032-3d34e8160c98,8936221048557,mì khoai tây omachi xốt bò hầm (có thịt) 113gr,2Mart,,Mì bát-ly-gói-hủ tiếu-phở,22000,0,INACTIVE,,2026-08-16T17:56:34.927Z,2026-07-30T02:55:56.715Z,2026-08-16T17:56:34.937Z
b58cd6d3-6766-4f3a-8efa-9a909783af35,SP161211,Soda Milki BR vị Xoài,2Mart,,Nước trái cây,31000,0,INACTIVE,,,2026-07-30T02:55:56.789Z,2026-07-30T02:56:55.959Z
9183dacf-ed8d-49b6-9ca1-232c87577712,8938514093107,Bắp rang bơ,2Mart,,Ăn vặt,30000,0,INACTIVE,,2026-08-05T17:10:44.534Z,2026-07-30T02:55:56.669Z,2026-08-05T17:10:44.558Z
6b946492-ba30-4fdd-8035-8c821a1a20f2,8935049501244,Nước khoáng Aquarius 390ml,2Mart,,Nước bù khoáng,14000,0,INACTIVE,,,2026-07-30T02:55:56.797Z,2026-07-30T02:56:55.966Z
c17a115e-0ebd-4654-b056-531cde8cf3b5,8936185354190,Chill lon,2Mart,,Nước uống chứa cồn,0,0,INACTIVE,,,2026-07-30T02:55:56.800Z,2026-07-30T02:56:55.972Z
49ff759e-8b1f-4f7e-98cc-9bf5c307ea68,SP161212,Thanh Cua Xe Nguyên Bản,2Mart,,Ăn vặt,8000,4000,ACTIVE,,2026-08-12T18:35:10.445Z,2026-07-30T02:55:56.786Z,2026-08-12T18:35:10.457Z
3546a469-3aa7-4f48-8d68-289eff89d43d,6928583200454,Trà sữa weibao hoa nhài TX,2Mart,,Nước topping thạch dừa,32000,0,INACTIVE,,,2026-07-30T02:55:56.809Z,2026-07-30T02:56:55.986Z
3554daca-1b6c-4f1b-a011-9a39344ac615,8809288636794,Soda Milki BR Vị Cherry,2Mart,,Nước trái cây,31000,0,INACTIVE,,2026-08-16T16:39:54.477Z,2026-07-30T02:55:56.794Z,2026-08-16T16:39:54.488Z
7417d50c-bc43-404d-b97c-c27044274930,SP161208,thanh cua xé vị cay,2Mart,,Ăn vặt,8000,0,INACTIVE,,,2026-07-30T02:55:56.816Z,2026-07-30T02:56:55.997Z
094c8636-5942-4a8a-ae13-16e812bc1405,SP161207,Thanh cua xé vị cay 15GR,2Mart,,Ăn vặt,0,0,INACTIVE,,,2026-07-30T02:55:56.819Z,2026-07-30T02:56:56.001Z
162c7312-3bb0-473b-a0fd-617d6fdba42d,SP161206,Thanh cua xé vị cay 15GR,2Mart,,Ăn vặt,0,0,INACTIVE,,,2026-07-30T02:55:56.823Z,2026-07-30T02:56:56.005Z
99cc9841-e9f6-48fc-8792-987b29b1a13c,8934677045014,Q. kẹo gum không đường Xylitol Hương nho 8.7g,2Mart,,kẹo,9000,0,INACTIVE,,,2026-07-30T02:55:56.826Z,2026-07-30T02:56:56.010Z
d30f156e-eab4-436f-8b4d-84e37d0c988e,8934803052053,Pillows oisi nhân cốt dừa cà phê,2Mart,,Ăn vặt,15000,8500,ACTIVE,,2026-08-19T15:09:38.415Z,2026-07-30T02:55:56.803Z,2026-08-19T15:09:38.447Z
0431a96b-a470-4f6d-bb54-e86ed80c4ea6,8938552395324,bánh mì sò nhân kem tan chảy,2Mart,,Bánh mì,12000,6000,ACTIVE,,,2026-07-30T02:55:56.842Z,2026-07-30T02:56:56.026Z
4be96a0a-9d20-4dd4-a427-f6f921b4da20,8938552395379,Bánh hình sò kem chà bông,2Mart,,Bánh mì,12000,6000,ACTIVE,,,2026-07-30T02:55:56.858Z,2026-07-30T02:56:56.030Z
517c9292-ec2c-45f6-b9e1-1ddfc7cbb685,8938514973409,Bánh mỳ akado nhân vị chuối 70g,2Mart,,Bánh mì,10000,5000,ACTIVE,,2026-08-19T14:36:33.828Z,2026-07-30T02:55:56.975Z,2026-08-19T14:36:33.849Z
164b93b9-a6a8-492e-bce7-f3ec0d75f052,8935049501770,Sprite chanh Bạc Hà lon 320ml,2Mart,,Nước uống có gas,15000,0,INACTIVE,,,2026-07-30T02:55:56.876Z,2026-07-30T02:56:56.045Z
1f2cc029-f767-4afd-ad3b-e22055c7d7e6,6928583201147,sữa chua dưa lưới mix vị 40g plantlight,2Mart,,Sữa-Sữa chua-Sữa dừa,25000,0,INACTIVE,,,2026-07-30T02:55:56.878Z,2026-07-30T02:56:56.051Z
94ca31bf-dc8a-487c-b266-44a4cd478426,6928583201161,sữa chua dâu mix vị 40g plantlight,2Mart,,Sữa-Sữa chua-Sữa dừa,25000,0,INACTIVE,,,2026-07-30T02:55:56.889Z,2026-07-30T02:56:56.055Z
0a436157-3fa9-40a0-be36-6ad13b4e600e,6928583201123,sữa chua mix vị xoài 40g plantlight,2Mart,,Sữa-Sữa chua-Sữa dừa,25000,0,INACTIVE,,,2026-07-30T02:55:56.891Z,2026-07-30T02:56:56.059Z
068df389-cc25-473d-85ce-f07f39b07ac5,6970179602609,Nước Việt quất 430ml,2Mart,,Nước trái cây,26000,0,INACTIVE,,2026-08-19T10:51:09.375Z,2026-07-30T02:55:57.028Z,2026-08-19T10:51:09.403Z
6e1932b3-afdf-4ce9-88c8-d444b6efc870,SP161203,Bánh mì sấy bơ tỏi,2Mart,,Bánh mì,35000,25000,ACTIVE,,2026-08-11T12:26:49.191Z,2026-07-30T02:55:56.987Z,2026-08-11T12:26:49.215Z
6d970ec5-2e86-454a-88a9-2896f650b686,8935049510024,Nutriboost vị bánh quy kem 297ml,2Mart,,Sữa-Sữa chua-Sữa dừa,15000,0,INACTIVE,,,2026-07-30T02:55:56.921Z,2026-07-30T02:56:56.070Z
0f0d32b7-76b4-4daf-ae35-4b5edb398691,6970179602586,Nước dâu Tây 430ml,2Mart,,Nước trái cây,26000,0,INACTIVE,,2026-08-19T18:51:57.104Z,2026-07-30T02:55:57.044Z,2026-08-19T18:51:57.134Z
76855ce0-02b9-4072-8d36-ff4e5578b321,8938514973614,bánh mì ruốc gà cay phô mai kash,2Mart,,Bánh mì,10000,5000,ACTIVE,,2026-08-17T19:05:39.495Z,2026-07-30T02:55:56.917Z,2026-08-17T19:05:39.539Z
d01605ac-a5d1-4ca8-ab69-9d5e036f7a01,8935049501190,Trà chanh sả chai,2Mart,,Nước trái cây,15000,0,INACTIVE,,,2026-07-30T02:55:56.929Z,2026-07-30T02:56:56.082Z
a77d6008-cfb4-4d71-9c7b-d1da9b46c1c8,SP161205,Fuze tea trà đào hạt chia 450ml,2Mart,,Nước trái cây,0,0,INACTIVE,,,2026-07-30T02:55:56.940Z,2026-07-30T02:56:56.085Z
648df4fc-6e57-44fd-8c32-e89130c5b0b7,8850157409551,Bento hải sản vị ớt Thái Nguyên bản,2Mart,,Đồ khô nhăm nhi,26000,0,INACTIVE,,,2026-07-30T02:55:56.946Z,2026-07-30T02:56:56.090Z
858609fb-3c67-49e1-8c98-5023d834b612,8935001282655,Trà bí đao Wonderfarm 440ml,2Mart,,Nước trái cây,15000,0,INACTIVE,,,2026-07-30T02:55:56.956Z,2026-07-30T02:56:56.097Z
a67c327c-49cc-4520-88ae-f75043a620fa,8936034878778,chân gà ponnie xốt mẬt ong,2Mart,,Ăn vặt,15000,"7078,31",ACTIVE,,,2026-07-30T02:55:56.966Z,2026-07-30T02:56:56.100Z
237b8ab7-9c98-4750-8efb-129f1ed49a20,XILITOL,xilitol melon mint,2Mart,,kẹo,0,0,INACTIVE,,,2026-07-30T02:55:56.972Z,2026-07-30T02:56:56.104Z
91706c80-1e7c-44f9-ae77-d76b63027f75,8938548007606,Chân gà vị cay tê,2Mart,,Ăn vặt,13000,7000,INACTIVE,,2026-08-09T06:57:25.515Z,2026-07-30T02:55:56.870Z,2026-08-09T06:57:25.534Z
1d087f99-7b5e-4511-bcdd-823363fcf318,SP161204,Bánh Kẹp Mè,2Mart,,Bánh mì,22000,15000,ACTIVE,,,2026-07-30T02:55:56.984Z,2026-07-30T02:56:56.112Z
cb52bd3d-635e-4778-beb3-a5795a8a2829,8938548007491,Chan ga rut xuong,2Mart,,Ăn vặt,13000,7000,ACTIVE,,2026-08-16T15:23:08.036Z,2026-07-30T02:55:56.865Z,2026-08-16T15:23:08.056Z
b8f505c1-b008-42fe-98a1-04af015cc4f6,8938503352253,Rượu Soju Hương hoa quả Nhiệt đới,2Mart,,Nước uống chứa cồn,65000,0,INACTIVE,,2026-08-08T18:35:59.841Z,2026-07-30T02:55:56.904Z,2026-08-08T18:35:59.858Z
c5910e82-4220-4b8a-b3c2-ceb2563f7a95,8936236480076,Ú NU xúc xích vị bò spaghetti 85g,2Mart,,Thức ăn nhanh,13000,"7333,34",INACTIVE,,,2026-07-30T02:55:57.013Z,2026-07-30T02:56:56.128Z
d7644aa3-df9f-4cf8-8d37-66264eed015f,8935001214267,Trà bia đao Wonderfarm ít đường,2Mart,,Nước uống có gas,15000,0,INACTIVE,,,2026-07-30T02:55:57.017Z,2026-07-30T02:56:56.133Z
19930784-b3f6-45b4-9fac-4528acad05b7,6970179602630,Nước trái cây nhân thạch vị cam 430ml*15c/t,2Mart,,Nước trái cây,26000,0,INACTIVE,,2026-08-16T15:33:15.987Z,2026-07-30T02:55:57.057Z,2026-08-16T15:33:16.015Z
3f2d9225-9256-4b9a-a9de-b052df295569,6970179602616,Nước chanh dây 430ml,2Mart,,Nước trái cây,26000,0,INACTIVE,,,2026-07-30T02:55:57.039Z,2026-07-30T02:56:56.142Z
a98a2703-df0d-41d6-a2ca-6b8f7f561f8a,8936195490031,Thịt gà cay khô 50g,2Mart,,Đồ khô nhăm nhi,23000,13000,ACTIVE,,2026-08-16T03:43:06.425Z,2026-07-30T02:55:57.065Z,2026-08-16T03:43:06.439Z
abba1e93-f385-4716-9cb2-b1cb1aa2f668,8934563168179,Mì Hảo Hảo chua cay premium,2Mart,,Mì bát-ly-gói-hủ tiếu-phở,12000,"6566,66",ACTIVE,,2026-08-16T19:30:42.204Z,2026-07-30T02:55:56.990Z,2026-08-16T19:30:42.237Z
12582432-5974-4c61-84a4-9b5aa662f03a,6970179602623,Nước Kiwi,2Mart,,Nước trái cây,26000,0,INACTIVE,,,2026-07-30T02:55:57.059Z,2026-07-30T02:56:56.157Z
0f261942-f3c0-4406-84de-11ced5bcd948,8936195490048,Khô gà cay HP foods 50g,2Mart,,Đồ khô nhăm nhi,23000,13000,ACTIVE,,,2026-07-30T02:55:57.062Z,2026-07-30T02:56:56.163Z
5713fda8-362a-4358-9a68-a79d348b730b,8935049500681,Trà đào và hạt chia Fuze tea 350ml,2Mart,,Nước trái cây,15000,0,INACTIVE,,2026-08-17T15:24:01.697Z,2026-07-30T02:55:56.924Z,2026-08-17T15:24:01.730Z
66b39959-61a5-4e69-94da-2244ed8571c4,8936195490055,Thịt sấy vị khô bò 50g,2Mart,,Đồ khô nhăm nhi,23000,13000,ACTIVE,,,2026-07-30T02:55:57.068Z,2026-07-30T02:56:56.169Z
97d14432-40e1-4ecc-b9e6-a35ff66df445,8936079123871,Lay max vị kem chua hành 75g,2Mart,,Poca-Lay’s-Ostar-Swing-Orion,24000,16500,INACTIVE,,,2026-07-30T02:55:57.079Z,2026-07-30T02:56:56.173Z
e3a4f75e-11fc-4bf5-bc92-8a67c2046eae,111114,bánh quy OCOCO mix vị,ococo,,bánh ngọt,0,0,ACTIVE,,,2026-07-30T02:55:57.081Z,2026-07-30T02:56:56.176Z
0fe3cd76-27bd-4030-b2cf-33077fce1ed6,111113,bánh quy OCOCO vị hạt điều,ococo,,bánh ngọt,0,0,ACTIVE,,,2026-07-30T02:55:57.087Z,2026-07-30T02:56:56.183Z
71c1e948-62e9-4030-aa37-e101a95f9269,111112,bánh quy OCOCO vị dâu tây,ococo,,bánh ngọt,0,0,ACTIVE,,,2026-07-30T02:55:57.098Z,2026-07-30T02:56:56.197Z
a90a3549-6b5e-480c-87c9-a606171985b2,111111,bánh quy OCOCO vị sầu riêng,ococo,,bánh ngọt,"1048,38",0,ACTIVE,,,2026-07-30T02:55:57.111Z,2026-07-30T02:56:56.214Z
fd0779bd-8d90-4821-8bc5-c7ba04a08479,1,bánh quy ococo vị sầu riêng,ococo,,bánh ngọt,5000,5000,ACTIVE,,,2026-07-30T02:55:57.121Z,2026-07-30T02:56:56.225Z
5a3af13b-7526-4ac3-bbb7-8b716f29d789,8934563169183,Mì trộn Hảo Hảo bò SA tế,2Mart,,Mì bát-ly-gói-hủ tiếu-phở,12000,0,INACTIVE,,2026-08-05T03:21:43.227Z,2026-07-30T02:55:57.002Z,2026-08-05T03:21:43.240Z
41a61a53-4977-4ca2-a4ff-e1e5292a7de0,8938514973287,Bánh mì gối kashi sanwick,2Mart,,Bánh mì,19000,13000,INACTIVE,,,2026-07-30T02:55:57.128Z,2026-07-30T02:56:56.238Z
4607218a-7d85-461d-918f-fc07a48f482e,8938514973362,Bánh mì nhân vị socola kashi,2Mart,,Bánh mì,10000,5000,ACTIVE,,2026-08-17T17:09:24.987Z,2026-07-30T02:55:57.183Z,2026-08-17T17:09:24.999Z
59c9914e-1543-4c90-97c2-5ce4c358faea,8938514973379,bánh mì vị cốm,2Mart,,Bánh mì,10000,5000,ACTIVE,,2026-08-05T18:44:10.816Z,2026-07-30T02:55:57.167Z,2026-08-05T18:44:10.833Z
d609c73d-9c45-4ef2-833b-61f8eea77dc1,8938514973355,Bánh mì nhân ruốc chảy,2Mart,,Bánh mì,19000,12000,ACTIVE,,2026-08-19T11:10:13.094Z,2026-07-30T02:55:57.137Z,2026-08-19T11:10:13.117Z
290cfa66-9c4d-4ee0-a285-c46fa764f77d,8938514973423,Bánh mì khoa môn,2Mart,,Bánh mì,10000,5000,ACTIVE,,2026-08-19T15:09:38.415Z,2026-07-30T02:55:57.161Z,2026-08-19T15:09:38.447Z
b35a7502-3953-4efb-95a1-d2482bcf8fb2,8938514973386,Bánh mì nhân ruốc kashi,2Mart,,Bánh mì,10000,5000,ACTIVE,,2026-08-07T21:11:39.076Z,2026-07-30T02:55:57.156Z,2026-08-07T21:11:39.087Z
b217a7ea-41ab-4c32-93e2-41793ca67f75,8938514973324,Bánh mỳ kashi vị trứng muối,2Mart,,Bánh mì,19000,12000,ACTIVE,,2026-08-19T11:10:13.094Z,2026-07-30T02:55:57.144Z,2026-08-19T11:10:13.117Z
1709d420-534e-411f-9263-9e8fee8c6e27,8850157408653,Bento hải sản vị phô mai BBQ 36g,2Mart,,Ăn vặt,30000,"20999,86",ACTIVE,,,2026-07-30T02:55:57.196Z,2026-07-30T02:56:56.272Z
717e3388-353e-4356-8521-2db9b6e7b982,8938548175855,Bánh tráng chấm sốt Me Tây Ninh 65g,2Mart,,Ăn vặt,16000,8500,ACTIVE,,,2026-07-30T02:55:57.201Z,2026-07-30T02:56:56.275Z
1884c4b3-46f0-4a3e-b4da-b8714348a67b,8938548175244,Khô gà lá chanh toto food 50g,2Mart,,Ăn vặt,18000,9500,ACTIVE,,,2026-07-30T02:55:57.204Z,2026-07-30T02:56:56.282Z
b58d68e8-3fa7-47ca-a22a-f59666f06d3f,8938548175480,bánh tráng muối siêu cay,2Mart,,Ăn vặt,8000,3500,INACTIVE,,,2026-07-30T02:55:57.212Z,2026-07-30T02:56:56.295Z
e0a61a4f-241c-4eca-9ef0-b64900e72088,8934563105136,Mì quen vị tôm chua cay,2Mart,,Mì bát-ly-gói-hủ tiếu-phở,0,0,INACTIVE,,,2026-07-30T02:55:57.221Z,2026-07-30T02:56:56.300Z
ec7ffd64-d177-4200-a879-c943a4fdd6f4,8934563104122,Mì quen vị gà lá chanh,2Mart,,Mì bát-ly-gói-hủ tiếu-phở,0,0,INACTIVE,,,2026-07-30T02:55:57.225Z,2026-07-30T02:56:56.309Z
91d613c1-ee34-4522-b34a-bbd45ab93b34,SP161202,nước sữa chua ly vị vãi 520ml,2Mart,,Sữa-Sữa chua-Sữa dừa,20000,0,INACTIVE,,,2026-07-30T02:55:57.229Z,2026-07-30T02:56:56.318Z
bd46c2c7-593d-48e4-bd74-ebc183fe50c2,SP161201,nước sữa chua ly vị xoài 520ml,2Mart,,Sữa-Sữa chua-Sữa dừa,20000,0,INACTIVE,,,2026-07-30T02:55:57.232Z,2026-07-30T02:56:56.321Z
f883c1ad-99de-4390-a24b-f1d9f99bb26d,SP161200,Leto phô mai bánh lẻ,2Mart,,Bánh quy-Bánh que,2000,0,INACTIVE,,,2026-07-30T02:55:57.235Z,2026-07-30T02:56:56.336Z
ca0316db-54a3-44be-9f99-9dfd387d83de,SP161199,Leto sầu riêng gói lẻ,2Mart,,Bánh quy-Bánh que,2000,0,INACTIVE,,,2026-07-30T02:55:57.239Z,2026-07-30T02:56:56.349Z
761a6f9c-6e3c-466b-a24d-97d93cbd0ade,8936211627885,Xúc xích siu to phomai,2Mart,,Ăn vặt,14000,8000,ACTIVE,,,2026-07-30T02:55:57.243Z,2026-07-30T02:56:56.356Z
609f2242-722d-4392-a250-3a951a286af3,8936211627915,Xúc xích siu to vị lạp xưởng,2Mart,,Ăn vặt,14000,8000,ACTIVE,,,2026-07-30T02:55:57.245Z,2026-07-30T02:56:56.362Z
b60265b3-7aff-47ef-b0fe-38ba94a28e27,8938564092044,Đậu hũ cá Vị Nguyên bản 25g yo hot,2Mart,,Ăn vặt,6000,3380,INACTIVE,,,2026-07-30T02:55:57.250Z,2026-07-30T02:56:56.371Z
eac5b56d-873a-4b63-ad2f-88c06162df89,8938564092037,Đậu hũ cá vị cay 25g yo hot,2Mart,,Ăn vặt,6000,3380,ACTIVE,,,2026-07-30T02:55:57.255Z,2026-07-30T02:56:56.374Z
68b15e2a-33ff-4d59-9e76-6ad4ce14ba32,SP161197,Thanh cua surimi xé vị cay,YO HOT,,Ăn vặt,6000,3380,INACTIVE,,,2026-07-30T02:55:57.267Z,2026-07-30T02:56:56.377Z
71312631-7063-49fc-a545-da2db0595617,SP161196,Thanh cua Surimi xé,YO HOT,,Ăn vặt,6000,"2253,33",ACTIVE,,,2026-07-30T02:55:57.271Z,2026-07-30T02:56:56.380Z
f6cc6432-ede8-4687-b76b-60040e72c59b,8851123240895,Nước tăng lực M150 250ml,2Mart,,Nước uống có gas,15000,7000,INACTIVE,,,2026-07-30T02:55:57.278Z,2026-07-30T02:56:56.385Z
15ee41d2-ded1-48f7-a7fc-c520c809f29f,8850157408523,Bento mực cán vị cay mala,2Mart,,Ăn vặt,26000,0,INACTIVE,,,2026-07-30T02:55:57.283Z,2026-07-30T02:56:56.400Z
768746aa-249b-45fb-8bfa-011b4bb12d38,8850157408554,Bento mực cán vị nước tương Nhật,2Mart,,Ăn vặt,26000,0,INACTIVE,,,2026-07-30T02:55:57.288Z,2026-07-30T02:56:56.407Z
85595bc9-6e81-45d8-bf85-97212c9d2471,8850157532242,Bánh que hình chân gà 55g,2Mart,,Ăn vặt,15000,"7999,77",ACTIVE,,,2026-07-30T02:55:57.297Z,2026-07-30T02:56:56.425Z
6ced8099-0bd3-47f2-ae0f-7d185fd468e0,8934803041521,Bánh Oishi,2Mart,,Oishi,15000,"8333,33",ACTIVE,,,2026-07-30T02:55:57.312Z,2026-07-30T02:56:56.434Z
8102095f-2769-49bc-8df3-4853fa29a06f,8936029425932,Bánh Ostar phô mai trứng muối 56g,2Mart,,Poca-Lay’s-Ostar-Swing-Orion,15000,0,INACTIVE,,,2026-07-30T02:55:57.319Z,2026-07-30T02:56:56.442Z
b5f08fb8-88ea-49b8-b298-f5917164c266,8936029425925,Ostar tảo biển 55g,2Mart,,Poca-Lay’s-Ostar-Swing-Orion,15000,0,INACTIVE,,,2026-07-30T02:55:57.330Z,2026-07-30T02:56:56.445Z
939a3738-24ec-4583-b3fb-5522b3f2cb4b,8936221043484,Nước 365 mãng cầu 500ml,2Mart,,Nước trái cây,15000,0,INACTIVE,,,2026-07-30T02:55:57.340Z,2026-07-30T02:56:56.449Z
0dcba03d-1849-42bb-8220-b74caad09b56,8936221041763,Mì Omachi lẩu tôm càng 80g,2Mart,,Mì bát-ly-gói-hủ tiếu-phở,12000,7000,ACTIVE,,,2026-07-30T02:55:57.352Z,2026-07-30T02:56:56.453Z
6487cfd5-b096-4a3b-b82f-8fbf55ae109c,SP161195,TEA365 trà ô long vị đào,2Mart,,Trà,14000,"6842,37",INACTIVE,,,2026-07-30T02:55:57.361Z,2026-07-30T02:56:56.458Z
8e5dff97-f7a5-4e17-b1c5-77872787b54e,8936034878624,Xuc xich ponie,2Mart,,Thức ăn nhanh,18500,12500,INACTIVE,,,2026-07-30T02:55:57.374Z,2026-07-30T02:56:56.464Z
7eff0580-1891-4fa2-a0f4-d76ea9f27112,SP161194,Xúc xích dinh duỡng S2 ngon 40 cây 60 gam,S2,,Thức ăn nhanh,14000,5500,ACTIVE,,,2026-07-30T02:55:57.386Z,2026-07-30T02:56:56.469Z
3be7521a-5379-4159-a5d1-1c09060ee497,SP161193,mì tô Samyang hồng,2Mart,,Mì bát-ly-gói-hủ tiếu-phở,45000,34000,INACTIVE,,,2026-07-30T02:55:57.400Z,2026-07-30T02:56:56.474Z
e0892913-b157-4ae0-9abc-c112edf8506b,SP161192,mì Samyang hồng (gà cay vị kem),2Mart,,Mì bát-ly-gói-hủ tiếu-phở,32000,24000,INACTIVE,,,2026-07-30T02:55:57.408Z,2026-07-30T02:56:56.479Z
0c480c12-d9b4-448d-be6b-07657d67aadd,chubby bò hầm (màu vàng trơn),xúc xích vàng chubby bò hầm,2Mart,,Thức ăn nhanh,6000,3300,ACTIVE,,,2026-07-30T02:55:57.413Z,2026-07-30T02:56:56.483Z
7e33b1b1-3640-4061-83f2-318c4e91a600,SP161191,Chuối sấy,2Mart,,Ăn vặt,15000,7000,INACTIVE,,,2026-07-30T02:55:57.417Z,2026-07-30T02:56:56.486Z
025a7252-edb3-43ff-aedd-a4af9be522de,8936236470732,Mì Omachi bát trộn cua xốt Ớt,omachi,,Mì bát-ly-gói-hủ tiếu-phở,19000,13000,ACTIVE,,2026-08-14T16:53:10.994Z,2026-07-30T02:55:57.281Z,2026-08-14T16:53:11.014Z
06d8841c-b393-4cac-b320-08d2c18a6249,8850393801027,Sữa chua Betagen yogood 300ml,2Mart,,Sữa-Sữa chua-Sữa dừa,27000,18000,ACTIVE,,,2026-07-30T02:55:57.433Z,2026-07-30T02:56:56.494Z
b12bf33a-b47c-4c4b-933e-a5bff8d03c79,SP161190,Soda kem BaskinRobbin Việt quất,2Mart,,Nước uống có gas,31000,0,INACTIVE,,,2026-07-30T02:55:57.439Z,2026-07-30T02:56:56.498Z
8e618658-26bb-47db-bd3e-51150894009f,8934579301386,Mì trộn Miliket cà ri 117g,2Mart,,Mì bát-ly-gói-hủ tiếu-phở,15000,"10841,74",ACTIVE,,,2026-07-30T02:55:57.454Z,2026-07-30T02:56:56.502Z
06372351-39b2-430b-9b99-adb4e1058972,8936116552534,bánh mì sandwich panka vị việt quất,2Mart,,Bánh mì,10000,0,INACTIVE,,,2026-07-30T02:55:57.462Z,2026-07-30T02:56:56.506Z
a06448e9-f939-4e0f-ba55-4ffe2ff1e740,8936116552701,bánh mìsandwich panka vị sữa chua,2Mart,,Bánh mì,10000,0,INACTIVE,,,2026-07-30T02:55:57.472Z,2026-07-30T02:56:56.510Z
ab728187-484f-4c4c-bf18-3dd147ff2053,8809288636473,Soda sữa chua đào,2Mart,,Nước uống có gas,31000,20000,ACTIVE,,2026-08-16T16:39:54.477Z,2026-07-30T02:55:57.477Z,2026-08-16T16:39:54.488Z
65411bdf-d600-4c1b-b8db-fa40a1808287,8809288636466,이상한 나라의 솜사탕 밀키소다 350ml,2Mart,,Nước uống có gas,31000,20000,INACTIVE,,,2026-07-30T02:55:57.481Z,2026-07-30T02:56:56.519Z
454a39eb-6d69-4a04-b7a0-f857ae591da9,6923426701822,Xúc xích xiên tứ xuyên Huiteng,2Mart,,Ăn vặt,12000,0,INACTIVE,,,2026-07-30T02:55:57.485Z,2026-07-30T02:56:56.522Z
54c57893-b4a8-46d9-8a7a-de6282e600db,ostar sswing,ostar sswing vị phô mai cay 50g,2Mart,,Poca-Lay’s-Ostar-Swing-Orion,15000,8000,ACTIVE,,,2026-07-30T02:55:57.498Z,2026-07-30T02:56:56.527Z
35b6adf7-dfb9-40d7-970c-8dce41e82e17,ostar swing,ostar swing 2 mix vị pizZa cà chua 50g,2Mart,,Poca-Lay’s-Ostar-Swing-Orion,15000,8000,ACTIVE,,,2026-07-30T02:55:57.510Z,2026-07-30T02:56:56.534Z
2a69524c-3796-4fd8-a660-f5bf71e475ae,ostar,ostar vị sương nướng tảng,2Mart,,Poca-Lay’s-Ostar-Swing-Orion,15000,8000,INACTIVE,,,2026-07-30T02:55:57.515Z,2026-07-30T02:56:56.539Z
f1f92b69-856b-4e1f-9f59-e2152e5140f5,8936029425918,Ostar kim Chi,2Mart,,Poca-Lay’s-Ostar-Swing-Orion,15000,8000,INACTIVE,,,2026-07-30T02:55:57.525Z,2026-07-30T02:56:56.544Z
dc0c3a7b-6231-40dc-b639-9b4e63aca4c1,orion,orổin toonies xốt chấm,2Mart,,Poca-Lay’s-Ostar-Swing-Orion,15000,8000,INACTIVE,,,2026-07-30T02:55:57.534Z,2026-07-30T02:56:56.549Z
a332f265-529b-40e9-b85c-5d889eee0c98,snack TaYo,snack TaYo xốt chấm,2Mart,,Poca-Lay’s-Ostar-Swing-Orion,15000,8000,ACTIVE,,,2026-07-30T02:55:57.537Z,2026-07-30T02:56:56.554Z
819a9921-8966-470d-8805-47948c3e09bc,8934579301379,Mì trộn Miliket kim Chi 117g,2Mart,,Mì bát-ly-gói-hủ tiếu-phở,16000,"10843,46",ACTIVE,,,2026-07-30T02:55:57.539Z,2026-07-30T02:56:56.558Z
a8238801-cf17-4f7c-b666-50f3eb7da0fb,8934579302307,Mì trộn Miliket chua cay chanh 117g,2Mart,,Mì bát-ly-gói-hủ tiếu-phở,16000,"10842,36",ACTIVE,,,2026-07-30T02:55:57.542Z,2026-07-30T02:56:56.562Z
7546b42a-2675-4b26-a3a4-96335807f3d9,8850718822799,Khoai Tây lon lay phô Mai Anh Quốc 100g,2Mart,,Poca-Lay’s-Ostar-Swing-Orion,37000,0,INACTIVE,,,2026-07-30T02:55:57.545Z,2026-07-30T02:56:56.566Z
71c673d5-b9de-431f-af31-8ec4b182166f,SP161188,kem flan,2Mart,,bánh ngọt,7000,4500,INACTIVE,,,2026-07-30T02:55:57.553Z,2026-07-30T02:56:56.571Z
af9eea09-2b91-4f69-aaf0-f23809769b95,SP161187,Hạt hướng dương,Tân Bảo Ký,,Ăn vặt,14000,0,INACTIVE,,,2026-07-30T02:55:57.557Z,2026-07-30T02:56:56.576Z
c7276454-3483-4df7-9396-3d8c3da14a5b,8934822461294,Bia strong bow,2Mart,,Nước uống chứa cồn,26000,0,INACTIVE,,,2026-07-30T02:55:57.559Z,2026-07-30T02:56:56.579Z
479daaa1-088d-47f1-b0a6-866c50bf6e66,8935049500414,Nước tinh khiết Dasani 350ml,2Mart,,Nước bù khoáng,5000,0,INACTIVE,,,2026-07-30T02:55:57.562Z,2026-07-30T02:56:56.584Z
c83d1f83-c2e9-4493-a76f-66503390e706,8850228007617,Red Bull Thái,2Mart,,Nước uống có gas,17000,0,INACTIVE,,,2026-07-30T02:55:57.568Z,2026-07-30T02:56:56.588Z
819cac02-1f6e-4fa6-aa80-f27a383f7c77,8991102381017,Bánh Xốp fullo vani sữa,2Mart,,Bánh quy-Bánh que,2000,0,INACTIVE,,,2026-07-30T02:55:57.574Z,2026-07-30T02:56:56.591Z
c43e4b55-4e2a-43da-a8d6-1a430a8959f0,8991102381000,Bánh ống quế fullo,2Mart,,Bánh quy-Bánh que,2000,0,INACTIVE,,,2026-07-30T02:55:57.577Z,2026-07-30T02:56:56.595Z
0eb092e6-1a5d-4bae-8239-afd344df1c70,8991102380706,Bánh Xốp fullo socola 240g,2Mart,,Bánh quy-Bánh que,2000,0,INACTIVE,,,2026-07-30T02:55:57.579Z,2026-07-30T02:56:56.598Z
b8ac17ce-a3e3-4dbf-8841-9f4665cf74a9,8938503352154,Rượu goodday vị vải 375ml,2Mart,,Nước uống chứa cồn,65000,42500,INACTIVE,,2026-08-15T18:00:10.167Z,2026-07-30T02:55:57.582Z,2026-08-15T18:00:10.196Z
2514733c-8a16-4b0e-a1e2-705e4a0292a3,SP161186,cơm nắm xúc xích phô mai,2Mart,,Cơm,19000,12000,INACTIVE,,,2026-07-30T02:55:57.584Z,2026-07-30T02:56:56.605Z
df8d044c-2a5b-4691-aace-0f0470962a10,SP161177,Dầu xả Enchanteur,Enchanteur,,Dầu gội-Dầu xả,3000,"488,1",ACTIVE,,2026-08-07T10:47:37.553Z,2026-07-30T02:55:57.652Z,2026-08-07T10:47:37.577Z
67e198c5-e839-4004-8479-6a1dde966764,SP00005667,Bánh men gai trắng,2Mart,,Ăn vặt,15000,0,INACTIVE,,,2026-07-30T02:55:57.590Z,2026-07-30T02:56:56.612Z
a48d6b85-673d-44f1-ab17-0b75f2ce6c69,Thèo lèo mặn,Thèo lèo mặn,2Mart,,Ăn vặt,15000,0,INACTIVE,,,2026-07-30T02:55:57.593Z,2026-07-30T02:56:56.616Z
58d801f6-60dc-4501-95ee-7439b3929792,SP161185,Dầu gội Romano vàng,Romano,,Dầu gội-Dầu xả,3000,"664,86",ACTIVE,,,2026-07-30T02:55:57.618Z,2026-07-30T02:56:56.626Z
559aa77d-0efe-4c55-871f-6b2ea13c486b,SP161184,Dầu gội Romano Xanh,Romano,,Dầu gội-Dầu xả,3000,"664,86",ACTIVE,,,2026-07-30T02:55:57.627Z,2026-07-30T02:56:56.630Z
803e25cb-7c5b-4f2b-b2a5-bbb1f28d2f43,SP161183,Dầu gội Romano đen,Romano,,Dầu gội-Dầu xả,3000,"664,86",ACTIVE,,,2026-07-30T02:55:57.631Z,2026-07-30T02:56:56.634Z
0d73cec2-af43-48a5-91ce-1e52e8dde556,SP161182,Sữa tắm Enchanteur tím,Enchanteur,,Sữa tắm,3000,1230,ACTIVE,,,2026-07-30T02:55:57.634Z,2026-07-30T02:56:56.637Z
3345835e-1cc9-4b46-92b5-43e0c53211f6,8932656897173,Thèo lèo ngọt,2Mart,,Ăn vặt,15000,0,INACTIVE,,2026-08-16T17:58:55.092Z,2026-07-30T02:55:57.602Z,2026-08-16T17:58:55.114Z
16ee712a-92e6-4e66-9daf-76ae6a2d94d8,SP161180,Dầu gội Enchanteur vàng,Enchanteur,,Dầu gội-Dầu xả,3000,"488,1",ACTIVE,,,2026-07-30T02:55:57.639Z,2026-07-30T02:56:56.644Z
dcf8962f-32dd-4b1f-a730-0617044a5a7c,SP161179,Dầu gội Enchanteur tím,Enchanteur,,Dầu gội-Dầu xả,3000,"488,1",ACTIVE,,,2026-07-30T02:55:57.643Z,2026-07-30T02:56:56.648Z
dc5074a2-a230-4628-a895-5a33a5c84235,SP161178,Dầu xả Enchanteur vàng,Enchanteur,,Dầu gội-Dầu xả,3000,"488,1",ACTIVE,,,2026-07-30T02:55:57.648Z,2026-07-30T02:56:56.651Z
584f0886-a091-4453-bacf-398b0f1cbd4a,8934564230110,Bim Oishi lớn puff socola,2Mart,,Oishi,15000,7300,INACTIVE,,2026-08-15T18:25:33.625Z,2026-07-30T02:55:57.587Z,2026-08-15T18:25:33.681Z
556f68fb-4e94-41ad-99b1-79a62429001d,SP161181,Sữa tắm Enchanteur vàng,Enchanteur,,Sữa tắm,3000,1230,ACTIVE,,2026-08-12T08:05:52.055Z,2026-07-30T02:55:57.636Z,2026-08-12T08:05:52.087Z
279f6066-d020-4fb4-968f-19d5a9e83cc8,SP161175,Lăn khử mùi Enchanteur trắng da màu vàng,Enchanteur,,lăn khử mùi,50000,35000,ACTIVE,,,2026-07-30T02:55:57.661Z,2026-07-30T02:56:56.662Z
b771915a-02ac-4b58-82f2-43e9109d1f2b,SP161174,Lăn khử mùi Enchanteur trắng da màu hồng,Enchanteur,,lăn khử mùi,50000,35000,ACTIVE,,,2026-07-30T02:55:57.672Z,2026-07-30T02:56:56.666Z
cb6fdd93-7b65-4c24-abf2-0648f0f45bba,8938556329004,Pocari 500ml,2Mart,,Nước bù khoáng,19000,12500,ACTIVE,,2026-08-19T20:43:55.760Z,2026-07-30T02:55:57.726Z,2026-08-19T20:43:55.802Z
b8b715d6-d919-4825-a5de-a5c9b39ed64a,6928583201024,Sữa chua uống có thạch sầu riêng 520ml,2Mart,,Sữa-Sữa chua-Sữa dừa,32000,20000,ACTIVE,,2026-08-18T16:16:13.057Z,2026-07-30T02:55:57.785Z,2026-08-18T16:16:13.091Z
dae5d340-543f-4a27-8235-8e8218d0976f,6928583200997,Trà sữa nướng thạch jerry 520ml,2Mart,,Sữa-Sữa chua-Sữa dừa,32000,20000,ACTIVE,,2026-08-10T13:19:11.825Z,2026-07-30T02:55:57.767Z,2026-08-10T13:19:11.844Z
0488efc2-7b7b-4f9f-b728-545a95259daa,SP161173,Cơm nắm Tôm phô mai kéo sợi,2Mart,,Cơm,19000,12000,INACTIVE,,,2026-07-30T02:55:57.696Z,2026-07-30T02:56:56.680Z
016b87f7-d341-41c8-8bee-8f1cf37222ae,SP161172,Cơm nắm cá ngừ mayo,2Mart,,Cơm,19000,12000,INACTIVE,,,2026-07-30T02:55:57.698Z,2026-07-30T02:56:56.684Z
4849e170-ca70-4668-a96c-151686622676,SP161171,Cơm nắm gà Teriyaky,2Mart,,Cơm,19000,12000,INACTIVE,,,2026-07-30T02:55:57.701Z,2026-07-30T02:56:56.687Z
f496ebae-769c-4e51-9a49-76458e23cb6c,SP161170,Cơm nắm bò BBQ,2Mart,,Cơm,19000,12000,INACTIVE,,,2026-07-30T02:55:57.703Z,2026-07-30T02:56:56.691Z
67d71f19-a4fd-4723-9542-5a789427fcc4,SP161169,cơm nắm cá hồi mayo,2Mart,,Cơm,19000,12000,INACTIVE,,,2026-07-30T02:55:57.707Z,2026-07-30T02:56:56.695Z
2c12277a-32bc-4e19-bea4-185d493ce6f4,SP161168,kẹo Chupa Chups cầu vòng,Chupa Chups,,kẹo,5000,2041,INACTIVE,,,2026-07-30T02:55:57.710Z,2026-07-30T02:56:56.699Z
d86e2db9-3333-4c8a-b8af-8260307604c0,SP161167,Custas lẻ gói 5k,orion,,bánh ngọt,5000,3900,INACTIVE,,,2026-07-30T02:55:57.715Z,2026-07-30T02:56:56.707Z
9f6c4f41-d36b-415c-b838-6cdfe4c0ed31,SP161166,Kẹo dẻo Chupa Chups siêu dài 1 mét huơng trái cây,Chupa Chups,,kẹo,15000,0,INACTIVE,,,2026-07-30T02:55:57.717Z,2026-07-30T02:56:56.710Z
c508e29f-8942-4b49-abad-a2d83d716a33,6928583200119,Sữa chua Mix vị xoài 0019,2Mart,,Sữa-Sữa chua-Sữa dừa,32000,20000,INACTIVE,,2026-08-13T14:03:58.738Z,2026-07-30T02:55:57.747Z,2026-08-13T14:03:58.749Z
44835e43-1865-4579-a20e-67b819cdc2e4,8936221044818,Mì quán xá_omachi_miso hải sản Nhật bản_96g,2Mart,,Mì bát-ly-gói-hủ tiếu-phở,35000,0,INACTIVE,,,2026-07-30T02:55:57.730Z,2026-07-30T02:56:56.717Z
c4f114a8-5f46-4b7a-a2ec-cac905186cc1,8936221044726,Omachi quán xá châu á Tomyum,2Mart,,Mì bát-ly-gói-hủ tiếu-phở,35000,0,INACTIVE,,,2026-07-30T02:55:57.732Z,2026-07-30T02:56:56.721Z
521ab859-0eee-4780-be9a-5561360c2622,8936221044719,Mỳ Omachi quán xá châu á mì bò Đài Loan,2Mart,,Mì bát-ly-gói-hủ tiếu-phở,35000,0,INACTIVE,,,2026-07-30T02:55:57.739Z,2026-07-30T02:56:56.725Z
15614958-fe9d-44ea-8c15-5c548c8cb165,8936221044801,Mì quán xá_omachi_trứng cà chua hong kong_107g,2Mart,,Mì bát-ly-gói-hủ tiếu-phở,35000,0,INACTIVE,,,2026-07-30T02:55:57.742Z,2026-07-30T02:56:56.729Z
88c60d81-1390-4f3d-b76a-2c23525c100a,6928583200133,Nước uống SC weibao có thạch vị dâu ly 520ml,2Mart,,Sữa-Sữa chua-Sữa dừa,32000,20000,INACTIVE,,,2026-07-30T02:55:57.744Z,2026-07-30T02:56:56.733Z
30aa0d80-6d42-4234-b816-8478e30260cf,6928583201048,Thạch sữa chua bơ 520ml,2Mart,,Sữa-Sữa chua-Sữa dừa,32000,20000,ACTIVE,,2026-08-18T20:02:05.734Z,2026-07-30T02:55:57.756Z,2026-08-18T20:02:05.755Z
2907d298-71cc-4146-855d-4c5106732f6e,8938549708229,Btt Mix ớt xiêm xanh 40GR,2Mart,,Ăn vặt,15000,7500,ACTIVE,,2026-08-10T14:49:47.575Z,2026-07-30T02:55:57.684Z,2026-08-10T14:49:47.616Z
5fb76641-a20b-4b44-9f63-6e5e3295f23f,mì cay nissin,gà cay hàn quốc,2Mart,,Mì bát-ly-gói-hủ tiếu-phở,12000,0,INACTIVE,,2026-08-17T15:50:29.933Z,2026-07-30T02:55:57.830Z,2026-08-17T15:50:29.962Z
7c6b7d91-5f7b-419c-9fff-76ae03a51f65,8938549708243,Bánh tráng trộn miss vị tôm yum 40GR,2Mart,,Ăn vặt,15000,7500,ACTIVE,,2026-08-09T11:49:15.131Z,2026-07-30T02:55:57.676Z,2026-08-09T11:49:15.149Z
4b11e93e-7537-4027-9393-6ee8d0142cf0,8936221041749,Omachi sườn,2Mart,,Mì bát-ly-gói-hủ tiếu-phở,12000,7000,ACTIVE,,2026-08-17T18:42:39.934Z,2026-07-30T02:55:57.791Z,2026-08-17T18:42:39.959Z
ebcc7135-a17f-432e-a5e6-b2e0ef37d68b,6928583201062,Sữa chua uống vị ổi,2Mart,,Sữa-Sữa chua-Sữa dừa,32000,20000,ACTIVE,,2026-08-19T17:13:14.965Z,2026-07-30T02:55:57.761Z,2026-08-19T17:13:14.976Z
c81ee52c-7405-43ac-a6d1-c3d82fbfb156,8936221044184,Kokomi tôm chua cay 90GR,2Mart,,Mì bát-ly-gói-hủ tiếu-phở,12000,"3548,71",ACTIVE,,,2026-07-30T02:55:57.800Z,2026-07-30T02:56:56.764Z
531683ca-2fb7-438a-a237-c575b6cdcf74,8936221048281,My ly Kokomi có xx,2Mart,,Mì bát-ly-gói-hủ tiếu-phở,15000,8583,INACTIVE,,,2026-07-30T02:55:57.805Z,2026-07-30T02:56:56.767Z
f27b2a3e-b460-4b0b-a4dc-d189f847568b,8938549708236,Bánh tráng trộn miss muối ớt xiêm đỏ 40GR,2Mart,,Ăn vặt,15000,7500,INACTIVE,,2026-08-16T16:23:42.749Z,2026-07-30T02:55:57.692Z,2026-08-16T16:23:42.760Z
5097777c-a28e-4454-b019-3f7e59443105,8801073110502,Mì khô gà cay Samyang gói 140g,2Mart,,Mì bát-ly-gói-hủ tiếu-phở,29000,21688,INACTIVE,,,2026-07-30T02:55:57.819Z,2026-07-30T02:56:56.775Z
0c7009e1-4ea2-4a24-ad6c-8f9e711264a4,8801073211063,Mì nước gà hầm cay bát 120g,2Mart,,Mì bát-ly-gói-hủ tiếu-phở,45000,35000,ACTIVE,,,2026-07-30T02:55:57.822Z,2026-07-30T02:56:56.779Z
b0684025-7d86-4720-abaa-20cbcae3fac3,8934755010521,Bǎng quần Diana comfy ML3MIENG,2Mart,,Đồ dùng cá nhân,35000,25000,INACTIVE,,,2026-07-30T02:55:57.842Z,2026-07-30T02:56:56.786Z
6dc7112f-8d68-4d82-b256-3789b0458d1b,8934588543555,Nước uống điện giải Revive pro 500ml,2Mart,,Nước bù khoáng,15000,0,INACTIVE,,,2026-07-30T02:55:57.851Z,2026-07-30T02:56:56.790Z
9331515a-010b-4ad9-b913-93d565aaea82,SP161165,1 cây xúc xích Ponnie 35g,2Mart,,Thức ăn nhanh,6000,3300,ACTIVE,,,2026-07-30T02:55:57.856Z,2026-07-30T02:56:56.793Z
a472e74b-eb50-4b71-85e2-bb0847353afa,SP161164,Xúc xích Ponnie /1 cây lẻ,2Mart,,Thức ăn nhanh,0,0,INACTIVE,,,2026-07-30T02:55:57.868Z,2026-07-30T02:56:56.797Z
10ad32dc-7041-49f0-9cf5-7cbc8a5e27ee,SP161163,Chocolate Coated Almond 30g,2Mart,,kẹo,35000,25000,ACTIVE,,,2026-07-30T02:55:57.876Z,2026-07-30T02:56:56.801Z
fc44c256-0211-49f9-83ba-d14d47d8f815,SP161162,Đào sấy muối Fruit Ocean 50g,Fruit Ocean,,trái cây sấy,19000,13000,ACTIVE,,,2026-07-30T02:55:57.881Z,2026-07-30T02:56:56.805Z
6067e834-36c3-4ba4-bfa3-109b6d35fe2e,SP161161,Vỏ quýt sấy Fruit Ocean 50g,2Mart,,trái cây sấy,19000,13000,INACTIVE,,,2026-07-30T02:55:57.885Z,2026-07-30T02:56:56.809Z
75882d74-8a9a-431d-ad45-e4e1edc787d9,8850006934579,Kem đánh răng Colgate ngừa sâu răng Hương Bạc Hà the mát 110g,colgate,,Đồ dùng cá nhân,24000,14000,ACTIVE,,2026-08-09T16:37:48.379Z,2026-07-30T02:55:57.813Z,2026-08-09T16:37:48.412Z
52c2cfd4-6222-409f-801d-9cd9b4bf8321,SP161159,Bánh Top chocolate,2Mart,,Bánh quy-Bánh que,4500,3200,ACTIVE,,2026-08-11T21:45:42.757Z,2026-07-30T02:55:57.901Z,2026-08-11T21:45:42.784Z
39bc0cd9-8a5c-436e-859b-18c20351791c,SP161158,Bánh Macaron Nhân Hạt Điều,ococo,,bánh ngọt,65000,45000,ACTIVE,,,2026-07-30T02:55:57.910Z,2026-07-30T02:56:56.821Z
40dd3121-02c8-4513-859c-082d58c8df0b,SP161157,Bánh Macaron Vị Dâu,ococo,,bánh ngọt,65000,45000,ACTIVE,,,2026-07-30T02:55:57.918Z,2026-07-30T02:56:56.824Z
dd882597-37e7-448f-8e38-457c86b3bd5b,SP161156,Bánh Marcaron Nhân Hạt Dẻ,ococo,,bánh ngọt,65000,45000,INACTIVE,,,2026-07-30T02:55:57.928Z,2026-07-30T02:56:56.828Z
3b2b955c-9a70-4b60-a12a-5a648191f87f,SP161155,Bánh Macaron nhân tổng hợp,ococo,,bánh ngọt,65000,45000,ACTIVE,,,2026-07-30T02:55:57.932Z,2026-07-30T02:56:56.832Z
f39ce522-d784-4f3f-82a2-67d8b90707b2,SP161154,Bánh Macaron Vị Sầu Riêng,ococo,,bánh ngọt,65000,45000,ACTIVE,,,2026-07-30T02:55:57.949Z,2026-07-30T02:56:56.837Z
9c13f73f-bac6-461c-99f4-25ed279a4cef,SP161153,Bánh Gato,THP,,Bánh mì,13000,8888,INACTIVE,,,2026-07-30T02:55:57.959Z,2026-07-30T02:56:56.841Z
a24902ca-3990-4b7c-a967-e2a53a07105a,SP161152,Kẹo Dẻo tổng hợp,cokoc,,kẹo,23000,13500,ACTIVE,,,2026-07-30T02:55:57.963Z,2026-07-30T02:56:56.844Z
677d27be-a2a4-470b-bfe6-ec02c9e88105,SP161151,Kẹo Mintz xanh lá,Mintz,,kẹo,24000,16000,ACTIVE,,2026-08-19T18:37:58.627Z,2026-07-30T02:55:57.967Z,2026-08-19T18:37:58.719Z
d30e6c85-dbb8-4ca4-b123-5140acb974ff,SP161150,Kẹo Mintz,Mintz,,kẹo,24000,16000,ACTIVE,,,2026-07-30T02:55:57.971Z,2026-07-30T02:56:56.852Z
246141d8-1714-45ab-8022-c4cc765082e1,SP161149,Blasto ít đường,Fullo,,Ăn vặt,45000,32000,INACTIVE,,,2026-07-30T02:55:57.974Z,2026-07-30T02:56:56.855Z
b0ed1d75-662d-457c-8937-2636061c102b,6940188818513,dạ dày chay,2Mart,,Ăn vặt,5000,3125,ACTIVE,,,2026-07-30T02:55:57.977Z,2026-07-30T02:56:56.859Z
c0cff161-6291-4ff9-a691-03777436a110,6940188818520,Dạ dày chay,2Mart,,Ăn vặt,5000,3125,ACTIVE,,,2026-07-30T02:55:57.983Z,2026-07-30T02:56:56.863Z
b86cc88d-79bb-4ef4-8ed4-af24cda17e19,6940188818568,Thịt chay xé sợi vị tê cay,2Mart,,Ăn vặt,4000,2500,ACTIVE,,,2026-07-30T02:55:57.989Z,2026-07-30T02:56:56.866Z
51cace5c-b0a2-4a4f-bf0f-254d3e909f2a,6940188818551,"Thịt chay xé sợi 2,5kg cty á châu",2Mart,,Ăn vặt,4000,2500,ACTIVE,,,2026-07-30T02:55:57.996Z,2026-07-30T02:56:56.870Z
bd3dd627-274a-4b1c-a691-de3f62f2e092,6940188818537,Thanh cua tẩm vị,2Mart,,Ăn vặt,7000,3833,ACTIVE,,,2026-07-30T02:55:58.010Z,2026-07-30T02:56:56.873Z
19223de2-fce0-4fc0-b032-63b83b139b01,6940188818544,Thanh cua tẩm vị,2Mart,,Ăn vặt,7000,3833,INACTIVE,,,2026-07-30T02:55:58.016Z,2026-07-30T02:56:56.878Z
d8bb6915-5377-4ea3-a9e1-7941196e3efb,8938556329035,Nước uống bổ sung ion Pocari Sweat chai 350ml,2Mart,,Nước bù khoáng,15000,9833,INACTIVE,,,2026-07-30T02:55:58.021Z,2026-07-30T02:56:56.881Z
0335cadc-0366-44ac-8370-59d78e2caf6c,6974390208886,Miến chua cay Trùng Khánh,2Mart,,Mì bát-ly-gói-hủ tiếu-phở,15000,10500,ACTIVE,,,2026-07-30T02:55:58.025Z,2026-07-30T02:56:56.885Z
0b734744-773a-43e8-b40e-3dc5d938e2d8,6950545500340,Thanh cua Đài Loan yohosiyo 14GR tím,2Mart,,Ăn vặt,6000,3200,ACTIVE,,,2026-07-30T02:55:58.038Z,2026-07-30T02:56:56.889Z
9a3e491f-11f3-4431-9f9a-5f36f0d25955,SP161147,tô bạc nấu mì,2Mart,,Dụng cụ ăn uống,0,0,INACTIVE,,,2026-07-30T02:55:58.055Z,2026-07-30T02:56:56.898Z
981b0574-8494-4c41-a7f6-cef91a227e4d,8934677038016,Kẹo Xylitol 130g,lotte,,kẹo,60000,50000,ACTIVE,,,2026-07-30T02:55:58.062Z,2026-07-30T02:56:56.902Z
60400b1d-42d1-4c23-810d-47bdd424a0de,8934677000358,"Kẹo cao su Xylitol Bạc Hà 130,5g",lotte,,kẹo,60000,50000,ACTIVE,,,2026-07-30T02:55:58.065Z,2026-07-30T02:56:56.905Z
422c7d06-7196-48d6-b946-bb6f1951612e,8935341301122,Bánh Lotte vi pho mai,Lotte Chocolate,,bánh ngọt,31000,"19555,55",INACTIVE,,,2026-07-30T02:55:58.069Z,2026-07-30T02:56:56.909Z
09731890-80b0-4fd6-b4e9-d77a1829ae4a,8935341300224,Bánh bouchee Lotte chocolat vị socola 162g,Lotte Chocolate,,bánh ngọt,31000,"19555,55",INACTIVE,,,2026-07-30T02:55:58.071Z,2026-07-30T02:56:56.912Z
9de204a7-7715-4cad-87e0-d762c65c11bd,6914973600362,Kẹo socola snicker 51g,Snickers,,kẹo,25000,18000,INACTIVE,,,2026-07-30T02:55:58.085Z,2026-07-30T02:56:56.916Z
b745e938-a022-408d-9ab3-39e0ca3f1c25,69025310,Kẹo socola có hạt snicker 20g,Snickers,,kẹo,10000,6000,INACTIVE,,,2026-07-30T02:55:58.099Z,2026-07-30T02:56:56.920Z
71b08e7a-c7bb-4510-a011-9c95e3eaafcb,6914973610675,Socola ống mik chocolate M&M 28GR,M&M,,kẹo,40000,31000,INACTIVE,,,2026-07-30T02:55:58.107Z,2026-07-30T02:56:56.924Z
294c599f-84f5-40dc-bcd0-1dd4e8d0d4b5,8936227750034,"Kẹo sing-gum Cool Air tím hũ to 131,4 g",2Mart,,kẹo,55000,46000,ACTIVE,,,2026-07-30T02:55:58.113Z,2026-07-30T02:56:56.927Z
c3df3ee1-42f0-4dd9-8e2b-1050df45f4e8,8936227750195,Kẹo cao su doublemint lọ to 131.4g 0195,2Mart,,kẹo,55000,46000,ACTIVE,,,2026-07-30T02:55:58.119Z,2026-07-30T02:56:56.931Z
572b9b17-5b40-4230-8dcd-7be985cce71f,SP161146,Nước Yogee vị Đào,YOGEE,,Nước thạch,16000,11000,ACTIVE,,,2026-07-30T02:55:58.131Z,2026-07-30T02:56:56.935Z
4b46a032-77a6-460e-b15c-8f462f19f27f,SP161145,Kẹo Burger Yopi 84g,Yupi,,kẹo,32000,22000,ACTIVE,,,2026-07-30T02:55:58.141Z,2026-07-30T02:56:56.940Z
ac25855c-e6f7-4066-9a23-e72ad4df3401,SP161144,Kẹo Xốp Heo Peppa Pig Relkon,Relkon,,kẹo,34000,27000,ACTIVE,,,2026-07-30T02:55:58.145Z,2026-07-30T02:56:56.944Z
67a89163-9ba3-4775-a0a6-d02ea47a7725,SP161143,Kẹo Xốp Hình Chú Chó Relkon,Relkon,,kẹo,35000,27000,ACTIVE,,,2026-07-30T02:55:58.149Z,2026-07-30T02:56:56.948Z
48fb1c75-4bf5-422c-bdec-9150d484e9de,SP161142,Kẹo xốp Tom Relkon,Relkon,,kẹo,35000,27000,INACTIVE,,,2026-07-30T02:55:58.155Z,2026-07-30T02:56:56.952Z
8fad6c02-dcd7-4920-9fd0-872ac99f82dc,SP161141,Kẹo xốp hình chú thỏ nhà Relkon,Relkon,,kẹo,35000,27000,INACTIVE,,,2026-07-30T02:55:58.159Z,2026-07-30T02:56:56.956Z
3b89cc0e-02a3-424f-97af-ed6cd142c4a2,SP161140,Kẹo Xốp Bebeto,bebeto,,kẹo,15000,22000,INACTIVE,,,2026-07-30T02:55:58.163Z,2026-07-30T02:56:56.959Z
132ab253-b626-438f-afdd-988326189a09,SP161139,Kẹo Bebeto màu xanh lá,bebeto,,kẹo,30000,22000,INACTIVE,,,2026-07-30T02:55:58.169Z,2026-07-30T02:56:56.963Z
278614e7-77ac-4dd7-ad84-e0e09cad462b,SP161138,Kẹo Bebeto loại mày tím,bebeto,,kẹo,22000,22000,INACTIVE,,,2026-07-30T02:55:58.172Z,2026-07-30T02:56:56.966Z
2dfeaa06-e84a-4e41-9376-09897e67f2a5,SP161137,Kẹo Bebeto loại màu xanh,bebeto,,kẹo,30000,22000,INACTIVE,,,2026-07-30T02:55:58.180Z,2026-07-30T02:56:56.970Z
b9e88bb5-6be0-4015-8f5e-f30d841db514,SP161136,Kẹo Bebeto loại màu đỏ,bebeto,,kẹo,30000,22000,INACTIVE,,,2026-07-30T02:55:58.191Z,2026-07-30T02:56:56.974Z
d548a250-5f46-4c1d-bfb4-f52d65a1314b,SP161135,Kẹo Bebeto loại màu hồng,bebeto,,kẹo,30000,22000,INACTIVE,,,2026-07-30T02:55:58.198Z,2026-07-30T02:56:56.978Z
f04a831e-6f4f-4960-870a-d63886376c74,SP161134,Kẹo Xốp mix vị Relkon,Relkon,,kẹo,35000,27000,ACTIVE,,,2026-07-30T02:55:58.204Z,2026-07-30T02:56:56.982Z
f8bd0561-52b2-4e67-aef6-c15a1e2396cc,SP161148,Tô bạc nấu mì,2Mart,,Dụng cụ ăn uống,5000,2500,ACTIVE,,2026-08-16T12:25:32.357Z,2026-07-30T02:55:58.050Z,2026-08-16T12:25:32.387Z
4a621997-8e9b-40e9-a9d7-2284285c0b2f,SP161132,Kẹo Bóng Play More,play more,,kẹo,22000,15000,ACTIVE,,,2026-07-30T02:55:58.212Z,2026-07-30T02:56:56.990Z
c9f784eb-e684-4477-9528-838d01953eed,SP161131,Play More Kẹo Dẻo Chữ ABC,play more,,kẹo,25000,25000,ACTIVE,,,2026-07-30T02:55:58.218Z,2026-07-30T02:56:56.994Z
a9986599-6d89-457b-9d4d-142ff99c8b11,8938503352093,Rượu Soju goodday truyền thống,2Mart,,Nước uống chứa cồn,65000,42500,INACTIVE,,,2026-07-30T02:55:58.221Z,2026-07-30T02:56:56.999Z
46bed238-05e0-48e9-a076-b4c341dcadb2,6927082403076,bộ bài,2Mart,,Đồ dùng cá nhân,12000,5900,INACTIVE,,2026-08-17T18:58:39.740Z,2026-07-30T02:55:58.330Z,2026-08-17T18:58:39.767Z
7bddf462-6cd7-4fed-85f6-d456b6101e70,8938503352116,Rượu Soju Việt quất Good Day vn 360ml,2Mart,,Nước uống chứa cồn,65000,42500,INACTIVE,,2026-08-12T20:07:50.622Z,2026-07-30T02:55:58.230Z,2026-08-12T20:07:50.639Z
9d7b6604-331c-4513-be53-f24a61ff0969,8938503352161,Goodday rượu Soju đào 360ml,2Mart,,Nước uống chứa cồn,65000,42500,ACTIVE,,,2026-07-30T02:55:58.241Z,2026-07-30T02:56:57.010Z
bef475bb-9d34-499c-94fb-56623338da9f,8938503352178,Rượu Soju vị Bưởi 360ml,2Mart,,Nước uống chứa cồn,65000,42500,INACTIVE,,,2026-07-30T02:55:58.244Z,2026-07-30T02:56:57.014Z
bd4de8e6-9f8b-4418-9848-c756091a2597,8936066513265,Bông Tẩy trang NiVa,2Mart,,Đồ dùng cá nhân,38000,27000,ACTIVE,,,2026-07-30T02:55:58.246Z,2026-07-30T02:56:57.019Z
c6d8e526-370c-4d4e-a99f-65000f985a9d,8936066510585,Khăn ướt Niva Bịch 30 tờ,2Mart,,Đồ dùng cá nhân,12000,6500,ACTIVE,,,2026-07-30T02:55:58.249Z,2026-07-30T02:56:57.022Z
89752c70-ea89-4da7-af36-ec258d80df27,8936097108089,Khăn ướt Niva 80 tờ,2Mart,,Đồ dùng cá nhân,32000,24000,ACTIVE,,,2026-07-30T02:55:58.252Z,2026-07-30T02:56:57.026Z
c635d2a4-753f-4e05-b523-3100e2f1c792,8938500579639,Tăm bông Niva AZ22,2Mart,,Đồ dùng cá nhân,12000,6500,ACTIVE,,,2026-07-30T02:55:58.255Z,2026-07-30T02:56:57.031Z
0aa2fa8d-b3fc-41fa-88ed-4376aebb7bce,8938500579646,Bông tăm AZ3 Niva 200 que,2Mart,,Đồ dùng cá nhân,19000,11000,ACTIVE,,,2026-07-30T02:55:58.258Z,2026-07-30T02:56:57.035Z
cfcbd0ca-740a-41f8-a1e7-1d1b05a91e2f,8938500579677,Tăm bông ni_va _100 sticks,2Mart,,Đồ dùng cá nhân,25000,11000,ACTIVE,,,2026-07-30T02:55:58.264Z,2026-07-30T02:56:57.039Z
b42b0a7a-de71-4bba-873a-dd7072116542,8936097106160,Bông tăm sơ sinh 200 que,2Mart,,Đồ dùng cá nhân,35000,26000,ACTIVE,,,2026-07-30T02:55:58.270Z,2026-07-30T02:56:57.042Z
1930cfd0-3440-451c-a70d-344294e900d0,8936140450073,Bàn chải suwadee,2Mart,,Đồ dùng cá nhân,19000,10000,ACTIVE,,2026-08-08T17:33:02.044Z,2026-07-30T02:55:58.320Z,2026-08-08T17:33:02.054Z
a2b58d47-4b61-4830-b941-1a6d09cd6d79,8934803011364,Oishi zuna snack xoắn vị tôm xốt trứng muối 65g snack,2Mart,,Ăn vặt,15000,8000,INACTIVE,,,2026-07-30T02:55:58.285Z,2026-07-30T02:56:57.051Z
c27a20d2-ee21-4a8d-b7be-5884d4f73eb1,8934803011357,Oishi zuna,2Mart,,Ăn vặt,15000,8000,ACTIVE,,,2026-07-30T02:55:58.296Z,2026-07-30T02:56:57.054Z
045aaa1d-f812-4e96-b643-030f27bbe748,8035292409929,Trà đào có ga,Tea.A,,Trà,15000,7500,INACTIVE,,,2026-07-30T02:55:58.303Z,2026-07-30T02:56:57.058Z
b641e016-ff7a-418a-92ab-06c9a7eb9ccc,8935292406679,Trà vải có ga,Tea.A,,Trà,15000,7500,INACTIVE,,,2026-07-30T02:55:58.308Z,2026-07-30T02:56:57.061Z
3094c3c7-50de-465b-9ca3-8cadadb9b04f,8938554959166,Khăn ước baby 100g,2Mart,,Khăn giấy,12000,6500,ACTIVE,,,2026-07-30T02:55:58.311Z,2026-07-30T02:56:57.065Z
37b357c6-f9ee-4aae-b6f5-27b171a4832c,8938534959124,Khăn ướt không mùi baby Happy 600g,2Mart,,Khăn giấy,19000,13000,ACTIVE,,,2026-07-30T02:55:58.313Z,2026-07-30T02:56:57.069Z
96fff107-f04b-4ac0-9d73-8c91e27ff1a3,8936024920647,Bông tăm aten thân nhựa túi Zipper người lớn 90 pcs,2Mart,,Đồ dùng cá nhân,7000,3750,ACTIVE,,,2026-07-30T02:55:58.316Z,2026-07-30T02:56:57.073Z
7b90a469-db49-47c7-b83e-ad6b1576710f,8936140450141,Bàn chải + cạo lưỡi nam hiền,2Mart,,Đồ dùng cá nhân,15000,7000,INACTIVE,,,2026-07-30T02:55:58.328Z,2026-07-30T02:56:57.081Z
c3d6f06e-4efd-4f7f-9056-024e6abf0b2d,6973740750143,Bật lửa khò viên đá gạch na lin,2Mart,,Đồ dùng cá nhân,13000,8000,ACTIVE,,2026-08-18T16:08:15.540Z,2026-07-30T02:55:58.362Z,2026-08-18T16:08:15.579Z
58199eb4-aba9-4bd8-a1ef-24b72223d716,8934755014154,Diana băng vệ sinh daily kháng khuẩn s.thấm 20X48,2Mart,,Đồ dùng cá nhân,45000,30833,ACTIVE,,,2026-07-30T02:55:58.336Z,2026-07-30T02:56:57.095Z
cfcc9342-e0da-48a7-91cc-545d1c1c45fb,8936099590332,Giấy vệ sinh Hoàng Long 10+2 không lõi,2Mart,,Khăn giấy,10000,5000,INACTIVE,,,2026-07-30T02:55:58.341Z,2026-07-30T02:56:57.099Z
98fbe43d-1272-4e4c-8125-962b442ed867,893600946,quẹt thường,2Mart,,Đồ dùng cá nhân,5000,1300,ACTIVE,,,2026-07-30T02:55:58.345Z,2026-07-30T02:56:57.102Z
87617a95-e3de-453d-84c4-80f8019550e5,8935342401647,Bento hải sản cay ngọt surimi trộn mực 36g,Bento,,Ăn vặt,30000,"20999,86",INACTIVE,,,2026-07-30T02:55:58.351Z,2026-07-30T02:56:57.106Z
a6467eb9-4f5e-4b1e-a747-aa9c9311ec17,8938503352109,Rượu Soju hq chery 12.5%,2Mart,,Nước uống chứa cồn,65000,42500,INACTIVE,,2026-08-12T19:41:25.223Z,2026-07-30T02:55:58.224Z,2026-08-12T19:41:25.243Z
213e71c7-34fb-41ef-8285-6057325abeba,8935342401678,Bento hải sản cay nồng surimi trộn mực 36g,Bento,,Ăn vặt,30000,"20999,84",INACTIVE,,,2026-07-30T02:55:58.365Z,2026-07-30T02:56:57.113Z
72c8da71-cca7-4cd1-8b85-e9608c9ab55e,8938528999174,Bánh hạt dinh dưỡng cá,2Mart,,Bánh quy-Bánh que,43000,28000,ACTIVE,,,2026-07-30T02:55:58.371Z,2026-07-30T02:56:57.117Z
abccb68c-89db-4a9a-9ca8-ef54127fa04d,8936202790710,Bánh b-rice Hoàng Gia,2Mart,,Bánh quy-Bánh que,43000,30800,ACTIVE,,,2026-07-30T02:55:58.376Z,2026-07-30T02:56:57.121Z
6276554b-9396-4dfe-ad66-78e346b6f6ac,8936202790567,Rong biển kẹp hạt,2Mart,,Ăn vặt,43000,33800,ACTIVE,,,2026-07-30T02:55:58.380Z,2026-07-30T02:56:57.125Z
898752be-4e46-466c-a9de-2de551311466,8809648500253,Rong biển ớt,2Mart,,Thức ăn nhanh,13000,5667,ACTIVE,,,2026-07-30T02:55:58.391Z,2026-07-30T02:56:57.129Z
c3f267d8-f080-439e-8443-cecfbbf0fccd,SP161130,rong biển sala vị olive oil,2Mart,,Thức ăn nhanh,13000,5667,ACTIVE,,,2026-07-30T02:55:58.406Z,2026-07-30T02:56:57.133Z
08fdfb0f-5927-49d5-b6ec-06a998df590c,8938535110098,Rong biển ống vị cay,2Mart,,Ăn vặt,5000,3800,ACTIVE,,,2026-07-30T02:55:58.416Z,2026-07-30T02:56:57.136Z
d081a1dd-781b-45b2-b6da-2ea708ff5cac,rong biển,rong biển vị tôm,2Mart,,Ăn vặt,7000,0,INACTIVE,,,2026-07-30T02:55:58.422Z,2026-07-30T02:56:57.140Z
f0cd649f-381b-4a3a-948f-e32c70d4364e,Rong biển ăn liền,rong biển ăn liền,2Mart,,Ăn vặt,7000,0,INACTIVE,,,2026-07-30T02:55:58.428Z,2026-07-30T02:56:57.144Z
1304ec22-cb82-48d6-a88f-240c8586d81d,8938535110104,Rong biển ăn liền aladin vị tôm,2Mart,,Ăn vặt,5000,3800,ACTIVE,,,2026-07-30T02:55:58.432Z,2026-07-30T02:56:57.147Z
5dc4f032-62df-43cb-88c3-c5c6d6d9b94a,8938535110111,Aladdin rong biển ăn liền vị mực nướng 3.6g,2Mart,,Ăn vặt,7000,3800,ACTIVE,,,2026-07-30T02:55:58.436Z,2026-07-30T02:56:57.151Z
88bb384d-3863-4a51-bcf9-015a6c922c56,8938500579745,Tăm bông trẻ em BH1,2Mart,,Đồ dùng cá nhân,0,14000,ACTIVE,,2026-08-05T17:54:48.850Z,2026-07-30T02:55:58.278Z,2026-08-05T17:54:48.874Z
a663f5bd-239a-4a4a-8fe9-358b4415dcf2,6971080171147,Nước nổ Vị Việt quất,2Mart,,Nước trái cây,29000,20000,ACTIVE,,,2026-07-30T02:55:58.447Z,2026-07-30T02:56:57.163Z
2b8cd4d8-029b-45a0-ab41-777a90c5cc6b,SP161128,Sốt Chocolate Golden,Golden Farm,,Sốt,80000,80000,ACTIVE,,,2026-07-30T02:55:58.450Z,2026-07-30T02:56:57.166Z
7b665f6e-174a-4ac6-b7cd-e4b179538748,SP161127,Sốt Matcha Golden,Golden Farm,,Sốt,80000,80000,ACTIVE,,,2026-07-30T02:55:58.453Z,2026-07-30T02:56:57.170Z
bf52998b-8ab9-4cf4-a105-59f40f4b4e78,SP161126,soda zero vị nho,2Mart,,Nước trái cây,30000,17000,INACTIVE,,,2026-07-30T02:55:58.456Z,2026-07-30T02:56:57.174Z
a7f01918-fd87-4c7f-acc5-85b44ef2d1e9,SP161125,soda zero vị cam,2Mart,,Nước trái cây,30000,17000,INACTIVE,,,2026-07-30T02:55:58.459Z,2026-07-30T02:56:57.178Z
512f37a3-4ad3-4127-bcb3-51a5c6cdaba6,SP161124,otoki mì bò hầm vị cay,2Mart,,Mì bát-ly-gói-hủ tiếu-phở,16000,"10466,67",INACTIVE,,,2026-07-30T02:55:58.462Z,2026-07-30T02:56:57.184Z
db2a778a-7313-467a-89d6-c1ed1979d108,6956367188735,Bánh đĩa ông già,AXIQIN,,Bánh mì,19000,13000,ACTIVE,,,2026-07-30T02:55:58.466Z,2026-07-30T02:56:57.188Z
33991c28-972b-4b9b-a6e7-b04450c47342,SP161123,mamapop vị bia gừng,2Mart,,Nước trái cây,29000,20500,INACTIVE,,,2026-07-30T02:55:58.472Z,2026-07-30T02:56:57.191Z
72e42384-dd5f-42bf-ba4d-0091688aaf35,SP161122,mamapop vị bia gừng,2Mart,,Nước trái cây,15000,0,INACTIVE,,,2026-07-30T02:55:58.478Z,2026-07-30T02:56:57.195Z
682830dd-621a-4c26-99ab-83699051a20b,8935358700048,Pororo trái cây Nhiệt đới,Pororo,,Sữa-Sữa chua-Sữa dừa,22000,14500,INACTIVE,,,2026-07-30T02:55:58.485Z,2026-07-30T02:56:57.199Z
9a953db3-3c79-4d2f-bb00-58edcd54300e,8935358700031,Nước Hồng Sâm Pororo dạng chai vị táo,Pororo,,Sữa-Sữa chua-Sữa dừa,22000,14500,INACTIVE,,,2026-07-30T02:55:58.490Z,2026-07-30T02:56:57.202Z
04bb2903-fda2-4731-97a2-525ea51d339f,8935358700055,Nước Pororo Vị Việt quất 235ml,Pororo,,Sữa-Sữa chua-Sữa dừa,22000,14500,INACTIVE,,,2026-07-30T02:55:58.502Z,2026-07-30T02:56:57.206Z
adf7ca3c-ed9a-4ecb-a431-2fac8321bf6d,SP161121,star kombucha vị ổi hồng,Star Kombucha,,Nước trái cây,32000,23500,INACTIVE,,,2026-07-30T02:55:58.511Z,2026-07-30T02:56:57.211Z
65fa861b-d0b2-47c6-9e81-964990311814,8935358700024,Nước uống Pororo Hương vị sữa,Pororo,,Sữa-Sữa chua-Sữa dừa,22000,14500,INACTIVE,,,2026-07-30T02:55:58.519Z,2026-07-30T02:56:57.214Z
33030f72-b203-48c4-86aa-024d63aa900b,SP161120,star kombucha vị cam đào,Star Kombucha,,Nước trái cây,32000,23500,INACTIVE,,,2026-07-30T02:55:58.530Z,2026-07-30T02:56:57.218Z
ad9d7ead-ad6f-4c74-bee8-f2b5f722fa9b,SP161119,Chân gà tiềm ớt hiểm,Làng an,,Ăn vặt,12000,8000,ACTIVE,,,2026-07-30T02:55:58.541Z,2026-07-30T02:56:57.221Z
6daf12f5-b675-4138-8203-0211e134bd99,SP161118,C2 Hương Chanh,c2,,C2,15000,"7708,34",ACTIVE,,,2026-07-30T02:55:58.548Z,2026-07-30T02:56:57.225Z
c85c146a-46eb-4c40-830a-36ef2762ba80,8936236480021,Hct xúc xích ú NU vị BBQ 85g,2Mart,,Thức ăn nhanh,13000,"7480,67",ACTIVE,,2026-08-18T15:08:37.154Z,2026-07-30T02:55:58.621Z,2026-08-18T15:08:37.176Z
5edb9c2d-a322-4cc4-bc68-fb47611c9fa8,SP161116,Nui vàng nhỏ,Cường Hoa,,Ăn vặt,15000,7000,ACTIVE,,,2026-07-30T02:55:58.557Z,2026-07-30T02:56:57.233Z
9b538fba-ae13-4d32-85a6-8f2e133efbcb,SP161115,bánh tráng trộn,LAHA FOODS,,Ăn vặt,27000,17000,ACTIVE,,,2026-07-30T02:55:58.562Z,2026-07-30T02:56:57.237Z
5b4e69e1-9528-44e4-a792-ee6373adc4bc,SP161114,Mì kim chi thịt bò,vifon,,Mì bát-ly-gói-hủ tiếu-phở,24000,"18939,31",INACTIVE,,,2026-07-30T02:55:58.566Z,2026-07-30T02:56:57.241Z
7734b45a-81c0-408e-a71c-0b3f67550add,SP161113,Mì thịt bằm,vifon,,Mì bát-ly-gói-hủ tiếu-phở,24000,"17575,45",ACTIVE,,,2026-07-30T02:55:58.569Z,2026-07-30T02:56:57.244Z
5ed23204-7ce4-4856-bab0-db4adb524183,8935311106214,Mì trộn tương đen Bắc Kinh,vifon,,Mì bát-ly-gói-hủ tiếu-phở,10000,7208,ACTIVE,,,2026-07-30T02:55:58.573Z,2026-07-30T02:56:57.248Z
ee06e202-5d5e-4551-8d94-1e30f17899af,VIFON,mi tron spaghetti,2Mart,,Mì bát-ly-gói-hủ tiếu-phở,16000,"11744,32",ACTIVE,,,2026-07-30T02:55:58.577Z,2026-07-30T02:56:57.252Z
182395b4-4a57-408c-b8ba-6e77c742bd61,8936211626642,Siu Me vị bắp hầm,2Mart,,Thức ăn nhanh,8000,"4223,54",ACTIVE,,,2026-07-30T02:55:58.580Z,2026-07-30T02:56:57.256Z
1ff605cf-663f-4bfc-9f3b-71c2863bf7fe,8936211626635,Xúc xích S2 40g,2Mart,,Thức ăn nhanh,8000,"4223,53",ACTIVE,,,2026-07-30T02:55:58.584Z,2026-07-30T02:56:57.260Z
872b65b7-d20a-4d61-83c6-e7e9dcb7faa2,SP161111,Hạt dưa rang TRUNG NAM,2Mart,,Ăn vặt,0,0,INACTIVE,,,2026-07-30T02:55:58.588Z,2026-07-30T02:56:57.264Z
4bbfa8dd-3dd1-41b9-a92a-7f4f60acd9f5,8938549743060,Hạt hướng dương Trung Nam 40g,2Mart,,Ăn vặt,14000,7000,INACTIVE,,,2026-07-30T02:55:58.591Z,2026-07-30T02:56:57.268Z
81bc6f2b-bbf3-4094-84c6-df00b14058f9,SP161110,oishi vị muối ớt xanh 34g,2Mart,,Oishi,9000,0,INACTIVE,,,2026-07-30T02:55:58.594Z,2026-07-30T02:56:57.272Z
193dcd69-148b-4335-8473-3d7abbd7c099,SP161117,Chân gà ủ thượng hạng,Làng an,,Ăn vặt,12000,0,ACTIVE,,2026-08-16T21:58:49.666Z,2026-07-30T02:55:58.553Z,2026-08-16T21:58:49.692Z
13158979-30fa-4b1b-88e9-8a012e56bd3c,8859578608253,Kẹo chua không đường Hương dưa hấu Playmore 16g,2Mart,,kẹo,21000,14000,ACTIVE,,,2026-07-30T02:55:58.602Z,2026-07-30T02:56:57.280Z
bb990dbd-2b7a-4b37-8250-216a39f4dd36,SP161109,Nước ly vị dưa hấu,2Mart,,Nước trái cây,30000,20000,INACTIVE,,,2026-07-30T02:55:58.605Z,2026-07-30T02:56:57.284Z
3f19db7f-8aa7-47a7-95d4-803abd11b777,SP161108,Nước ly vị kiwi,2Mart,,Nước trái cây,30000,20000,ACTIVE,,,2026-07-30T02:55:58.608Z,2026-07-30T02:56:57.287Z
6fd23d49-256b-4c47-acc1-e3dae4eedae7,SP161107,Bánh mì ngàn lớp,2Mart,,Bánh mì,15000,0,INACTIVE,,,2026-07-30T02:55:58.613Z,2026-07-30T02:56:57.292Z
fbb60f2c-31a8-4b3a-b423-abe31dc38aa7,SP161106,Bánh mì ngàn lớp vị khoai môn,2Mart,,Bánh mì,16000,0,INACTIVE,,,2026-07-30T02:55:58.624Z,2026-07-30T02:56:57.303Z
af2f9088-48d4-4742-bdc0-dabd9ad0db16,8809005029823,Nước soda sfc vị dưa hấu lon 350ml,2Mart,,Nước trái cây,30000,19000,INACTIVE,,,2026-07-30T02:55:58.628Z,2026-07-30T02:56:57.307Z
edbdc1ec-e44b-4766-8ee6-a26804874b40,SP123656,rio cocktail việt quất,2Mart,,Nước uống chứa cồn,65000,"45833,33",INACTIVE,,,2026-07-30T02:55:58.632Z,2026-07-30T02:56:57.311Z
1a25e82b-e2c9-477d-b5b3-ac9aaf382687,6935145301030,Rio cocktail,2Mart,,Nước uống chứa cồn,65000,"45833,33",ACTIVE,,,2026-07-30T02:55:58.636Z,2026-07-30T02:56:57.314Z
a796013d-cf40-4064-933c-a318e872eb84,8936122200269,Tpd. cà phê sữa Cappuccino 240ml Mr.Brown,2Mart,,Cà phê,23000,0,INACTIVE,,,2026-07-30T02:55:58.640Z,2026-07-30T02:56:57.318Z
b94b4200-4a82-4283-97f3-e4fb492a50c8,SP000049,TRA OLONG 320ML,Pesi,,Nước trái cây,240000,0,INACTIVE,,,2026-07-30T02:56:09.112Z,2026-07-30T02:57:06.485Z
899256f4-dd9c-4c9c-b97d-e8b999c02435,8859578608284,Kẹo chua không đường Hương nho Playmore 16g,2Mart,,kẹo,21000,14000,ACTIVE,,2026-08-07T16:36:11.855Z,2026-07-30T02:55:58.598Z,2026-08-07T16:36:11.867Z
3df8e9ad-65e0-4378-a847-7df4304ed915,235,Thịt sấy khô ăn liền,2Mart,,Ăn vặt,27000,17000,ACTIVE,,2026-08-12T15:58:08.932Z,2026-07-30T02:55:58.712Z,2026-08-12T15:58:08.942Z
12d1d7a8-0599-4742-86bf-09aa1121822a,bánh mỳ pháp,samilk bmy pháp,2Mart,,Bánh quy-Bánh que,18000,10000,ACTIVE,,,2026-07-30T02:55:58.650Z,2026-07-30T02:56:57.329Z
7d40127a-3532-410b-9e04-54df07134ed5,SP123655,bắp vàng laha,2Mart,,Ăn vặt,15000,7000,INACTIVE,,,2026-07-30T02:55:58.653Z,2026-07-30T02:56:57.332Z
6d511b9a-0696-4e10-8b86-bddd68cb6cb5,8936048476885,Boncha Nhật,2Mart,,Boncha,15000,6875,ACTIVE,,2026-08-19T20:18:42.192Z,2026-07-30T02:55:58.656Z,2026-08-19T20:18:42.219Z
863c5a8a-fa18-4657-8284-4e15bbd779aa,6971080172557,Nước Trân Châu vị dâu,2Mart,,Nước trái cây,29000,20000,ACTIVE,,,2026-07-30T02:55:58.658Z,2026-07-30T02:56:57.340Z
2952946c-28d5-40a8-b025-8a6d8fe2279d,6971080171673,Nước traí cây nổ xoài,2Mart,,Nước trái cây,29000,20000,ACTIVE,,,2026-07-30T02:55:58.660Z,2026-07-30T02:56:57.345Z
b820ea87-b7ed-4b2e-9dc3-6a12b778b742,6971080171062,Nước ép trái cây vị mận 620ml,2Mart,,Nước trái cây,29000,20000,INACTIVE,,,2026-07-30T02:55:58.663Z,2026-07-30T02:56:57.348Z
22b7c9c3-2284-4386-9120-423dc3104230,8936011771313,Kem sữa chua dâu Celano H125ML,2Mart,,Kem Ăn>>Kem Merino,29000,0,INACTIVE,,,2026-07-30T02:55:58.669Z,2026-07-30T02:56:57.356Z
bd7af795-ccd8-42bf-b759-a0e572eb5a5f,Mì 3 miền ( mì xào),mì xào hành phi tương tỏi,2Mart,,Mì bát-ly-gói-hủ tiếu-phở,7000,0,INACTIVE,,,2026-07-30T02:55:58.671Z,2026-07-30T02:56:57.360Z
cda70c2e-8ec4-4765-af97-ec39e6b2c344,Sp000123654,Bánh gấu hủ,2Mart,,Ăn vặt,15000,0,INACTIVE,,,2026-07-30T02:55:58.674Z,2026-07-30T02:56:57.363Z
c7802c09-8504-420e-b471-1ab58ac6325b,Sp0056798,Bắp rang bơ mix vị,2Mart,,Ăn vặt,27000,0,INACTIVE,,,2026-07-30T02:55:58.678Z,2026-07-30T02:56:57.367Z
3b7ccc3a-e132-4f82-995a-a7692ed94d6b,THUỐC NGỰA NHỎ,Ngựa Nhỏ,2Mart,,thuốc lá,19000,0,INACTIVE,,,2026-07-30T02:55:58.682Z,2026-07-30T02:56:57.371Z
8e70bdef-5a22-4cbc-93ff-bb2e5d322365,8938553718375,Nước basil lựu 290ml,2Mart,,Nước é hạt chia,24000,"12916,66",INACTIVE,,2026-08-11T17:05:37.550Z,2026-07-30T02:55:58.685Z,2026-08-11T17:05:37.592Z
171f1706-3f2c-45b3-a9ec-3d060b72942c,VTALK,zero sugar,2Mart,,Nước trái cây,30000,20000,ACTIVE,,,2026-07-30T02:55:58.687Z,2026-07-30T02:56:57.378Z
432ba49a-faf1-467d-bede-c185a6e65b2c,6927832002009,SC dẻo Merino phomai 50g,merino,,Kem Ăn>>Kem Merino,7000,0,INACTIVE,,,2026-07-30T02:55:58.693Z,2026-07-30T02:56:57.382Z
97fd0eca-9770-4682-b400-accb0861a600,8935311101097,Mì xào Vifon hải sản cay khay 90g,2Mart,,Mì bát-ly-gói-hủ tiếu-phở,16000,10368,ACTIVE,,,2026-07-30T02:55:58.700Z,2026-07-30T02:56:57.390Z
a5bb9e68-2cd5-4ddf-9ca5-4ae9a7448283,SP002090,Kẹo xoắn,2Mart,,kẹo,14000,7500,ACTIVE,,,2026-07-30T02:55:58.702Z,2026-07-30T02:56:57.393Z
e8fdcc41-4d4c-4540-be8e-673780e8d308,289,Mực xé Sợi Ăn liền,2Mart,,Ăn vặt,30000,20000,ACTIVE,,,2026-07-30T02:55:58.705Z,2026-07-30T02:56:57.398Z
0c10ab4b-fa16-4c08-87ea-7cb72f99f262,8850157408622,Bento phômai nướng,2Mart,,Ăn vặt,26000,"13999,6",ACTIVE,,2026-08-13T17:23:23.856Z,2026-07-30T02:55:58.647Z,2026-08-13T17:23:23.898Z
2ab6da18-50ea-4547-8eb7-b7f96d1a1273,54,Tai Mặn LAHA,2Mart,,Ăn vặt,15000,7000,ACTIVE,,,2026-07-30T02:55:58.716Z,2026-07-30T02:56:57.405Z
bb069124-94fc-4ec9-9a02-17bc6951662c,320,Chuối sấy nhỏ,2Mart,,Ăn vặt,15000,0,INACTIVE,,,2026-07-30T02:55:58.719Z,2026-07-30T02:56:57.409Z
0f78b35a-3c63-4fa4-873f-84f07f15c54e,268,Mực tẩm gia vị,2Mart,,Ăn vặt,27000,17000,ACTIVE,,,2026-07-30T02:55:58.726Z,2026-07-30T02:56:57.412Z
de191ae1-8884-4a62-8550-4f737864aade,74299008238,Bài Uno hoạt hình,2Mart,,Bài,18000,4900,ACTIVE,,,2026-07-30T02:55:58.729Z,2026-07-30T02:56:57.416Z
af9d1db6-bb1b-4b67-98da-c308de9b9ab9,mmapop,bưởi hồng,2Mart,,Nước trái cây,29000,20500,INACTIVE,,,2026-07-30T02:55:58.731Z,2026-07-30T02:56:57.420Z
ae805083-6f2e-4526-a93d-6aef1b5a7c3f,mmpopp,cam đào,2Mart,,Nước trái cây,29000,0,INACTIVE,,,2026-07-30T02:55:58.734Z,2026-07-30T02:56:57.424Z
75a7be87-df10-4a4a-8cbe-646196df030a,MMpop,ổi hồngg,2Mart,,Nước trái cây,29000,0,INACTIVE,,,2026-07-30T02:55:58.743Z,2026-07-30T02:56:57.428Z
4b048e47-2453-4b70-b166-44e657254a07,MaMap,cam yuzuu,2Mart,,Nước trái cây,29000,20500,INACTIVE,,,2026-07-30T02:55:58.755Z,2026-07-30T02:56:57.432Z
bbe2d84b-1a4a-43fe-96c9-457679c7da90,MaMaPop,xoài kiwi,2Mart,,Nước trái cây,29000,20500,INACTIVE,,,2026-07-30T02:55:58.765Z,2026-07-30T02:56:57.436Z
4a0f2e48-d03e-4d17-b71d-80505ac54030,SP002089,Mì trộn phô mai Ottogi 75g,ottogi,,Mì bát-ly-gói-hủ tiếu-phở,14000,0,INACTIVE,,,2026-07-30T02:55:58.772Z,2026-07-30T02:56:57.440Z
3e83f833-5615-468a-aec1-90426bafa497,8936211626376,Xúc xích siuto vị sườn bắp 120g,2Mart,,Thức ăn nhanh,18000,12000,INACTIVE,,,2026-07-30T02:55:58.782Z,2026-07-30T02:56:57.443Z
5f802a39-1e2e-4b91-af57-263ba18f8142,8936036027877,Bánh snack khoai Tây Swing Double cheese gói 56g,orion,,Poca-Lay’s-Ostar-Swing-Orion,15000,0,INACTIVE,,,2026-07-30T02:55:58.789Z,2026-07-30T02:56:57.447Z
718b4f41-f811-4e28-b3ee-9dae24f8d3f7,8936036024722,Snack Orion Swing terayaki 95g,orion,,Poca-Lay’s-Ostar-Swing-Orion,24000,0,INACTIVE,,,2026-07-30T02:55:58.793Z,2026-07-30T02:56:57.451Z
c7f4dc96-0a81-4166-926e-5a99b89e949b,8936001060915,Bánh mì nhan vi socola samilk 70GR,2Mart,,Bánh mì,10000,5000,ACTIVE,,,2026-07-30T02:55:58.798Z,2026-07-30T02:56:57.455Z
d39bf129-6969-4d6b-bedd-8784ade1bd06,8936001060137,Bánh mì sanwich phô mai,2Mart,,Bánh mì,9000,0,INACTIVE,,,2026-07-30T02:55:58.811Z,2026-07-30T02:56:57.458Z
063f2644-23f2-4c96-8796-88e6edee4b95,8935292412243,Nước Việt quất thạch dừa A-Dew 450ml,2Mart,,Nước trái cây,15000,0,INACTIVE,,,2026-07-30T02:55:58.824Z,2026-07-30T02:56:57.461Z
1c739d8f-75e2-4740-a8bd-9dd20239d571,8935292400318,Sương sâm adew,2Mart,,Nước trái cây,15000,0,INACTIVE,,,2026-07-30T02:55:58.831Z,2026-07-30T02:56:57.465Z
209480cc-5e20-4f06-b009-bde0cade2c52,8935292401254,TRà lựu đỏ A7 Lai Phú 450ml,2Mart,,Nước trái cây,15000,0,INACTIVE,,,2026-07-30T02:55:58.836Z,2026-07-30T02:56:57.468Z
6e2b7d5c-eac5-4ab6-bdbe-0adc79c4815a,8935292401247,Nước thạch dừa A7,2Mart,,Nước trái cây,15000,0,INACTIVE,,,2026-07-30T02:55:58.846Z,2026-07-30T02:56:57.471Z
b7f2ac57-cc9d-42bf-a9bc-290329e972ef,8935292400295,Nước trái cây A-Dew Chanh Dây thạch dừa 450ml,2Mart,,Nước trái cây,15000,0,INACTIVE,,,2026-07-30T02:55:58.854Z,2026-07-30T02:56:57.475Z
aee5d80c-db59-4973-83e0-69d968f5aac3,8935292400219,Nước sương sáo A-Dew 450ml,2Mart,,Nước trái cây,15000,7500,INACTIVE,,,2026-07-30T02:55:58.861Z,2026-07-30T02:56:57.479Z
716f4987-b8eb-40bd-943a-047c3d85d001,8935292400240,Nước ổi thạch dừa a- dew 450ml,2Mart,,Nước trái cây,15000,0,INACTIVE,,,2026-07-30T02:55:58.878Z,2026-07-30T02:56:57.483Z
23f602ac-c332-4b76-bc9d-0b2cc716429b,SP0009875,Lương Khô hạnh x & óc chó ( lẻ),2Mart,,Đồ khô nhăm nhi,3000,0,INACTIVE,,2026-08-07T21:11:39.076Z,2026-07-30T02:55:58.696Z,2026-08-07T21:11:39.087Z
e26e5fd4-0fca-4d59-ad12-e835636a1c59,8935292400035,Nước ngọt yến nha đam đường phèn adew 450ml lạnh,2Mart,,Nước trái cây,15000,7500,INACTIVE,,,2026-07-30T02:55:58.903Z,2026-07-30T02:56:57.493Z
b620c8aa-f95d-417f-b8ec-c87a121c22b5,8935292412250,TRà dưa lưới tea a,2Mart,,Trà,15000,0,INACTIVE,,,2026-07-30T02:55:58.917Z,2026-07-30T02:56:57.497Z
41b20cad-c099-4ec9-8ff6-dbe00e32b195,8935292400196,Nước thơm nha đam A-Dew 450ml,2Mart,,Nước trái cây,15000,0,INACTIVE,,,2026-07-30T02:55:58.926Z,2026-07-30T02:56:57.501Z
78709e7c-1a4d-4f0b-8b9b-287f09173a10,8935292400332,Nước vải thạch dừa adew Lai Phú 450ml,2Mart,,Nước trái cây,15000,7500,INACTIVE,,,2026-07-30T02:55:58.940Z,2026-07-30T02:56:57.505Z
bce2ff74-5d59-48ad-be9e-c5fd7e759e47,8935292400165,Ngk A-Dew chai 450ml,2Mart,,Nước trái cây,15000,0,INACTIVE,,,2026-07-30T02:55:58.961Z,2026-07-30T02:56:57.509Z
26e23d43-77ec-4284-8828-0795c3c7150e,8935292400264,Nước trái cây đào thạch dừa A-Dew 450ml lốc 6 chai,2Mart,,Nước trái cây,15000,0,INACTIVE,,,2026-07-30T02:55:58.976Z,2026-07-30T02:56:57.512Z
7e3bac91-5311-417d-8dbe-1ad896294b60,8935292400325,Nước ép dưa lưới A-Dew 450ml,2Mart,,Nước trái cây,15000,0,INACTIVE,,,2026-07-30T02:55:58.987Z,2026-07-30T02:56:57.516Z
4c66baa3-fcf1-4d87-bfd9-fb7264baa05a,8935292400523,TRà mãng cầu,2Mart,,Trà,15000,0,INACTIVE,,,2026-07-30T02:55:59.001Z,2026-07-30T02:56:57.520Z
e6cff67d-663d-41e6-8570-5c2b48ffd289,8935292400530,TRà măng cụt adew,2Mart,,Trà,15000,7500,INACTIVE,,,2026-07-30T02:55:59.008Z,2026-07-30T02:56:57.524Z
63f18c7b-2c2e-4847-8cda-3cca29c4bf7d,8935292400783,TRà vải Lai Phú 450ml,2Mart,,Trà,15000,0,ACTIVE,,,2026-07-30T02:55:59.017Z,2026-07-30T02:56:57.527Z
3e36c973-a617-4de6-9ac8-8f522275113d,8936079561673,Nước dừa tươi Vietcoco 330ml,2Mart,,Sữa-Sữa chua-Sữa dừa,25000,0,INACTIVE,,,2026-07-30T02:55:59.023Z,2026-07-30T02:56:57.531Z
5871da4f-98b3-491f-b332-3ce52c9873ed,KOMI VỊ SƯỜN CAY ỚT XIÊM XANH,mỳ ly komi vị sườn cay ớt xiêm xanh,2Mart,,Mì bát-ly-gói-hủ tiếu-phở,10000,0,INACTIVE,,,2026-07-30T02:55:59.028Z,2026-07-30T02:56:57.534Z
c503c1a4-1122-4532-a8d2-2ee39c0f76e2,KOMI Chua Cay té ghế,mỳ ly komi xốt kiểu thái,2Mart,,Mì bát-ly-gói-hủ tiếu-phở,10000,0,INACTIVE,,,2026-07-30T02:55:59.035Z,2026-07-30T02:56:57.538Z
9652da98-1f9e-4d8d-a894-842f9befe379,8936221043750,Mì trộn cay bốc lửa Komi,2Mart,,Mì bát-ly-gói-hủ tiếu-phở,10000,0,INACTIVE,,,2026-07-30T02:55:59.052Z,2026-07-30T02:56:57.542Z
377ba58e-2b25-49ba-94f9-6c64a499d0ac,SP002088,thuốc lá 555,2Mart,,thuốc lá,26000,16800,INACTIVE,,,2026-07-30T02:55:59.059Z,2026-07-30T02:56:57.546Z
bc054b2d-bea0-483a-87fc-6e499bbf043c,SP002087,Sữa chua bình vị dưa gang,2Mart,,Sữa-Sữa chua-Sữa dừa,20000,0,INACTIVE,,,2026-07-30T02:55:59.067Z,2026-07-30T02:56:57.549Z
80e6131b-b6bd-4d16-a821-b06f42bac6c4,8934563660130,Mì ly Modern vị gà cay ớt hiểm 66g,ace cook,,Mì bát-ly-gói-hủ tiếu-phở,14000,7250,INACTIVE,,,2026-07-30T02:55:59.085Z,2026-07-30T02:56:57.556Z
876755cc-65fc-46be-b85a-be522e77a5b3,SP002085,Xúc xích chubby vị heo hầm sốt phô mai,HCT Family,,Thức ăn nhanh,5000,0,INACTIVE,,,2026-07-30T02:55:59.096Z,2026-07-30T02:56:57.560Z
276bd3f4-bf72-4357-8bce-60e3c1538267,SP002084,Bàn chải PS lông tơ mềm mại,2Mart,,Kem-bàn chải đánh răng,18000,0,INACTIVE,,,2026-07-30T02:55:59.104Z,2026-07-30T02:56:57.563Z
0671f90c-b040-4f82-948d-f7191b0d8b4a,SP002083,water boost,2Mart,,Nước uống có gas,15000,0,INACTIVE,,,2026-07-30T02:55:59.119Z,2026-07-30T02:56:57.566Z
56d36d46-4515-4773-bea7-0970142db007,SP002082,Tăm cay đen 70g,2Mart,,Ăn vặt,16000,0,INACTIVE,,,2026-07-30T02:55:59.129Z,2026-07-30T02:56:57.571Z
8377ca86-a1b2-480e-a3c9-8e7862b6f10b,SP002081,kokomi pro,2Mart,,Mì bát-ly-gói-hủ tiếu-phở,7000,0,INACTIVE,,,2026-07-30T02:55:59.136Z,2026-07-30T02:56:57.574Z
49c33556-3958-4c01-b84f-df44bf5efc51,SP002080,quẹt kiểu 7 màu,2Mart,,Đồ dùng cá nhân,15000,0,INACTIVE,,,2026-07-30T02:55:59.143Z,2026-07-30T02:56:57.579Z
87a44534-838e-47cd-a8c9-fb3ef362b802,7622210515285,Oreo mini vanilla 20.4g,2Mart,,Ăn vặt,5000,0,INACTIVE,,,2026-07-30T02:55:59.154Z,2026-07-30T02:56:57.583Z
9e94c74b-1d93-479a-b84d-f2166ed62181,SP002079,Mini OREO 20.4g,2Mart,,Ăn vặt,5000,0,INACTIVE,,,2026-07-30T02:55:59.165Z,2026-07-30T02:56:57.587Z
f1598ec8-5aa9-489f-9a09-6d75ef1a8304,8936034875838,Xúc xích Ponnie,2Mart,,Thức ăn nhanh,14000,7000,INACTIVE,,2026-08-19T19:46:32.065Z,2026-07-30T02:55:59.257Z,2026-08-19T19:46:32.097Z
91ac24ff-80f8-4661-9d31-8ad8f23b9ad4,8936049052712,Mì trộn phô mai vị cay mini Ottogi 80g,2Mart,,Mì bát-ly-gói-hủ tiếu-phở,15000,0,INACTIVE,,,2026-07-30T02:55:59.183Z,2026-07-30T02:56:57.594Z
13fffc1f-61b2-415e-ae76-328de788bb91,8936010681415,Cung Đình phở bò Hà Nội 68g,2Mart,,Mì bát-ly-gói-hủ tiếu-phở,7000,0,INACTIVE,,,2026-07-30T02:55:59.195Z,2026-07-30T02:56:57.598Z
5e7365ee-645a-40aa-9788-ef5b6d047040,8938545500889,Xúc xích cay Mala,2Mart,,Ăn vặt,7000,4080,ACTIVE,,,2026-07-30T02:55:59.207Z,2026-07-30T02:56:57.601Z
98d805d3-a1a5-463f-8425-7497416c3d69,8936221043965,Nước tăng lực wakeup 247 vị cà phê sữa 237ml,2Mart,,Cà phê,19000,0,INACTIVE,,,2026-07-30T02:55:59.238Z,2026-07-30T02:56:57.609Z
6d280cb4-196e-4b6f-9f56-081615fe46b1,7936208043965,Cf cà phê,2Mart,,Cà phê,0,0,INACTIVE,,,2026-07-30T02:55:59.244Z,2026-07-30T02:56:57.612Z
fc45bf3f-97ab-42db-9289-ec9c5abfc938,8936034875708,Xúc xích tiệt trùng vị heo Ponnie lớn 4X70G,2Mart,,Thức ăn nhanh,13000,0,INACTIVE,,,2026-07-30T02:55:59.250Z,2026-07-30T02:56:57.616Z
af4012c6-c669-4956-99cc-9b922a58823a,SP002086,Mì ly Modern Xtreme vị bò khói lửa,ace cook,,Mì bát-ly-gói-hủ tiếu-phở,14000,"7331,64",ACTIVE,,2026-08-12T18:59:09.748Z,2026-07-30T02:55:59.074Z,2026-08-12T18:59:09.757Z
89be8fa3-f0dd-4254-89de-e9d477169269,SP002078,Mì cay Nissin vị gà cay phô mai,2Mart,,Mì bát-ly-gói-hủ tiếu-phở,12000,6633,INACTIVE,,2026-08-18T08:27:50.301Z,2026-07-30T02:55:59.170Z,2026-08-18T08:27:50.332Z
d10beab5-5d33-4e0f-910d-396267fa96d6,6971897662012,Nước ép NFG vị thanh mai.,2Mart,,Nước trái cây,29000,0,INACTIVE,,,2026-07-30T02:55:59.274Z,2026-07-30T02:56:57.627Z
d9c66474-0098-4b45-bef6-373717f3cf72,6971897662005,Nước ép NFG vị chanh dây,2Mart,,Nước trái cây,29000,0,INACTIVE,,,2026-07-30T02:55:59.288Z,2026-07-30T02:56:57.631Z
8767390b-ae1b-4fed-a1a9-75ef019c08f2,6971897662142,Nước ép NFG vị dâu.,2Mart,,Nước trái cây,29000,0,INACTIVE,,,2026-07-30T02:55:59.299Z,2026-07-30T02:56:57.635Z
c37e9459-aaea-44ba-b2e0-d28c5addcf16,6949187392611,Bánh mì trái chuối,2Mart,,Bánh mì,13000,0,INACTIVE,,,2026-07-30T02:55:59.310Z,2026-07-30T02:56:57.639Z
a9bf5f7a-54d7-43cd-833f-2a13d24effc6,8850157527989,Bánh que vị Mala hiệu Dorkbua 62g,2Mart,,Ăn vặt,14000,"8984,05",ACTIVE,,2026-08-14T20:25:06.436Z,2026-07-30T02:55:59.563Z,2026-08-14T20:25:06.445Z
8ed1a65e-8169-4b19-848c-f0eebb4508fe,SP002076,bánh mix vàng,2Mart,,Bánh quy-Bánh que,15000,"7720,74",INACTIVE,,,2026-07-30T02:55:59.344Z,2026-07-30T02:56:57.650Z
340035a5-b524-4050-a420-6ff86fa436cc,SP002075,bánh mix đỏ,2Mart,,Bánh quy-Bánh que,15000,"7977,63",ACTIVE,,,2026-07-30T02:55:59.357Z,2026-07-30T02:56:57.654Z
89857d65-a314-43de-8cce-64579ee898cb,SP002074,bánh mix cam,2Mart,,Bánh quy-Bánh que,15000,8000,INACTIVE,,,2026-07-30T02:55:59.362Z,2026-07-30T02:56:57.657Z
3c754759-bc66-4e3f-804e-e92b36b9546c,SP002073,bánh mix xanh cây,2Mart,,Bánh quy-Bánh que,15000,8000,ACTIVE,,,2026-07-30T02:55:59.368Z,2026-07-30T02:56:57.661Z
ed6b85e3-d1fd-47c3-b750-57f94ef1d8a2,8935136860957,Dầu gội nước hoa Xmen fire 650g,2Mart,,Dầu gội-Dầu xả,0,0,INACTIVE,,,2026-07-30T02:55:59.377Z,2026-07-30T02:56:57.665Z
acee751d-ba17-4a38-9f85-82da7e04ba03,8936086960421,Nước yến nha đam 500ml,2Mart,,Nước topping thạch dừa,15000,0,INACTIVE,,,2026-07-30T02:55:59.386Z,2026-07-30T02:56:57.669Z
a49eb388-2212-45fe-afa9-f050fda3dfaf,8936001060175,Bánh khúc samilk nhân socola & cốm,2Mart,,Bánh mì,18000,0,INACTIVE,,,2026-07-30T02:55:59.398Z,2026-07-30T02:56:57.674Z
5f37cbd9-d91a-4bda-b262-7903850e1453,8936001060151,Bánh khúc samilk nhân socola & cốm,2Mart,,Bánh mì,18000,0,INACTIVE,,,2026-07-30T02:55:59.409Z,2026-07-30T02:56:57.679Z
9d701800-581f-4d65-9c7f-ce213eb7f93c,8936001060199,Bánh mì vị chuối samilk 170g,2Mart,,Bánh mì,18000,0,INACTIVE,,,2026-07-30T02:55:59.417Z,2026-07-30T02:56:57.683Z
6ba6af38-0949-4355-9268-da9a95e0897a,8936001060823,Bánh mì chà bông samilk 550g,2Mart,,Bánh mì,10000,5000,ACTIVE,,,2026-07-30T02:55:59.429Z,2026-07-30T02:56:57.687Z
ba70b7ad-e79e-4c97-85ec-f80b820e6521,8936001060854,Bánh mì nhân cốm samilk Thắng hằng,2Mart,,Bánh mì,10000,5000,INACTIVE,,,2026-07-30T02:55:59.438Z,2026-07-30T02:56:57.691Z
749de071-76a2-4db6-bbe1-22f719e20a04,8936001060977,Bánh mỳ Pháp nhân ruốc chảy samilk,2Mart,,Bánh mì,18000,10000,ACTIVE,,,2026-07-30T02:55:59.456Z,2026-07-30T02:56:57.695Z
149095ff-4992-495c-95a3-3b56e7954caf,SP002072,kirin ice Đào 345ML,2Mart,,Nước trái cây,15000,"6666,67",ACTIVE,,,2026-07-30T02:55:59.461Z,2026-07-30T02:56:57.698Z
05158a9c-312f-4e92-92c8-6bc64a37f121,8936211626673,Cây thịt giàu đạm S2 siuto sụn giòn vị Thái 80g,2Mart,,Ăn vặt,15000,"9425,69",ACTIVE,,,2026-07-30T02:55:59.465Z,2026-07-30T02:56:57.702Z
dd4dbbaa-3e9e-41c3-8519-9a4524ece0c5,8801136370409,Nước gạo Sahmyook 500ml,2Mart,,Sữa-Sữa chua-Sữa dừa,34000,0,INACTIVE,,,2026-07-30T02:55:59.469Z,2026-07-30T02:56:57.706Z
a133da1d-96b3-45ca-8023-0a3d49bdaab6,8934683010723,Nước 247 lon,2Mart,,Nước uống có gas,15000,0,INACTIVE,,,2026-07-30T02:55:59.479Z,2026-07-30T02:56:57.713Z
c5efee16-efb6-4d8f-91f0-60f68a5b06f2,SP002071,sữa chua dâu,2Mart,,Sữa-Sữa chua-Sữa dừa,20000,0,INACTIVE,,,2026-07-30T02:55:59.491Z,2026-07-30T02:56:57.717Z
8f5d7274-4c0b-4780-8594-db16497633e3,6949187393311,Bánh mỳ sữa ngàn lớp 75g,2Mart,,Bánh mì,15000,0,INACTIVE,,2026-08-18T18:31:25.002Z,2026-07-30T02:55:59.504Z,2026-08-18T18:31:25.021Z
54f7d3e0-866e-4d22-9531-c941472c0f59,SP002070,bento xanh ngọc,2Mart,,Đồ khô nhăm nhi,26000,"13999,51",ACTIVE,,,2026-07-30T02:55:59.519Z,2026-07-30T02:56:57.725Z
0c884a1d-8d7f-4d2b-8fed-1904f5adddba,89686011036,Mì xào khô Indomie mi goreng rasa iga penyet vị sườn bò cay 80g@,2Mart,,Mì bát-ly-gói-hủ tiếu-phở,9000,0,INACTIVE,,,2026-07-30T02:55:59.529Z,2026-07-30T02:56:57.731Z
0fae6ae5-f023-43dd-92b3-b71ead077ed8,89686043686,indomie mì xào khô vị sườn 80g,2Mart,,Mì bát-ly-gói-hủ tiếu-phở,9000,5400,ACTIVE,,,2026-07-30T02:55:59.539Z,2026-07-30T02:56:57.735Z
2a29a44b-9118-4ceb-b918-5ac2a31469cb,89686043433,Mì xào khô Indomie hype abis vị gà cay,2Mart,,Mì bát-ly-gói-hủ tiếu-phở,11000,0,INACTIVE,,,2026-07-30T02:55:59.546Z,2026-07-30T02:56:57.738Z
6dcb607c-b4f4-42dc-8340-e4ca0d617c7b,89686910704,Mì xào khô Indomie mi goreng rasa iga penyet vị sườn bò cay 80g,2Mart,,Mì bát-ly-gói-hủ tiếu-phở,9000,5400,ACTIVE,,,2026-07-30T02:55:59.550Z,2026-07-30T02:56:57.742Z
0193e1eb-cb9f-4116-ac8b-9d7499aafec8,89686010947,Mì xào khô Indomie vị đặc biệt 85g,2Mart,,Mì bát-ly-gói-hủ tiếu-phở,9000,5400,ACTIVE,,,2026-07-30T02:55:59.555Z,2026-07-30T02:56:57.746Z
3600ad4c-d03b-4f5c-b91b-dec91d97ccc6,KIRUB348P074004281,Konjac sợi Nưa Hương Mala 65g snack,2Mart,,Ăn vặt,16000,0,INACTIVE,,,2026-07-30T02:55:59.559Z,2026-07-30T02:56:57.749Z
f3ebc9d7-6b59-4a74-ba23-9d736f4383c5,8997035601321,Nước Pocari 900ml,2Mart,,Nước uống có gas,25000,19800,ACTIVE,,2026-08-15T15:35:30.707Z,2026-07-30T02:55:59.608Z,2026-08-15T15:35:30.719Z
937e84cb-3f75-46b3-a743-a8bd0f89cc3c,8936011770156,Sữa chua dẻo Nhiệt đới Merino Tự Nhiên 50g,2Mart,,Kem Ăn,7000,0,ACTIVE,,,2026-07-30T02:55:59.566Z,2026-07-30T02:56:57.757Z
db9e79f2-58de-4444-a57b-86bb78917cff,8936011773997,Kem cá Celano vị vanila đậu đỏ 100ml -celano fish Ice cream vanilla red bean 100ml,2Mart,,Kem Ăn,23000,"16333,33",INACTIVE,,2026-08-18T17:50:58.665Z,2026-07-30T02:55:59.570Z,2026-08-18T17:50:58.686Z
f973cdb4-21ee-43b6-b507-f5f1a743c9ea,SP002069,Bánh sandwich chà bông samilk,2Mart,,Bánh mì,10000,0,INACTIVE,,,2026-07-30T02:55:59.582Z,2026-07-30T02:56:57.764Z
9735b381-4f55-4cb0-bbc2-38396b1c6aba,SP002068,Xúc xích S2 5k,S2,,Thức ăn nhanh,5000,0,INACTIVE,,,2026-07-30T02:55:59.596Z,2026-07-30T02:56:57.770Z
4b3f24b4-3c56-4ad1-96f1-3f39ea9731d6,8936211626680,Xúc xích S2 siu to vị bò wagya hầm tiêu 80g,S2,,Thức ăn nhanh,14000,"9879,5",ACTIVE,,2026-08-16T16:23:42.749Z,2026-07-30T02:55:59.585Z,2026-08-16T16:23:42.760Z
79b4aa3e-47ac-4825-8954-8a34d8dbcccd,4800350108878,Pocari Sweat ion supply sports drink 900ml,2Mart,,Nước uống có gas,0,0,INACTIVE,,,2026-07-30T02:55:59.613Z,2026-07-30T02:56:57.776Z
915041e3-3828-4899-9cce-5ac78cd9ba3c,SP002067,Chân gà tê cay - ớt đỏ,2Mart,,Ăn vặt,12000,0,INACTIVE,,,2026-07-30T02:55:59.617Z,2026-07-30T02:56:57.778Z
981123e6-9a8e-4a1b-91a0-b62d2f63a97b,SP002066,Combo Mỳ Shin + Xúc xích mini S2 (tặng bát),2Mart,,Mì bát-ly-gói-hủ tiếu-phở,25500,0,INACTIVE,,,2026-07-30T02:55:59.622Z,2026-07-30T02:56:57.784Z
fea0522d-7eaf-4d57-86ae-1f74ff4270c4,SP002065,Combo Ottogi tương đen + Xúc xích mini S2 (tặng bát),2Mart,,Mì bát-ly-gói-hủ tiếu-phở,19000,0,INACTIVE,,,2026-07-30T02:55:59.625Z,2026-07-30T02:56:57.787Z
fd5acc8f-e500-4512-8fee-6b34cf314db3,SP002064,Combo Ottogi mì cay + Xúc xích mini S2 (tặng bát),2Mart,,Mì bát-ly-gói-hủ tiếu-phở,20500,0,INACTIVE,,,2026-07-30T02:55:59.632Z,2026-07-30T02:56:57.792Z
d377db2d-dfe7-4b05-9d62-d823628ed90f,SP002063,Bánh thối (3k),2Mart,,Ăn vặt,3000,0,INACTIVE,,,2026-07-30T02:55:59.647Z,2026-07-30T02:56:57.802Z
bff7c8bd-12ea-4979-90f1-a72d2f8340b1,SP002077,chân gà cung đình (Hey Yo),2Mart,,Ăn vặt,13000,7000,ACTIVE,,2026-08-16T15:12:23.101Z,2026-07-30T02:55:59.333Z,2026-08-16T15:12:23.117Z
1bf6f60c-7d66-41d2-adf6-1dadffb5370f,SP002060,xúc xích s2(1 cái),2Mart,,Thức ăn nhanh,3000,0,INACTIVE,,,2026-07-30T02:55:59.660Z,2026-07-30T02:56:57.808Z
c7477a35-323a-4025-8425-054dfbc09c9a,8936211624816,Xúc xích S2 ( cái ),2Mart,,Thức ăn nhanh,9000,5500,ACTIVE,,2026-08-16T04:40:40.069Z,2026-07-30T02:55:59.668Z,2026-08-16T04:40:40.087Z
34474774-791d-4f00-ab1c-a3ee561ff013,8854450751256,Kẹo nổ,2Mart,,kẹo,21000,0,INACTIVE,,,2026-07-30T02:55:59.677Z,2026-07-30T02:56:57.828Z
3670df03-ba58-46e1-bc3e-497ff6c14c13,8935259000759,Cả phê đen X3,2Mart,,Cà phê,7000,0,INACTIVE,,,2026-07-30T02:55:59.689Z,2026-07-30T02:56:57.835Z
179d51b9-e5f9-4d17-a0cd-c27dd1717d79,SP002059,xúc xích joy 60g,S2,,Ăn vặt,8000,0,INACTIVE,,,2026-07-30T02:55:59.697Z,2026-07-30T02:56:57.837Z
021e7e92-5b7a-4511-9420-523e8e8c8032,8936001060397,Bánh mì nhân dâu,2Mart,,Bánh mì,10000,5000,ACTIVE,,,2026-07-30T02:55:59.707Z,2026-07-30T02:56:57.840Z
acc4f698-ff48-488d-a7ab-bff1c46b802a,8936001060236,Bánh mì gối samilk,2Mart,,Bánh mì,19000,13000,INACTIVE,,,2026-07-30T02:55:59.718Z,2026-07-30T02:56:57.849Z
3dca09d9-5633-43b2-9f35-92790c337a81,4897106554096,Bánh mì tam giác,2Mart,,Bánh mì,18900,0,INACTIVE,,,2026-07-30T02:55:59.729Z,2026-07-30T02:56:57.854Z
5056eaa9-4d4e-4676-b720-a00070353c9a,8938553718382,Nước hạt é vị mãng cầu 290ml,Basil seed,,Nước é hạt chia,24000,"12916,66",ACTIVE,,,2026-07-30T02:55:59.737Z,2026-07-30T02:56:57.856Z
73e105aa-ef3f-4dce-9cfe-0dbca87d39fa,8936011772334,Kem Merino đậu xanh Kool /que,merino,,Kem Ăn>>Kem Merino,8000,0,INACTIVE,,2026-08-16T17:09:19.938Z,2026-07-30T02:55:59.800Z,2026-08-16T17:09:19.957Z
25dd3f51-6f22-4cd3-be5b-5fae3a602067,8998866631174,Mì sedaap vi phomai hanquoc 86gx30goi,koreno,,Mì bát-ly-gói-hủ tiếu-phở,11000,0,INACTIVE,,,2026-07-30T02:55:59.771Z,2026-07-30T02:56:57.869Z
889ac561-8877-417c-bd8b-2aa15c25c27b,8936011772075,Kem Merino Kool sầu riêng socola 56g,merino,,Kem Ăn>>Kem Merino,8000,0,INACTIVE,,,2026-07-30T02:55:59.793Z,2026-07-30T02:56:57.883Z
0239affb-4179-4737-9aed-1dbbf4f237d2,8936079125523,Snack Poca phô mai hình mũ Pháp sư 58g,2Mart,,Poca-Lay’s-Ostar-Swing-Orion,15000,"7568,97",ACTIVE,,2026-08-19T17:14:55.533Z,2026-07-30T02:55:59.818Z,2026-08-19T17:14:55.547Z
c5c9113b-fc3c-4a22-816e-05b2711de5ee,8938553718054,Nước hạt é vị Dâu 290ml,Basil seed,,Nước é hạt chia,24000,"12916,67",INACTIVE,,2026-08-12T18:31:44.570Z,2026-07-30T02:55:59.755Z,2026-08-12T18:31:44.579Z
45505f50-babf-4780-92d5-f35553a13adf,8936079125516,Poca bắp mũ Pháp sư,2Mart,,Poca-Lay’s-Ostar-Swing-Orion,15000,0,INACTIVE,,,2026-07-30T02:55:59.825Z,2026-07-30T02:56:57.908Z
a4f3a48d-0901-4553-a4be-1cd387b88b5a,6971897662173,Nước trái cây dừa nfg 620ml,2Mart,,Nước trái cây,29000,0,INACTIVE,,,2026-07-30T02:55:59.830Z,2026-07-30T02:56:57.915Z
22bf2366-e332-4fc7-b977-b575cede038f,6971897662159,Nước hoa quả nfg vị xoài,2Mart,,Nước trái cây,29000,0,INACTIVE,,,2026-07-30T02:55:59.833Z,2026-07-30T02:56:57.931Z
9e2ee5db-a4d4-4b98-b230-8c425c53c4a9,SP002057,Ponni Xúc Xích Cay Vị Ớt 34g,2Mart,,Thức ăn nhanh,7900,0,INACTIVE,,,2026-07-30T02:55:59.837Z,2026-07-30T02:56:57.938Z
31287fcf-c8de-4a51-9f89-4bc574c85e13,8809296886471,Nước Hồng Sâm Vị Cam,2Mart,,Nước trái cây,21000,0,INACTIVE,,,2026-07-30T02:55:59.842Z,2026-07-30T02:56:57.941Z
e375e3af-89d9-402b-80b3-08aa68e2145e,8809296885917,Nước Hồng Sâm Vị Táo & Mơ,2Mart,,Nước trái cây,21000,0,INACTIVE,,,2026-07-30T02:55:59.849Z,2026-07-30T02:56:57.945Z
94ceaee1-0c70-461e-919e-c52a280b3f1c,8809296886013,Nước Hồng Sâm Vị Nho & V.quất,2Mart,,Nước trái cây,21000,0,INACTIVE,,,2026-07-30T02:55:59.856Z,2026-07-30T02:56:57.952Z
8dc0339c-b890-42fe-ac63-0c21b7388086,8936079140014,Highlands Cafe Sữa Đá Tết 235ml,2Mart,,Cà phê,15000,"12923,08",INACTIVE,,,2026-07-30T02:55:59.859Z,2026-07-30T02:56:57.960Z
d175ae67-fa3c-4a1d-8b8c-1e25805e5eb6,SP002056,Fua More-Hướng Dương Vị Caramel,FUA MORE,,Ăn vặt,26000,0,INACTIVE,,,2026-07-30T02:55:59.863Z,2026-07-30T02:56:57.966Z
82ddf938-7162-4059-9277-fcd850a41d58,SP002055,Fua More-Hướng Dương Vị Dừa,FUA MORE,,Ăn vặt,26000,0,INACTIVE,,,2026-07-30T02:55:59.875Z,2026-07-30T02:56:57.970Z
5d3e6f57-a958-4185-ad3f-529029c98834,8936001060250,Bánh mỳ samilk vị khoai môn,2Mart,,Bánh mì,10000,5000,ACTIVE,,,2026-07-30T02:55:59.881Z,2026-07-30T02:56:57.983Z
3b9175c4-7ffb-4dcf-8796-0f7579ec9227,VE CHAI - NHÔM NHỰA,VE CHAI - NHÔM NHỰA,2Mart,,Ve chai,150000,0,INACTIVE,,,2026-07-30T02:55:59.892Z,2026-07-30T02:56:57.986Z
bf8c67dd-a4cb-459d-9624-96140810c93c,8885013131123,Kem aice taro crispy,alice,,Kem Ăn>>Kem Aice,10000,0,INACTIVE,,,2026-07-30T02:55:59.904Z,2026-07-30T02:56:57.989Z
c70fdc23-ba78-427c-905d-b9d356886ddc,8936001060212,Bánh Sandwich Vị Dâu,2Mart,,Bánh mì,10000,0,INACTIVE,,,2026-07-30T02:55:59.915Z,2026-07-30T02:56:57.992Z
66a35b0e-2481-4c8b-8169-28d996f0fb38,8936001060120,Bánh Sandwich Vị Sữa Chua,2Mart,,Bánh mì,9000,5000,ACTIVE,,,2026-07-30T02:55:59.922Z,2026-07-30T02:56:57.998Z
1d941db1-24b6-45c3-bcd7-b8a3d5e141ee,8936001060168,Bánh Sandwich Vị Việt Quất,2Mart,,Bánh mì,9000,5000,ACTIVE,,,2026-07-30T02:55:59.940Z,2026-07-30T02:56:58.010Z
0fd193b8-7829-4c3a-8b8d-0c617161f772,SP002054,Tea 365 Trà Mãng Cầu,2Mart,,Nước trái cây,15000,"6842,37",INACTIVE,,,2026-07-30T02:55:59.947Z,2026-07-30T02:56:58.016Z
3a5d9f36-d9a4-450a-b270-1b3fb70ccaac,8936034877375,Ponnie Ăn Liền Vị Dừa Nướng,2Mart,,Thức ăn nhanh,7900,0,INACTIVE,,,2026-07-30T02:55:59.952Z,2026-07-30T02:56:58.018Z
d4d6aa81-4452-4250-af52-47c78d9f9c44,SP002053,Khăn giấy Tango 1 gói,2Mart,,Khăn giấy,5000,0,ACTIVE,,,2026-07-30T02:55:59.962Z,2026-07-30T02:56:58.021Z
2f88f7c5-d7d5-470e-9122-35d067250fc9,8936086960742,Nước Vải Thạch Dừa,kachen,,Nước topping thạch dừa,15000,0,INACTIVE,,,2026-07-30T02:55:59.971Z,2026-07-30T02:56:58.024Z
60f571e0-0415-4622-9a24-487f4f887354,8934674014716,Thuốc Lá Craven Bấm,2Mart,,thuốc lá,26000,18500,INACTIVE,,,2026-07-30T02:55:59.983Z,2026-07-30T02:56:58.034Z
0a4b74b6-b701-4b0d-95a5-2228fffb0a5c,8934603000285,Thuốc Sài Gòn Star,2Mart,,thuốc lá,21000,13800,INACTIVE,,,2026-07-30T02:55:59.992Z,2026-07-30T02:56:58.045Z
b7fa920c-9898-42cf-8410-a4f498f33f9f,8934603000353,Thuốc Sài Gòn Bấm Vị Dưa Lưới,2Mart,,thuốc lá,29000,21800,INACTIVE,,,2026-07-30T02:55:59.997Z,2026-07-30T02:56:58.052Z
58b8b98e-14d4-4168-af2c-ef8a5831ed60,8859578600646,Kẹo dẻo cuộn Playmore vị dâu 21g,play more,,kẹo,16000,11000,ACTIVE,,,2026-07-30T02:56:00.001Z,2026-07-30T02:56:58.055Z
8097a8b3-dc94-48de-88d5-e7e900024482,8859578600615,Kẹo dẻo cuộn Playmore vị nho Nhật 21g,play more,,kẹo,16000,11000,INACTIVE,,,2026-07-30T02:56:00.016Z,2026-07-30T02:56:58.064Z
77b1a285-4eaf-4213-a593-3658cd19e373,8859578600585,Kẹo dẻo cuộn Playmore vị cola 21g,play more,,kẹo,16000,11000,ACTIVE,,,2026-07-30T02:56:00.021Z,2026-07-30T02:56:58.070Z
9d451dd6-cad0-4913-b532-9833aed8f668,8934588452116,Sting xanh Việt quất 320ml,2Mart,,Nước uống có gas,16000,"8541,53",ACTIVE,,2026-08-19T16:25:30.174Z,2026-07-30T02:55:59.809Z,2026-08-19T16:25:30.292Z
79edef4a-6262-4d17-95de-ea319f014f60,8935049502104,Fanta Hương Dâu 320ml,2Mart,,Nước uống có gas,15000,0,INACTIVE,,,2026-07-30T02:56:00.028Z,2026-07-30T02:56:58.078Z
54c690d3-660a-4b29-84af-734f50dc4e60,8936025775598,Nước ép ổi có thạch Malto,2Mart,,Nước topping thạch dừa,18000,0,INACTIVE,,,2026-07-30T02:56:00.031Z,2026-07-30T02:56:58.081Z
4dc0e07f-b513-40af-9f67-69437105f480,8936025775512,Trà Cascara Lof 450ml,2Mart,,Nước trái cây,14000,0,INACTIVE,,,2026-07-30T02:56:00.035Z,2026-07-30T02:56:58.084Z
e3082f7f-078e-4996-a2b6-5f9f5e70f2ee,9556291510113,Bánh Tatawa Hazelnut Choco Thanh,2Mart,,Bánh quy-Bánh que,15000,0,INACTIVE,,,2026-07-30T02:56:00.039Z,2026-07-30T02:56:58.089Z
ce52a4bd-adac-44ee-b673-188242877d1e,9556291510106,Bánh Tatawa Cappuccino Thanh,2Mart,,Bánh quy-Bánh que,15000,0,INACTIVE,,,2026-07-30T02:56:00.041Z,2026-07-30T02:56:58.093Z
9e6eedff-7c52-4465-a37e-548d87df7a5d,9556291510120,Bánh Tatawa Mứt Dâu Thanh,2Mart,,Bánh quy-Bánh que,15000,0,INACTIVE,,,2026-07-30T02:56:00.044Z,2026-07-30T02:56:58.096Z
65c9cc0d-afdb-4846-8414-a54099b2459e,8936185352035,Chill Cocktall vị Cam 330ml,2Mart,,Nước uống chứa cồn,27000,0,INACTIVE,,,2026-07-30T02:56:00.048Z,2026-07-30T02:56:58.099Z
3564730f-6697-414f-a60f-31bbeba7b13f,8935342400015,Bánh que vị truyền thống Dorkbua 20g,2Mart,,Ăn vặt,4000,0,INACTIVE,,,2026-07-30T02:56:00.057Z,2026-07-30T02:56:58.107Z
a69aa031-c331-473b-a0cf-54125dc57b81,8850157530910,Dorkbua Bánh Que Vị Mực,2Mart,,Ăn vặt,15000,0,INACTIVE,,,2026-07-30T02:56:00.069Z,2026-07-30T02:56:58.112Z
f9170649-b12e-4057-b6b8-17622e956f01,8850157530958,Dorkbua Bánh Que Vị Tôm,2Mart,,Ăn vặt,15000,0,INACTIVE,,,2026-07-30T02:56:00.085Z,2026-07-30T02:56:58.116Z
50bbc751-a167-42e6-b250-724bd9c070b8,8885013132595,Kem Aice Sữa Chua Goyogu,alice,,Kem Ăn>>Kem Aice,12000,0,INACTIVE,,,2026-07-30T02:56:00.091Z,2026-07-30T02:56:58.122Z
b9182396-e51f-443b-90bc-e16a0d717140,8885013130706,Kem Aice Ly Choco Sundae,alice,,Kem Ăn>>Kem Aice,16000,0,INACTIVE,,,2026-07-30T02:56:00.095Z,2026-07-30T02:56:58.130Z
fdb00326-5751-433f-9414-394f3cd6551e,4897106554164,Bánh Bông Lan WEISEIL,2Mart,,Bánh mì,19000,0,INACTIVE,,,2026-07-30T02:56:00.100Z,2026-07-30T02:56:58.140Z
5ea7cb60-6466-4a91-a3d1-1d91ef068c53,8936221043064,Omachi-Mì Vị Lẩu Tomyum Hải Sản,2Mart,,Mì bát-ly-gói-hủ tiếu-phở,15000,10708,ACTIVE,,,2026-07-30T02:56:00.104Z,2026-07-30T02:56:58.144Z
686888d0-6818-47ef-a192-bc265efb97ca,8938545500827,Xúc xích chubby vị heo hầm tứ xuyên,2Mart,,Thức ăn nhanh,7000,4080,ACTIVE,,,2026-07-30T02:56:00.108Z,2026-07-30T02:56:58.146Z
997bcdce-7d36-411a-b8ce-a0cb61761384,8936221042470,Omach-Mì trộn thịt xiên nướng (Mới),2Mart,,Mì bát-ly-gói-hủ tiếu-phở,19000,"12992,81",ACTIVE,,,2026-07-30T02:56:00.113Z,2026-07-30T02:56:58.153Z
7c748dc4-353e-4dcb-8075-b9928c5bd28e,SP002052,xúc xích Chubby heo hầm 35g,2Mart,,Thức ăn nhanh,5000,"1166,67",INACTIVE,,,2026-07-30T02:56:00.120Z,2026-07-30T02:56:58.156Z
9141da89-4a99-4bf2-bf77-13c0a5712e4f,8938545324164,Chân gà 2 chân tap,2Mart,,Ăn vặt,14000,0,INACTIVE,,,2026-07-30T02:56:00.123Z,2026-07-30T02:56:58.159Z
86437780-df2e-4e65-b952-4bddf21ea2fc,8938553313235,Hoàng Vinh-Trà Chanh,2Mart,,Trà,15000,0,INACTIVE,,,2026-07-30T02:56:00.126Z,2026-07-30T02:56:58.161Z
0826d3a7-50bd-4134-8229-234879c73910,8885013130393,Kem Aice Miki-Miki,alice,,Kem Ăn>>Kem Aice,8000,0,INACTIVE,,,2026-07-30T02:56:00.130Z,2026-07-30T02:56:58.166Z
01775f2f-4ab6-4569-b1fc-8ef24e9c5946,8885013131987,Kem Aice Fruizzy Việt Quất,alice,,Kem Ăn>>Kem Aice,10000,0,INACTIVE,,,2026-07-30T02:56:00.136Z,2026-07-30T02:56:58.171Z
c304e9c3-c650-4791-87eb-77c4706e9657,8885013132687,Kem Aice Crispy Balls Chocolate,alice,,Kem Ăn>>Kem Aice,14000,0,INACTIVE,,,2026-07-30T02:56:00.147Z,2026-07-30T02:56:58.173Z
3449306e-5b0a-4d11-9464-2cc609269d37,8885013130201,Kem Aice Mochi Vani,alice,,Kem Ăn>>Kem Aice,6000,0,INACTIVE,,,2026-07-30T02:56:00.154Z,2026-07-30T02:56:58.177Z
d19a1d6f-d179-4031-bcde-c775533db120,8885013130645,Kem Aice Mochi Socola,alice,,Kem Ăn>>Kem Aice,9000,0,INACTIVE,,,2026-07-30T02:56:00.164Z,2026-07-30T02:56:58.205Z
996399ac-d028-49aa-b47a-a97ccfd14cc8,8885013130652,Kem Aice Mochi Sầu Riêng,2Mart,,Kem Ăn>>Kem Aice,6000,0,INACTIVE,,,2026-07-30T02:56:00.167Z,2026-07-30T02:56:58.210Z
71323e35-77bf-4c8d-88f6-779871b61750,8938548175039,Meofood-Bánh Tráng Tỏi Cay,2Mart,,Ăn vặt,15000,0,INACTIVE,,,2026-07-30T02:56:00.171Z,2026-07-30T02:56:58.214Z
1531626a-2b5d-45f3-9df8-f5fa2a90d254,8938548175381,Meofood-Bánh Tráng Tomyum,2Mart,,Ăn vặt,15000,0,INACTIVE,,,2026-07-30T02:56:00.182Z,2026-07-30T02:56:58.217Z
67583744-a419-49ee-b9e4-da39fd3e0289,8938548175046,Meofood-Bánh Tráng Rong Biển,2Mart,,Ăn vặt,15000,0,INACTIVE,,,2026-07-30T02:56:00.193Z,2026-07-30T02:56:58.221Z
71d84699-ff9f-4dd3-9880-09094cc41f18,8934677051114,"Kẹo gum pokemon Hương các vị , mã 22113, 22114, 13,5 G",2Mart,,kẹo,8000,0,INACTIVE,,,2026-07-30T02:56:00.196Z,2026-07-30T02:56:58.228Z
6a52ed71-8a8e-47f5-9143-888d8418c90f,8936114081111,Coolair hương chanh 40g,2Mart,,kẹo,38000,0,INACTIVE,,,2026-07-30T02:56:00.200Z,2026-07-30T02:56:58.231Z
434d9d15-7a1d-4f16-adbd-14aa56fe3a63,8936116550080,Bánh Mì Panka Chà Bông Cay,16FOOD,,Bánh mì,10000,0,INACTIVE,,,2026-07-30T02:56:00.207Z,2026-07-30T02:56:58.246Z
2f671674-cacb-41c6-9670-4b72b33bb9b9,8936116551629,Bánh Mì Panka Vị Socola,16FOOD,,Bánh mì,10000,0,INACTIVE,,,2026-07-30T02:56:00.215Z,2026-07-30T02:56:58.258Z
adbb2a45-4f88-4faf-bec5-a7a1d62bcba0,8936116551643,Bánh Mì Panka Vị Cốm,16FOOD,,Bánh mì,10000,0,INACTIVE,,,2026-07-30T02:56:00.218Z,2026-07-30T02:56:58.262Z
359f9a2d-02bd-4947-93d0-59f35553e7aa,8936116552060,Bánh mì dinh dưỡng dứa cốm 16FOOD,16FOOD,,Bánh mì,18000,0,INACTIVE,,,2026-07-30T02:56:00.231Z,2026-07-30T02:56:58.268Z
30a31917-325f-43be-82a4-6783a4ccc43d,8936116552084,Bánh mì tươi dinh dưỡng nhân đậu xanh,16FOOD,,Bánh mì,18000,0,INACTIVE,,,2026-07-30T02:56:00.238Z,2026-07-30T02:56:58.280Z
db5ad34e-8461-4513-a6e0-0fcf531bae08,8851929011606,Kẹo mềm Sugus 30 G Hương nho blackcurrant chupachup,2Mart,,kẹo,8000,0,INACTIVE,,,2026-07-30T02:56:00.256Z,2026-07-30T02:56:58.285Z
251e7b5c-82f3-46c5-92d8-4e0c564d9255,8936036026962,Ostar phô mai trứng muối 56g,2Mart,,Poca-Lay’s-Ostar-Swing-Orion,15000,0,INACTIVE,,,2026-07-30T02:56:00.260Z,2026-07-30T02:56:58.287Z
a30c2c3e-d826-48d7-92eb-57ed938919fa,8936029422801,Swing Mật Ong Bơ Tỏi 52g,2Mart,,Poca-Lay’s-Ostar-Swing-Orion,15000,0,INACTIVE,,,2026-07-30T02:56:00.263Z,2026-07-30T02:56:58.299Z
acb62196-e901-4aaf-84be-e551628ae886,8936029422771,O’Star Mật Ong 52g,2Mart,,Poca-Lay’s-Ostar-Swing-Orion,15000,0,INACTIVE,,,2026-07-30T02:56:00.272Z,2026-07-30T02:56:58.307Z
d8f330e0-c0b5-4d81-9268-6794d0f99896,8936211625812,Xúc xích Siuto Cay Tứ Xuyên 120g,2Mart,,Thức ăn nhanh,18000,"11940,35",ACTIVE,,2026-08-16T11:21:31.176Z,2026-07-30T02:56:00.158Z,2026-08-16T11:21:31.209Z
b9a8fe5a-308b-454e-b7a3-284d1283060d,8936011776592,Kem Merino X Plus Lõi Khoai Môn,merino,,Kem Ăn>>Kem Merino,12000,0,INACTIVE,,,2026-07-30T02:56:00.279Z,2026-07-30T02:56:58.315Z
62130394-c5af-4b77-81de-ae219e5688ac,8936011776974,Kem chè Đài Loan,merino,,Kem Ăn,14000,0,INACTIVE,,,2026-07-30T02:56:00.287Z,2026-07-30T02:56:58.318Z
0e5ddc83-cfae-4570-bb1b-bcfca6be0c9f,8936011773942,Kem Bánh Cá Trân Châu Khoai Môn,merino,,Kem Ăn,23000,0,INACTIVE,,,2026-07-30T02:56:00.290Z,2026-07-30T02:56:58.329Z
afedf03d-38b0-4feb-aaf9-5ed22da55967,8936011770743,Kem Merino Superteen Vị Dâu Socola,merino,,Kem Ăn>>Kem Merino,15000,9800,ACTIVE,,,2026-07-30T02:56:00.293Z,2026-07-30T02:56:58.332Z
2dd7879f-d66b-458a-b17d-30ee371cd82a,SP002051,Kem Ốc Quế Celano Hương Vani,merino,,Kem Ăn>>Kem Merino,21000,0,INACTIVE,,,2026-07-30T02:56:00.301Z,2026-07-30T02:56:58.340Z
e541cb27-f010-4235-b824-ba9ec190432b,8938553313150,Hoàng Vinh-Trà Nho,2Mart,,Trà,15000,0,INACTIVE,,,2026-07-30T02:56:00.304Z,2026-07-30T02:56:58.354Z
e167eb82-be83-44c5-88a1-6b20f137348e,6958837540654,Cờ cá ngựa phiên Bản Máy bay 4065,2Mart,,Bài,85000,68000,ACTIVE,,,2026-07-30T02:56:00.307Z,2026-07-30T02:56:58.362Z
d8d2633f-c1c9-4244-8a10-43308d8297ed,C30,Cờ tỷ phú C30,2Mart,,Bài,85000,0,INACTIVE,,,2026-07-30T02:56:00.315Z,2026-07-30T02:56:58.368Z
e15d1457-c10f-450a-b4e8-cfb7d14ed854,2601,Cờ cá ngựa lớn 2601,2Mart,,Bài,73000,0,INACTIVE,,,2026-07-30T02:56:00.329Z,2026-07-30T02:56:58.373Z
caf47c5c-f2a7-4ba3-8ec3-c56488977d78,CO1902,Cờ cá ngựa nhỏ 1902*39*5,2Mart,,Bài,55000,0,INACTIVE,,,2026-07-30T02:56:00.337Z,2026-07-30T02:56:58.376Z
1425047b-bdbf-4117-855d-9d6973676cc3,2402,Cờ cá ngựa 2402*58*5,2Mart,,Bài,75000,0,INACTIVE,,,2026-07-30T02:56:00.343Z,2026-07-30T02:56:58.379Z
aff51a5c-5567-415a-be17-b75bc034855f,6987596450058,Bài Uno Đỏ,2Mart,,Bài,17000,0,INACTIVE,,,2026-07-30T02:56:00.350Z,2026-07-30T02:56:58.385Z
3d1d41da-c14a-47b1-b070-3fbf5e76782a,887961751062,Bài Uno tím,2Mart,,Bài,17000,0,INACTIVE,,,2026-07-30T02:56:00.353Z,2026-07-30T02:56:58.389Z
2836e065-c007-4a79-9a33-64ad69ad6acb,8938553313112,Hoàng Vinh-Trà Tứ Quý,2Mart,,Trà,15000,0,INACTIVE,,,2026-07-30T02:56:00.360Z,2026-07-30T02:56:58.397Z
f7161dcb-be60-46c5-a1cc-e5d329a88d27,8938553313259,Hoàng Vinh-Trà Xoài,2Mart,,Trà,15000,0,INACTIVE,,,2026-07-30T02:56:00.367Z,2026-07-30T02:56:58.401Z
42596c3b-1ce7-494a-b2ac-eb7b773fae3d,8938553313266,Hoàng Vinh-Trà Mãng Cầu,2Mart,,Trà,15000,0,INACTIVE,,,2026-07-30T02:56:00.370Z,2026-07-30T02:56:58.405Z
7e09174d-998b-40f2-a02e-453dc9b4b792,8938553313136,Hoàng Vinh-Trà Dâu,2Mart,,Trà,15000,0,INACTIVE,,,2026-07-30T02:56:00.379Z,2026-07-30T02:56:58.410Z
de8c9437-8bb1-4f41-9136-40bd776dea0b,8938553313129,Hoàng Vinh-Trà Dưa Lưới,2Mart,,Trà,15000,0,INACTIVE,,,2026-07-30T02:56:00.384Z,2026-07-30T02:56:58.414Z
f089f6c3-06a9-47f0-86ab-fce84ea46383,8938553313242,Hoàng Vinh-Trà Việt Quất,2Mart,,Trà,15000,0,INACTIVE,,,2026-07-30T02:56:00.388Z,2026-07-30T02:56:58.418Z
54e99d8d-7c1b-4223-acc2-09c801448dbd,8938553313143,Hoàng Vinh-Trà Đào,2Mart,,Trà,15000,0,INACTIVE,,,2026-07-30T02:56:00.393Z,2026-07-30T02:56:58.422Z
00ccacb7-73d5-4e6d-911b-57f793a7968a,8934772285094,Bia San Miguel Vị Vải,2Mart,,Nước uống chứa cồn,24000,16750,ACTIVE,,2026-08-12T18:38:18.962Z,2026-07-30T02:56:00.473Z,2026-08-12T18:38:18.971Z
a031f8a9-e0bd-48cd-a639-d5be01956623,8936034876491,Ponnie Ăn Liền Vị Cay,2Mart,,Thức ăn nhanh,7900,"4741,51",ACTIVE,,2026-08-19T20:32:20.795Z,2026-07-30T02:56:00.404Z,2026-08-19T20:32:20.811Z
bb2b5094-caf2-4aea-852d-aecbda03f4bd,4897036695289,Monster Energy Juice Pipeline,2Mart,,Nước uống có gas,28000,"19791,67",INACTIVE,,2026-08-14T16:44:18.323Z,2026-07-30T02:56:00.398Z,2026-08-14T16:44:18.335Z
0d918f6c-7cde-43c9-9804-90415f10c7e9,8936086960827,Nước dừa hudoco dừa nha đam 500ml,2Mart,,Nước topping thạch dừa,15000,0,INACTIVE,,,2026-07-30T02:56:00.441Z,2026-07-30T02:56:58.447Z
baf8d67a-3e16-49b3-9332-425abca30089,6972940082993,Mianzhipin bò viên cay 65g,2Mart,,Ăn vặt,17000,0,INACTIVE,,,2026-07-30T02:56:00.445Z,2026-07-30T02:56:58.451Z
604071a4-345b-4a6b-a283-48d61cef6d4e,8936096682689,Bánh Xốp phô mai leto,2Mart,,Bánh quy-Bánh que,16000,9500,ACTIVE,,,2026-07-30T02:56:00.452Z,2026-07-30T02:56:58.454Z
3aeae5e0-c1f1-4d24-8b62-4582e2233da9,8936096682672,Bánh Xốp sầu riêng leto 80g,2Mart,,Bánh quy-Bánh que,16000,9500,INACTIVE,,,2026-07-30T02:56:00.460Z,2026-07-30T02:56:58.457Z
15153acb-8b98-4c7a-8601-fb54ca8edd3e,8936028643252,Mì Koreno Bulgogi sốt kem 100g,2Mart,,Mì bát-ly-gói-hủ tiếu-phở,14000,0,INACTIVE,,,2026-07-30T02:56:00.486Z,2026-07-30T02:56:58.475Z
8bec454c-915d-46fc-8c09-0ee4611242d6,8938545500100,Hotdog Ăn Liền-Sốt Tiêu Đen,2Mart,,Thức ăn nhanh,23900,0,INACTIVE,,,2026-07-30T02:56:00.491Z,2026-07-30T02:56:58.478Z
4d990a37-f25d-4c91-95f9-f617e796434f,8936011773454,Kem Merino nho cam dâu,merino,,Kem Ăn>>Kem Merino,9000,0,INACTIVE,,,2026-07-30T02:56:00.505Z,2026-07-30T02:56:58.480Z
525b257b-9681-4134-9ce8-8a4b3f4cf74d,8888235100380,Kẹo mút minion,2Mart,,Ăn vặt,16000,0,INACTIVE,,,2026-07-30T02:56:00.516Z,2026-07-30T02:56:58.483Z
d57c23ae-f023-476b-ba06-fc36e8aed464,SP002049,Oishi Snack Bắp 4 Lớp Vị Bắp Nướng Bơ,2Mart,,Oishi,15000,7300,ACTIVE,,,2026-07-30T02:56:00.527Z,2026-07-30T02:56:58.485Z
a5f632a7-2516-48ea-a294-70e1b110769f,8936092552924,My Candy Vị Nho Xanh,2Mart,,kẹo,33000,0,INACTIVE,,,2026-07-30T02:56:00.544Z,2026-07-30T02:56:58.488Z
5a5fd9e6-e98e-421f-b74e-b11144d16c4f,8936221043071,Omachi-Mì Hương Lẩu Vị Nghêu Nấm Rong Biển,2Mart,,Mì bát-ly-gói-hủ tiếu-phở,14000,0,INACTIVE,,,2026-07-30T02:56:00.556Z,2026-07-30T02:56:58.492Z
2681fec1-955f-420c-ae30-e92a39114c78,198715958461,Cokoc kẹo vị nho xanh,cokoc,,kẹo,23000,13500,ACTIVE,,,2026-07-30T02:56:00.562Z,2026-07-30T02:56:58.495Z
dbf3442f-1a40-4df4-8da8-7e9c8c565e6e,8938548361029,Mận sấy cheryy Việt quất fruit Ocean 50g,2Mart,,trái cây sấy,19000,13000,INACTIVE,,,2026-07-30T02:56:00.567Z,2026-07-30T02:56:58.498Z
262ef68f-fc7a-42d9-8a33-854bcadc30a1,8938548361999,Chanh Dây sấy 50 G,2Mart,,trái cây sấy,19000,13000,INACTIVE,,,2026-07-30T02:56:00.571Z,2026-07-30T02:56:58.500Z
3b3e6327-0cc3-4c78-a012-bc418354bedf,8938548361180,Táo đỏ giòn fruit Ocean 40g,2Mart,,trái cây sấy,19000,0,INACTIVE,,,2026-07-30T02:56:00.577Z,2026-07-30T02:56:58.503Z
94934ddb-603e-4741-8683-1cb6f1de0d80,8938548361968,Mận cắt đôi 50g/gói,2Mart,,trái cây sấy,19000,13000,INACTIVE,,,2026-07-30T02:56:00.590Z,2026-07-30T02:56:58.509Z
bae65a3c-a7ca-4a08-ac69-4d01bf0a62ff,8936034876965,Ponnie Ăn Liền Vị Sườn Nướng,2Mart,,Thức ăn nhanh,7900,"4703,32",ACTIVE,,2026-08-19T20:32:20.795Z,2026-07-30T02:56:00.415Z,2026-08-19T20:32:20.811Z
2a637ac1-2e0a-4b4d-b45e-a5740037f676,SP002047,Poca Đậu phộng da cá vị mực cay,2Mart,,Poca-Lay’s-Ostar-Swing-Orion,15000,0,INACTIVE,,,2026-07-30T02:56:00.609Z,2026-07-30T02:56:58.525Z
7e4449c9-b7bf-4361-b89a-f1a823cc4432,8936025775369,Malto Sữa Chua Vị Nguyên Bản 340ml,2Mart,,Sữa-Sữa chua-Sữa dừa,16000,0,INACTIVE,,,2026-07-30T02:56:00.614Z,2026-07-30T02:56:58.528Z
04ed8b0e-433b-45d5-b043-3e1355188b8f,8936025775376,Malto Sữa Chua Có Ga Vị Chanh 340ml,2Mart,,Sữa-Sữa chua-Sữa dừa,16000,0,INACTIVE,,,2026-07-30T02:56:00.620Z,2026-07-30T02:56:58.530Z
20460c99-db3b-40a9-8d95-757f44ae641e,8938535068214,Chân gà đế vương 2chân,2Mart,,Thức ăn nhanh,14000,9000,ACTIVE,,2026-08-19T20:43:55.760Z,2026-07-30T02:56:00.797Z,2026-08-19T20:43:55.802Z
ca87125b-5514-48f6-b40b-d8495f70287d,8936067666311,Bánh Ping Xanh/Vàng,2Mart,,Bánh quy-Bánh que,3000,0,INACTIVE,,,2026-07-30T02:56:00.627Z,2026-07-30T02:56:58.536Z
e54b0126-c49e-4af9-8c7e-963d9ff0fedc,8936029422795,Orion Swing Vị Mật Ong Bơ Tỏi,2Mart,,Poca-Lay’s-Ostar-Swing-Orion,9000,0,INACTIVE,,,2026-07-30T02:56:00.640Z,2026-07-30T02:56:58.538Z
593e8761-ae42-48a9-b948-caf6082b1530,8936029422764,O'star Vị Bơ Mật Ong 30g,2Mart,,Poca-Lay’s-Ostar-Swing-Orion,9000,0,INACTIVE,,,2026-07-30T02:56:00.644Z,2026-07-30T02:56:58.541Z
b4669c60-d106-4e1c-b64a-9b9b0a33ee85,8936185351380,Chill Cocktall vị Dâu 330ml,2Mart,,Nước uống chứa cồn,27000,18500,INACTIVE,,2026-08-16T15:22:15.706Z,2026-07-30T02:56:00.651Z,2026-08-16T15:22:15.721Z
85eef4eb-8adc-4428-bb43-46d197aaf5c6,8934588672118,Pepsi lemon calorie free 330ml,2Mart,,Nước uống có gas,15000,"7708,33",ACTIVE,,,2026-07-30T02:56:00.677Z,2026-07-30T02:56:58.550Z
247e5529-55ae-40f4-b7fe-d3f1f197cd0a,8938548175008,Meofood-Bánh Tráng Phômai,2Mart,,Ăn vặt,15000,0,INACTIVE,,,2026-07-30T02:56:00.691Z,2026-07-30T02:56:58.564Z
2c29360d-c6d8-4724-805d-56602ca7c176,8938548175275,ToTo Khô Mực Xé Cay 40g,2Mart,,Đồ khô nhăm nhi,18000,0,INACTIVE,,,2026-07-30T02:56:00.705Z,2026-07-30T02:56:58.571Z
3df61731-3921-4a9a-9316-71324275dbad,8938548175268,ToTo Khô Bò Sa Tế 50g,2Mart,,Đồ khô nhăm nhi,18000,9500,ACTIVE,,,2026-07-30T02:56:00.714Z,2026-07-30T02:56:58.577Z
f37dedcf-85c6-4a66-99ea-85971500e232,8938545374107,Chân gà rút xương ZL 32g,2Mart,,Thức ăn nhanh,13000,0,INACTIVE,,,2026-07-30T02:56:00.719Z,2026-07-30T02:56:58.581Z
221ff591-0ab6-4b85-ba86-7e4c4fd27bb3,8936028643276,Mì Koreno Bulgogi Vị Xốt Kem,2Mart,,Mì bát-ly-gói-hủ tiếu-phở,16000,0,INACTIVE,,,2026-07-30T02:56:00.728Z,2026-07-30T02:56:58.592Z
215ef5ab-4b1f-4379-a1e7-3e412f0ac8c3,9555316105662,Nước ép xoài yogee Ice zzang 120g,2Mart,,Nước trái cây,16000,11000,ACTIVE,,,2026-07-30T02:56:00.735Z,2026-07-30T02:56:58.597Z
b3ab501b-27c7-46d3-b71f-4f4e29b5d9a4,SP002046,Cà phê TNI king sữa đá sài gòn,TNI Kinh Coffee,,Cà phê,15000,0,INACTIVE,,,2026-07-30T02:56:00.740Z,2026-07-30T02:56:58.602Z
f5f61f03-c19a-4d2b-8005-87fe1f37a7b5,8936221043897,Omachi-Mì Trộn Tôm Phômai Trứng Muối (Mới),2Mart,,Mì bát-ly-gói-hủ tiếu-phở,19000,13000,ACTIVE,,2026-08-18T17:03:55.376Z,2026-07-30T02:56:00.624Z,2026-08-18T17:03:55.490Z
c14d2125-9359-4d48-a788-8559ca068daa,8938553718399,Nước hạt é vị Măng Cụt 290ml,2Mart,,Nước é hạt chia,24000,"14166,66",ACTIVE,,2026-08-13T15:06:16.474Z,2026-07-30T02:56:00.848Z,2026-08-13T15:06:16.496Z
0df24a6c-38bb-4340-8bdc-76ae3d4ffa30,8934588662119,Pepsi Đen 320ml,Pesi,,Nước uống có gas,15000,"7708,33",ACTIVE,,2026-08-12T18:37:52.533Z,2026-07-30T02:56:00.769Z,2026-08-12T18:37:52.542Z
6ebd8905-a2a0-4498-8cb7-700afed9e816,8938555050237,Xúc Xích Xiên Que Sụn Gà,2Mart,,Thức ăn nhanh,12000,0,INACTIVE,,,2026-07-30T02:56:00.787Z,2026-07-30T02:56:58.622Z
0f828406-d9fd-4fd0-82f7-598f3bec756a,8934588793554,Trà Olong đào Nhiệt đới 450ml,2Mart,,Nước trái cây,15000,7500,INACTIVE,,2026-08-18T03:25:07.112Z,2026-07-30T02:56:00.869Z,2026-08-18T03:25:07.143Z
90a7d53d-40e3-4854-ba3e-84736e2254e1,4080200415,COMBO K.MÃI MUA 3 TẶNG 2 (LOTUS DORKBUA),2Mart,,ÁP DỤNG KHUYẾN MÃI,20000,0,INACTIVE,,,2026-07-30T02:56:00.805Z,2026-07-30T02:56:58.631Z
1f48b37a-8b3b-4808-988d-216cf7b1c513,408200414,COMBO K.MÃI MUA 1 TẶNG 1 (CÁNH GÀ-CUA),2Mart,,ÁP DỤNG KHUYẾN MÃI,9000,0,INACTIVE,,,2026-07-30T02:56:00.812Z,2026-07-30T02:56:58.636Z
3c460a87-f71c-4f00-82f5-b3138b85fb4d,408200413,COMBO K.MÃI MUA 1 TẶNG 1 (CÁNH GÀ-ĐÙI GÀ),2Mart,,ÁP DỤNG KHUYẾN MÃI,9000,0,INACTIVE,,,2026-07-30T02:56:00.823Z,2026-07-30T02:56:58.640Z
4ae809be-ab17-4775-9b71-1fc3a12dbed3,408200412,COMBO K.MÃI MUA 2 TẶNG 1 (CƠM CHÁY),2Mart,,ÁP DỤNG KHUYẾN MÃI,55000,0,INACTIVE,,,2026-07-30T02:56:00.830Z,2026-07-30T02:56:58.645Z
255d02ad-2c7e-4f54-a80a-217a3337bca4,8936211625829,Xúc xích siu to vị sườn hầm,S2,,Thức ăn nhanh,13000,"7992,2",ACTIVE,,2026-08-17T14:09:21.182Z,2026-07-30T02:56:00.749Z,2026-08-17T14:09:21.199Z
963433b1-e9f8-43a3-82b7-05ff7beac8f2,8935311101059,Vifon-Mì Trộn Bò Sa Tế,2Mart,,Mì bát-ly-gói-hủ tiếu-phở,16000,10944,INACTIVE,,,2026-07-30T02:56:00.842Z,2026-07-30T02:56:58.654Z
182fab90-b9e7-406e-b5be-e7fbe8ebc895,8936211626338,Xúc xích siu to vị cay tứ xuyên,S2,,Thức ăn nhanh,14000,"7894,74",ACTIVE,,2026-08-17T17:23:15.328Z,2026-07-30T02:56:00.753Z,2026-08-17T17:23:15.344Z
f9673704-fa85-42cd-83b5-efd0b37c566f,8934803042337,Oishi Snack Nhúng Socola,oishi,,Oishi,15000,8500,ACTIVE,,2026-08-12T16:17:01.981Z,2026-07-30T02:56:00.909Z,2026-08-12T16:17:01.990Z
076cc551-5b2b-4311-9f4b-06f9ac7d2485,6972702257058,Bông Lan Pizza Vị Rong Biển,2Mart,,Bánh mì,15000,0,INACTIVE,,,2026-07-30T02:56:00.853Z,2026-07-30T02:56:58.669Z
05f25655-1ce6-4f5e-bdd2-fe901534c14c,9555376800637,Sữa Bắp Thái Lan Blue sport 320ml,2Mart,,Sữa-Sữa chua-Sữa dừa,17000,0,INACTIVE,,,2026-07-30T02:56:00.860Z,2026-07-30T02:56:58.675Z
f33e4884-a707-4a28-964b-541edd1eb9b0,6972940082627,Que Cay Sợi Bún,2Mart,,Ăn vặt,17000,10000,INACTIVE,,2026-08-19T16:53:20.752Z,2026-07-30T02:56:00.863Z,2026-08-19T16:53:20.785Z
30f6d51a-2340-4beb-a3a0-81fc0c9fc759,8936221042906,Tea 365 Trà Mật Ong,2Mart,,Nước trái cây,15000,"6929,77",INACTIVE,,2026-08-19T16:39:29.554Z,2026-07-30T02:56:00.838Z,2026-08-19T16:39:29.576Z
1c65b368-fbd9-4ce0-bcdd-46d6a5686629,8936024247362,Trà sữa đường đen-kèm đá,2Mart,,Sữa-Sữa chua-Sữa dừa,18000,0,INACTIVE,,,2026-07-30T02:56:00.877Z,2026-07-30T02:56:58.687Z
ddfe8d95-4563-402c-9aff-c13404fe6e29,8935001215028,Trà sữa Anh Quốc tea break 345ml,2Mart,,Sữa-Sữa chua-Sữa dừa,15000,"7490,59",INACTIVE,,,2026-07-30T02:56:00.888Z,2026-07-30T02:56:58.692Z
0f933368-636e-4426-887b-4b3f6f346653,8938555517020,Chân gà 2 chân 65g,2Mart,,Thức ăn nhanh,14000,6923,ACTIVE,,,2026-07-30T02:56:00.898Z,2026-07-30T02:56:58.698Z
0df2e895-edb1-4448-9288-8f3538c9c211,8938555517006,Chân gà rút xương tê cay,2Mart,,Thức ăn nhanh,13000,7000,ACTIVE,,,2026-07-30T02:56:00.904Z,2026-07-30T02:56:58.706Z
6a8acd11-8da2-48cc-bdbb-489a268e0189,8936048476588,Sữa Joco vị dưa lưới,2Mart,,Sữa-Sữa chua-Sữa dừa,14000,0,INACTIVE,,,2026-07-30T02:56:00.920Z,2026-07-30T02:56:58.718Z
fe3257f3-3cfd-4020-baa3-dc5a931f2ba5,8936048472986,Mì tôm 3 Miền Gold chua cay 3 cấp độ 75g,2Mart,,Mì bát-ly-gói-hủ tiếu-phở,7000,0,INACTIVE,,,2026-07-30T02:56:00.924Z,2026-07-30T02:56:58.726Z
b28935a5-fe67-48b8-8811-fad016defcc7,8936048470524,Mì 3 Miền Gold Hương vị bò hầm rau thơm gói 75g,2Mart,,Mì bát-ly-gói-hủ tiếu-phở,7000,0,INACTIVE,,,2026-07-30T02:56:00.933Z,2026-07-30T02:56:58.729Z
8823f530-9b5c-4213-8b8b-b5d61b250e19,8936048470623,Mì chua cay Thái 3 Miền Reeva gói 75g,2Mart,,Mì bát-ly-gói-hủ tiếu-phở,7000,0,INACTIVE,,,2026-07-30T02:56:00.936Z,2026-07-30T02:56:58.734Z
c651c220-905f-4e54-a643-c2d2220e3e53,8936048470760,Mì Reeva lẩu nấm chua cay gói 85g,2Mart,,Mì bát-ly-gói-hủ tiếu-phở,13000,0,INACTIVE,,,2026-07-30T02:56:00.941Z,2026-07-30T02:56:58.747Z
4ee6bec1-891e-482f-87dc-1f0a29c0955c,8936048476427,Trà Boncha Vị Hương Lài 450ml,2Mart,,Boncha,15000,7037,INACTIVE,,,2026-07-30T02:56:00.957Z,2026-07-30T02:56:58.755Z
bedc4741-7993-4030-b08d-cde7a75d1fdc,SP002041,Cafe sữa Highlands 185ml,2Mart,,Cà phê,19000,11000,INACTIVE,,,2026-07-30T02:56:00.969Z,2026-07-30T02:56:58.761Z
286010ac-4372-417d-98bf-e596b7acd9ed,6975671722367,Sữa chua dưa gang,2Mart,,Sữa-Sữa chua-Sữa dừa,20000,0,INACTIVE,,,2026-07-30T02:56:00.986Z,2026-07-30T02:56:58.764Z
4b3362c8-4540-4cd1-81cc-86e56d41d69b,8936221042883,Tea 365 Trà Chanh Sả,2Mart,,Nước trái cây,15000,"6911,95",INACTIVE,,,2026-07-30T02:56:00.999Z,2026-07-30T02:56:58.774Z
1fdaff01-97c1-40d2-bc4d-e231b4999be6,8938553718405,Nước hạt é vị Thăng Long 290ml,2Mart,,Nước é hạt chia,24000,0,INACTIVE,,2026-08-12T18:57:14.141Z,2026-07-30T02:56:01.044Z,2026-08-12T18:57:14.151Z
94fb5adb-cb59-4816-84a5-59423a6fa568,8850393800679,Sữa chua betagen dứa 300ml,2Mart,,Sữa-Sữa chua-Sữa dừa,27000,18000,ACTIVE,,2026-08-19T17:31:39.169Z,2026-07-30T02:56:01.006Z,2026-08-19T17:31:39.190Z
59f32863-91e0-4a88-871f-9509201acb8b,SP002040,Kẹo mút welly hỗn hợp,2Mart,,kẹo,1500,0,INACTIVE,,,2026-07-30T02:56:01.017Z,2026-07-30T02:56:58.793Z
c75574c4-ff9c-47ae-b63e-f5a9accb3ae1,8938552395102,Snack Bò Sốt Mỹ Vị,2Mart,,Ăn vặt,10000,0,INACTIVE,,,2026-07-30T02:56:01.031Z,2026-07-30T02:56:58.801Z
d12267f5-a822-43ff-83b0-d955c5fec11a,8938507891079,Bánh miếng hằng đại,2Mart,,Ăn vặt,2000,0,INACTIVE,,,2026-07-30T02:56:01.037Z,2026-07-30T02:56:58.815Z
4dfb1028-4d2a-48bf-aeb6-278c4e17d24c,8935311101882,Vifon-Mì Bò Cay,2Mart,,Mì bát-ly-gói-hủ tiếu-phở,15000,"10490,43",ACTIVE,,2026-08-12T19:22:32.935Z,2026-07-30T02:56:01.062Z,2026-08-12T19:22:32.945Z
99a5500f-3715-496c-9bac-d983307e9bbd,6974873371427,Bánh trung ngàn lớp chalsu,2Mart,,Bánh mì,15000,0,INACTIVE,,,2026-07-30T02:56:01.046Z,2026-07-30T02:56:58.834Z
b6c68a06-bb61-4d57-81c8-01113c184a64,8936079282233,Dh Foods - Muối tôm Tây Ninh 60g,DH Food,,Muối chấm,15000,0,INACTIVE,,,2026-07-30T02:56:01.050Z,2026-07-30T02:56:58.837Z
7f9bdb20-c8c0-42fe-82b6-3a4eab9f22ce,810463801379,Sữa chua betagen dâu 300ml,Thái Lan,,Sữa-Sữa chua-Sữa dừa,27000,18000,ACTIVE,,2026-08-19T17:40:53.384Z,2026-07-30T02:56:01.059Z,2026-08-19T17:40:53.436Z
c715adbb-3f8d-43d3-bb6b-de73a007e92a,8935311100458,Vifon-Mì Lẩu Thái Tôm,2Mart,,Mì bát-ly-gói-hủ tiếu-phở,13000,"7678,74",INACTIVE,,2026-08-18T15:08:37.154Z,2026-07-30T02:56:01.099Z,2026-08-18T15:08:37.176Z
6ae67f2c-a725-4a82-933c-d0630b005313,8850393991926,Sữa chua betagen cam 300ml,2Mart,,Sữa-Sữa chua-Sữa dừa,27000,18000,ACTIVE,,2026-08-19T11:29:05.658Z,2026-07-30T02:56:01.011Z,2026-08-19T11:29:05.674Z
ab8f9f3d-ab13-40b8-8059-88759d1844d7,8934563185152,Mỳ Hảo Hảo Hương lẩu kim Chi Hàn Quốc 75g,2Mart,,Mì bát-ly-gói-hủ tiếu-phở,7500,0,INACTIVE,,,2026-07-30T02:56:01.070Z,2026-07-30T02:56:58.853Z
4c4f8275-11c5-42c8-8e26-43f3f4fcf2aa,6975671722381,Sữa chua dừa,2Mart,,Sữa-Sữa chua-Sữa dừa,20000,0,INACTIVE,,,2026-07-30T02:56:01.076Z,2026-07-30T02:56:58.855Z
9613de6d-38c2-4848-b4d0-73a50c3b21ad,6975671722374,Sữa chua đào,2Mart,,Sữa-Sữa chua-Sữa dừa,20000,0,INACTIVE,,,2026-07-30T02:56:01.080Z,2026-07-30T02:56:58.861Z
123f9223-858f-4b20-9d6f-dcefa854c64f,8938553718368,Nước hạt é vị Lê 290ml,2Mart,,Nước é hạt chia,24000,"12916,67",INACTIVE,,,2026-07-30T02:56:01.083Z,2026-07-30T02:56:58.872Z
e2ca1081-89b9-4137-b915-ff3619536d90,8938553718344,Nước hạt é vị Dưa Hấu 290ml,2Mart,,Nước é hạt chia,24000,"12916,66",ACTIVE,,,2026-07-30T02:56:01.086Z,2026-07-30T02:56:58.882Z
0e8191ec-f737-4a09-9aa9-8faf2879eaa2,8935311101899,Vifon-Mì Hải Sản Cay,2Mart,,Mì bát-ly-gói-hủ tiếu-phở,15000,0,INACTIVE,,,2026-07-30T02:56:01.090Z,2026-07-30T02:56:58.889Z
5e4f0766-d8d2-44b3-b252-9def791f8bf7,8935311101462,Vifon-Mì Bò Kim Chi Cay,2Mart,,Mì bát-ly-gói-hủ tiếu-phở,14000,10002,ACTIVE,,,2026-07-30T02:56:01.093Z,2026-07-30T02:56:58.901Z
be5be727-fa5e-4c11-90d8-b9322ae9148d,8935311100472,Vifon-Mì Lẩu Thái Tomyum,2Mart,,Mì bát-ly-gói-hủ tiếu-phở,13000,"2912,68",ACTIVE,,2026-08-13T15:28:18.450Z,2026-07-30T02:56:01.103Z,2026-08-13T15:28:18.477Z
f6235e06-66b2-4d7d-8670-7900d951e7b7,8935311101349,Vifon-Mì Trộn Cua Xốt Me,2Mart,,Mì bát-ly-gói-hủ tiếu-phở,15000,0,INACTIVE,,,2026-07-30T02:56:01.106Z,2026-07-30T02:56:58.919Z
1ec4a5fd-7c3e-4e7f-b2f6-8b0cb41d1f20,8935311101325,Vifon-Mì Trộn Tôm Cháy Tỏi,2Mart,,Mì bát-ly-gói-hủ tiếu-phở,15000,0,INACTIVE,,,2026-07-30T02:56:01.115Z,2026-07-30T02:56:58.930Z
11f07923-d8b4-4418-bffc-9cd38b59c29d,8934863193703,Phở trộn tương đen,2Mart,,Mì bát-ly-gói-hủ tiếu-phở,21000,0,INACTIVE,,,2026-07-30T02:56:01.118Z,2026-07-30T02:56:58.934Z
4935737b-a927-444e-9dc0-ebce57ea5d3f,8934863171404,Snack rong biển vị tôm nướng,2Mart,,Ăn vặt,15000,8500,ACTIVE,,,2026-07-30T02:56:01.122Z,2026-07-30T02:56:58.937Z
bba381b3-7aae-4abd-88ec-8e1b3233c42f,8934863190108,Snack rong biển vị bắp phô mai,2Mart,,Ăn vặt,15000,8500,ACTIVE,,,2026-07-30T02:56:01.125Z,2026-07-30T02:56:58.940Z
f664c497-3d4a-4328-abfb-8fca092f1322,8934863149403,Snack rong biển vị bò nướng,2Mart,,Ăn vặt,15000,8500,ACTIVE,,,2026-07-30T02:56:01.128Z,2026-07-30T02:56:58.943Z
fe2a983c-6743-4517-b6e8-8518a4fdb842,8934863147409,Snack rong biển,2Mart,,Ăn vặt,15000,8500,ACTIVE,,,2026-07-30T02:56:01.131Z,2026-07-30T02:56:58.945Z
3b12daad-94a3-488d-bf5b-96769dc029ef,8850029212746,Xnm nữ quyến rũ Ngọc trai,2Mart,,Đồ dùng cá nhân,100000,0,INACTIVE,,,2026-07-30T02:56:01.134Z,2026-07-30T02:56:58.947Z
cb5681a3-7dfe-4063-b051-947483c08ea9,4005808829675,Xịt khử mùi nữ Nivea extra whitening 150M,2Mart,,Đồ dùng cá nhân,100000,0,INACTIVE,,,2026-07-30T02:56:01.137Z,2026-07-30T02:56:58.954Z
f50b9837-3df5-420e-bd99-9f9f889e1038,8850029037660,Xịt khử mùi Nivea share 150ml,2Mart,,Đồ dùng cá nhân,100000,0,INACTIVE,,,2026-07-30T02:56:01.140Z,2026-07-30T02:56:58.971Z
2f68300b-796e-4654-a0d4-deec7081f119,8801073113268,Mì khô gà cay Samyang vị phô mai gói 140g,2Mart,,Mì bát-ly-gói-hủ tiếu-phở,29000,0,INACTIVE,,,2026-07-30T02:56:01.155Z,2026-07-30T02:56:58.998Z
33a0af2d-39c9-463a-96d4-9f08c489faf7,SP002036,Mì HQ Samyang phô mai cay,2Mart,,Mì bát-ly-gói-hủ tiếu-phở,29000,0,INACTIVE,,,2026-07-30T02:56:01.166Z,2026-07-30T02:56:59.005Z
402c8e76-79eb-4af4-bd75-73034385602c,SP002035,Mì HQ chapaghetti,2Mart,,Mì bát-ly-gói-hủ tiếu-phở,29000,0,INACTIVE,,,2026-07-30T02:56:01.171Z,2026-07-30T02:56:59.009Z
a37009d6-9dac-4a46-b878-e9300a83e338,SP002034,Mì HQ gà nước,2Mart,,Mì bát-ly-gói-hủ tiếu-phở,31000,0,INACTIVE,,,2026-07-30T02:56:01.176Z,2026-07-30T02:56:59.013Z
3d5f5321-5e0a-4ef8-943b-a5817034e177,SP002033,Mì HQ cay Samyang x2,2Mart,,Mì bát-ly-gói-hủ tiếu-phở,31000,0,INACTIVE,,,2026-07-30T02:56:01.182Z,2026-07-30T02:56:59.017Z
4ca4731a-9a84-4fe3-a126-ab505034c025,SP002032,kem jeruk,alice,,Kem Ăn,7000,0,INACTIVE,,,2026-07-30T02:56:01.185Z,2026-07-30T02:56:59.021Z
be901004-3263-413a-be5f-b813b56b8685,SP002031,kem semangaka,alice,,Kem Ăn,8000,0,INACTIVE,,,2026-07-30T02:56:01.201Z,2026-07-30T02:56:59.032Z
97f3913d-c996-4b7e-92ff-99cb5670cea8,SP002030,Kem Aice Sweet Corn,alice,,Kem Ăn>>Kem Aice,10000,0,INACTIVE,,,2026-07-30T02:56:01.207Z,2026-07-30T02:56:59.040Z
60e9c202-a440-4f55-9f9c-b997933eb039,SP002029,Kem Aice Straw Berry Dâu,alice,,Kem Ăn>>Kem Aice,14000,0,INACTIVE,,,2026-07-30T02:56:01.210Z,2026-07-30T02:56:59.053Z
284f5095-a7c1-45bc-ba62-eadf27b99436,SP002028,strawbwrry,alice,,Kem Ăn,13000,0,INACTIVE,,,2026-07-30T02:56:01.213Z,2026-07-30T02:56:59.062Z
3b250a35-0bda-4dac-9490-2d1fd5d34475,SP002027,kem milk cereal crispy kem yến mạch,alice,,Kem Ăn>>Kem Merino,9000,0,INACTIVE,,,2026-07-30T02:56:01.217Z,2026-07-30T02:56:59.066Z
629390f8-b17c-4df5-bfbb-d0ff6c0f6313,6972007902981,Cokoc kẹo dẻo vị xoài,2Mart,,kẹo,23000,13500,ACTIVE,,,2026-07-30T02:56:01.223Z,2026-07-30T02:56:59.069Z
ebaef01c-8ab3-4587-9db6-765c1f9f1235,SP002026,kẹo dẻo cokoc vị hỗn hợp,cokoc,,kẹo,23000,13500,ACTIVE,,,2026-07-30T02:56:01.228Z,2026-07-30T02:56:59.072Z
cd85c4bd-f232-436c-b924-26e6df309810,SP002025,kẹo dẻo cokoc vị nho,cokoc,,kẹo,23000,13500,ACTIVE,,,2026-07-30T02:56:01.236Z,2026-07-30T02:56:59.074Z
ae3d8a41-e6dd-44d8-9ada-ed73a5a6705d,SP002024,kẹo dẻo cokoc vị đào,cokoc,,kẹo,23000,13500,ACTIVE,,,2026-07-30T02:56:01.245Z,2026-07-30T02:56:59.084Z
4e40f3e6-540d-493c-ba32-424aa3aff472,SP002023,kẹo dẻo cokoc hỗn hợp,cokoc,,kẹo,23000,13500,ACTIVE,,,2026-07-30T02:56:01.247Z,2026-07-30T02:56:59.091Z
3fa23522-5c58-41f2-a4fa-36ecbf082a2c,SP002022,kẹo dẻo cokco lychee,lokcok,,kẹo,23000,13500,ACTIVE,,,2026-07-30T02:56:01.256Z,2026-07-30T02:56:59.096Z
92a10e03-a05e-4c9b-b90f-79006de22c73,SP002021,bánh fullo blasto,ot,,Bánh quy-Bánh que,52000,39000,INACTIVE,,,2026-07-30T02:56:01.262Z,2026-07-30T02:56:59.099Z
311ab050-f460-4520-9004-bad4bdcb1a22,SP002020,bánh fullo vanilla milk wfer stick,ot,,Bánh quy-Bánh que,42000,0,INACTIVE,,,2026-07-30T02:56:01.272Z,2026-07-30T02:56:59.102Z
bf46703e-35c4-482d-ae95-a88429a8be57,SP002019,bánh fullo chocolatr vanilla milk,ot,,Bánh quy-Bánh que,42000,0,INACTIVE,,,2026-07-30T02:56:01.277Z,2026-07-30T02:56:59.106Z
ff3b3232-d7f3-4fb8-8648-faaead618f20,SP002018,bánh fullo choco strawberry,ot,,Bánh quy-Bánh que,42000,0,INACTIVE,,,2026-07-30T02:56:01.285Z,2026-07-30T02:56:59.109Z
ae3c7438-65e0-4308-8e60-0e7b926a7770,SP002017,bánh fullo chocolate waferstick,ot,,Bánh quy-Bánh que,42000,0,INACTIVE,,,2026-07-30T02:56:01.292Z,2026-07-30T02:56:59.111Z
10f93625-5d29-407f-8dfd-826ea0207be1,8934803064384,Oishi Pinattsu Đậu Phộng Da Cá Vị BBQ,oishi,,Oishi,15000,8000,INACTIVE,,,2026-07-30T02:56:01.300Z,2026-07-30T02:56:59.117Z
0e3f6f86-7506-429a-aa2c-b194f88dcbf9,SP002016,bánh waffle cookie cream,Tango,,Bánh quy-Bánh que,7000,0,INACTIVE,,,2026-07-30T02:56:01.304Z,2026-07-30T02:56:59.130Z
70b81d3c-6bcd-4175-b1f2-90623df1f413,8991102280211,Bánh Xốp Tango vị cà phê mocha,Tango,,Bánh quy-Bánh que,7000,0,INACTIVE,,,2026-07-30T02:56:01.308Z,2026-07-30T02:56:59.133Z
924cc1c1-d331-4749-a58d-1dc9c8ca37e7,8991102794619,Bánh Tango waffle Choco haze Thanh,Tango,,Bánh quy-Bánh que,7000,0,INACTIVE,,,2026-07-30T02:56:01.316Z,2026-07-30T02:56:59.136Z
e232f85f-5017-4506-af19-8521ac902719,8936094140815,Kim Long-Đậu Phộng Cốt Nước Dừa,2Mart,,Ăn vặt,14000,0,INACTIVE,,,2026-07-30T02:56:01.331Z,2026-07-30T02:56:59.139Z
62e2069a-554d-4759-8950-011db86f15f2,SP002015,xịt phòng sakura,mesa,,Đồ dùng nhà cửa,38000,0,INACTIVE,,,2026-07-30T02:56:01.341Z,2026-07-30T02:56:59.142Z
ca9cf3ec-39af-48fc-85e4-ce2bd09816ba,SP002014,xịt phòng lavender oải hương,mesa,,Đồ dùng nhà cửa,38000,0,INACTIVE,,,2026-07-30T02:56:01.348Z,2026-07-30T02:56:59.146Z
e3ebbff2-2ac0-4519-963f-c452d7be4730,8936195102354,Sáp thơm Fily,fily,,Đồ dùng nhà cửa,40000,0,INACTIVE,,,2026-07-30T02:56:01.353Z,2026-07-30T02:56:59.148Z
e6710b10-6781-45b6-b8fb-b066f3c57ecd,8885013132144,Kem Aice Nhân Đậu Xanh,2Mart,,Kem Ăn>>Kem Aice,12000,0,INACTIVE,,,2026-07-30T02:56:01.357Z,2026-07-30T02:56:59.154Z
0dc885d6-0556-4d5e-86f3-87708b664d8a,8885013130751,Kem Aice Lốc Xoáy Vị Trái Cây,2Mart,,Kem Ăn>>Kem Aice,10000,0,INACTIVE,,,2026-07-30T02:56:01.364Z,2026-07-30T02:56:59.161Z
063bf2b6-a48c-4e4f-ab9d-731b81b2848f,8885013130249,Kem Aice Vị Dưa Lưới,2Mart,,Kem Ăn,9000,0,INACTIVE,,,2026-07-30T02:56:01.373Z,2026-07-30T02:56:59.163Z
e56a1404-6e64-4313-861e-557d3296e8db,8885013130058,Kem Aice Chocolate Crispy,2Mart,,Kem Ăn>>Kem Aice,14000,0,INACTIVE,,,2026-07-30T02:56:01.385Z,2026-07-30T02:56:59.170Z
c2cd5779-b07a-4cd2-8bf4-36e6cb8ef20d,8885013131543,Kem Aice Choco Melt,2Mart,,Kem Ăn>>Kem Aice,14000,0,INACTIVE,,,2026-07-30T02:56:01.397Z,2026-07-30T02:56:59.185Z
c2f9be57-caeb-40ed-9544-6fb9e6b7d28a,SP002013,Que Thịt Heo Giòn Vị Truyền Thống,Thái Lan,,Bánh quy-Bánh que,21000,0,INACTIVE,,,2026-07-30T02:56:01.407Z,2026-07-30T02:56:59.194Z
83549b05-29c3-4af1-9c12-dd91a0451504,SP002012,Que Thịt Heo Giòn Vị Cay,Thái Lan,,Bánh quy-Bánh que,21000,0,INACTIVE,,,2026-07-30T02:56:01.413Z,2026-07-30T02:56:59.202Z
8ea37bce-bb0d-482a-9840-e1b5b877100f,8936011772228,Kem Merino chanh muối,2Mart,,Kem Ăn>>Kem Merino,10000,0,INACTIVE,,,2026-07-30T02:56:01.426Z,2026-07-30T02:56:59.209Z
df17fa67-9038-43ea-bef7-40f1795707df,8936011776608,Merino X Plus Lõi Xốt Sầu Riêng,2Mart,,Kem Ăn>>Kem Merino,12000,0,ACTIVE,,2026-08-11T10:42:17.761Z,2026-07-30T02:56:01.417Z,2026-08-11T10:42:17.782Z
02567979-cc5d-47d4-8530-1ed5fcb74e16,8936011770736,Merino Superteen Cream Socola,2Mart,,Kem Ăn>>Kem Merino,15000,0,INACTIVE,,,2026-07-30T02:56:01.436Z,2026-07-30T02:56:59.232Z
93ea13aa-18ec-4b30-b930-867c3abcf6c3,8936011770767,Kem xoài Celano 60g,2Mart,,Kem Ăn,23000,0,INACTIVE,,,2026-07-30T02:56:01.442Z,2026-07-30T02:56:59.238Z
d9ef0ce1-f37f-4009-b2f4-62d6024d8fb2,8936011779982,Kem ly lớn Celano xốt nho đen,2Mart,,Kem Ăn,19500,0,INACTIVE,,,2026-07-30T02:56:01.448Z,2026-07-30T02:56:59.256Z
e932fbef-52c9-4e9d-848f-d481bbb57a96,8936011774741,Kem ly Celano dâu Tây chuối 100g,2Mart,,Kem Ăn,20000,0,INACTIVE,,,2026-07-30T02:56:01.456Z,2026-07-30T02:56:59.263Z
03e3a9bd-5f33-4576-992d-44c451efbdf9,8852116805039,Rong Biển Cuộn Nướng Vị Cay,2Mart,,Bánh quy-Bánh que,7000,0,INACTIVE,,,2026-07-30T02:56:01.464Z,2026-07-30T02:56:59.282Z
55291020-6b1b-4a08-8748-b1b7365d0fbc,8852116805015,Rong Biển Cuộn Nướng Truyền Thống,2Mart,,Bánh quy-Bánh que,7000,0,INACTIVE,,,2026-07-30T02:56:01.473Z,2026-07-30T02:56:59.286Z
5910d7c4-94ba-447f-bb1a-2a5d47062edf,SP002008,Poca vị tảo biển,poca,,Poca-Lay’s-Ostar-Swing-Orion,15000,0,INACTIVE,,,2026-07-30T02:56:01.479Z,2026-07-30T02:56:59.296Z
7b22789e-bab2-46b6-b256-4934085de2a0,3025000274333,Bento Hải Sản Cay Nồng,2Mart,,Đồ khô nhăm nhi,26000,"12922,6",ACTIVE,,,2026-07-30T02:56:01.491Z,2026-07-30T02:56:59.299Z
e815f5f7-cdf2-4d1a-962d-34daae991957,8936185351366,Chill Cocktall vị Đào 330ml,Goody Group,,Nước uống chứa cồn,27000,18500,INACTIVE,,2026-08-16T14:24:40.855Z,2026-07-30T02:56:01.569Z,2026-08-16T14:24:40.873Z
ced28a8e-114b-4e1f-a448-e2aa29cdda5b,SP002005,Quẹt sắt,Không có,,Đồ dùng cá nhân,14000,0,INACTIVE,,,2026-07-30T02:56:01.504Z,2026-07-30T02:56:59.307Z
130b3c9c-87e5-4285-aefb-43aeaaecffe0,SP0002004,Kẹo Xốp Thú,2Mart,,kẹo,35000,0,INACTIVE,,,2026-07-30T02:56:01.509Z,2026-07-30T02:56:59.315Z
83b754f6-0b51-4db4-82f9-ec4eda209e07,8850718821914,Lay’s Stax Ống Vị Bò Wagyu Xốt Truffles 100g,lays,,Poca-Lay’s-Ostar-Swing-Orion,35000,0,INACTIVE,,,2026-07-30T02:56:01.512Z,2026-07-30T02:56:59.318Z
e4925b97-cec7-4f09-8b8f-fa0891a6a8e3,SP000334,Bông ngoáy tai Bunny,Không có,,Đồ dùng cá nhân,8000,0,INACTIVE,,,2026-07-30T02:56:01.515Z,2026-07-30T02:56:59.325Z
382b5be6-56d2-47ff-a18e-3ea55bb4b5ca,SP000333,Bàn chải đánh răng người lớn,Không có,,Kem-bàn chải đánh răng,16000,0,INACTIVE,,,2026-07-30T02:56:01.527Z,2026-07-30T02:56:59.332Z
ae2d5aad-80c2-4260-81a1-b0229a0e030f,SP000332,Khăn giấy Tango 1 lốc 10 gói,Tango,,Khăn giấy,5000,1700,ACTIVE,,,2026-07-30T02:56:01.539Z,2026-07-30T02:56:59.335Z
f65aac5c-6831-47bc-9b81-7a4db83bf0e4,SP000331,Bàn chải đánh răng cho em bé,Không có,,Kem-bàn chải đánh răng,19000,0,INACTIVE,,,2026-07-30T02:56:01.548Z,2026-07-30T02:56:59.350Z
4d30aed2-9e0b-4b26-960b-ce4a20083067,8936036025576,Orion Swing Max Bò Nướng Tiêu Đen 63g,orion,,Poca-Lay’s-Ostar-Swing-Orion,15000,8000,INACTIVE,,,2026-07-30T02:56:01.555Z,2026-07-30T02:56:59.357Z
6b7d7b50-6aea-4b1f-9625-779f1822f942,8936036021646,O’star Vị Tảo Biển 56g,orion,,Poca-Lay’s-Ostar-Swing-Orion,15000,8000,INACTIVE,,,2026-07-30T02:56:01.563Z,2026-07-30T02:56:59.360Z
591acd66-be94-4c1d-bcd0-3939846056fa,SP000328,O’star Khoai Tây Tự Nhiên 55g,orion,,Poca-Lay’s-Ostar-Swing-Orion,15000,8000,INACTIVE,,,2026-07-30T02:56:01.566Z,2026-07-30T02:56:59.366Z
4894e381-8801-4ecf-921c-1adfd9163ed8,8936079121167,Lay’s Wavy Vị Phômai Cheddar 90g,lays,,Poca-Lay’s-Ostar-Swing-Orion,24000,16500,ACTIVE,,2026-08-14T16:41:18.521Z,2026-07-30T02:56:01.500Z,2026-08-14T16:41:18.540Z
7670796d-2180-4f1e-8b5d-796be565ba82,SP000324,Kombucha vị Vải Kiwi 250ml,Star Kombucha,,Nước uống có gas,34000,0,INACTIVE,,,2026-07-30T02:56:01.588Z,2026-07-30T02:56:59.380Z
1b9c161e-5f51-432f-9bb5-ca0d5ac7f85c,SP000323,Kombucha vị Dâu tây 250ml,Star Kombucha,,Nước uống có gas,32000,23500,INACTIVE,,,2026-07-30T02:56:01.596Z,2026-07-30T02:56:59.386Z
6df1a131-5c98-4580-8721-0234e18ce3eb,SP000322,Kombucha vị Việt Quất 250ml,Star Kombucha,,Nước uống có gas,34000,0,INACTIVE,,,2026-07-30T02:56:01.599Z,2026-07-30T02:56:59.402Z
b47686e4-be0e-4395-923c-cfd47370942f,SP000321,Kombucha vị Xoài Kiwi 250ml,Star Kombucha,,Nước uống có gas,32000,23500,INACTIVE,,,2026-07-30T02:56:01.602Z,2026-07-30T02:56:59.406Z
5d9fdb5b-020e-4b22-836e-9bc6b8ea270c,SP000320,Kombucha vị Kiwi đỏ 250ml,Star Kombucha,,Nước uống có gas,34000,0,INACTIVE,,,2026-07-30T02:56:01.605Z,2026-07-30T02:56:59.412Z
611bbb9c-bf35-4196-b6d3-1d729882539b,SP000319,bánh chocopie,orion,,Bánh quy-Bánh que,40000,0,INACTIVE,,,2026-07-30T02:56:01.609Z,2026-07-30T02:56:59.424Z
7a2cbeac-eb78-42e8-827a-bc30a6fb8a1d,SP000318,Kombucha vị Mơ 250ml,Star Kombucha,,Nước uống có gas,34000,0,INACTIVE,,,2026-07-30T02:56:01.612Z,2026-07-30T02:56:59.428Z
00df8c4b-8f4b-4173-bcbe-97b3c6d70bcc,8936036029925,Custas bánh kem trứng Orion hộp 188g,orion,,Bánh quy-Bánh que,40000,0,INACTIVE,,,2026-07-30T02:56:01.615Z,2026-07-30T02:56:59.432Z
0df5077b-340f-4dd3-b279-436cf0d568bd,SP000317,Kẹo mềm Play More vị Cola 100g,play more,,kẹo,31000,0,INACTIVE,,,2026-07-30T02:56:01.622Z,2026-07-30T02:56:59.435Z
efeaa8f4-1a8a-4455-b645-b5020f938584,SP000316,Kẹo mềm Play More vị Dâu 100g,play more,,kẹo,31000,0,INACTIVE,,,2026-07-30T02:56:01.625Z,2026-07-30T02:56:59.448Z
f1eca446-1463-4f0a-894e-ca68b9d6cad8,SP000315,Kẹo mềm Play More vị Đào 100g,play more,,kẹo,31000,0,INACTIVE,,,2026-07-30T02:56:01.628Z,2026-07-30T02:56:59.455Z
419501c7-9621-45bf-a10e-38bf9b47bfbb,SP000314,Kẹo dẻo 3D Play More hình trái cây 48g,play more,,kẹo,21000,0,INACTIVE,,,2026-07-30T02:56:01.632Z,2026-07-30T02:56:59.461Z
9ff63b29-7d52-428d-9904-19f354082475,SP000312,Kẹo dẻo 3D Play More hình động vật 48g,play more,,kẹo,21000,0,INACTIVE,,,2026-07-30T02:56:01.657Z,2026-07-30T02:56:59.475Z
cc304533-872f-458e-98d7-cedd0ca3b277,SP000311,bánh marine,orion,,Bánh quy-Bánh que,16000,0,INACTIVE,,,2026-07-30T02:56:01.661Z,2026-07-30T02:56:59.487Z
6b04cb2a-7e40-452d-b700-6e59d07b134d,SP000310,Kẹo dẻo xốp hình hoạt hình dễ thương Peppa Pie,Relkon,,kẹo,35000,0,INACTIVE,,,2026-07-30T02:56:01.676Z,2026-07-30T02:56:59.497Z
ffeec2b1-e1cf-4206-a70d-ff06859b8938,SP000309,bánh marine,orion,,Bánh quy-Bánh que,16000,0,INACTIVE,,,2026-07-30T02:56:01.688Z,2026-07-30T02:56:59.503Z
f5444e21-3a49-48b5-a229-126d3f15be22,SP000308,Kẻo dẻo Play More hình Chùm nho,play more,,kẹo,29000,0,INACTIVE,,,2026-07-30T02:56:01.701Z,2026-07-30T02:56:59.510Z
7b6f82a4-30bd-4a62-b439-8f302bfc4d4d,SP000307,Kẻo dẻo Fua More Burger,FUA MORE,,kẹo,29000,0,INACTIVE,,,2026-07-30T02:56:01.710Z,2026-07-30T02:56:59.514Z
368bc660-7bcb-4ab5-99a0-d7639aeea5fe,SP000306,Kẹo dẻo Play More Jajang 60g,play more,,kẹo,39000,31000,INACTIVE,,,2026-07-30T02:56:01.715Z,2026-07-30T02:56:59.519Z
1624097b-9434-4f64-95b4-3e6073991228,SP000326,Chill Cocktall vị Việt quất 330ml,Goody Group,,Nước uống chứa cồn,27000,18500,INACTIVE,,2026-08-09T14:45:17.401Z,2026-07-30T02:56:01.571Z,2026-08-09T14:45:17.441Z
c025a0b6-37d2-4017-b95b-90bcc3b1d3be,SP000304,Kẹo dẻo Play More vị dưa hấu 55g,play more,,kẹo,34000,0,INACTIVE,,,2026-07-30T02:56:01.746Z,2026-07-30T02:56:59.534Z
4b82afe4-a160-4d82-bb60-eb0197e123c4,SP000303,Kẹo dẻo Play More hình mô hình xanh 64g,play more,,kẹo,34000,25000,ACTIVE,,,2026-07-30T02:56:01.759Z,2026-07-30T02:56:59.538Z
86a2e37e-46ee-46a1-8876-06212eddb405,SP000302,Kẹo dẻo Play More hình mô hình xanh 64g,play more,,kẹo,34000,25000,ACTIVE,,,2026-07-30T02:56:01.765Z,2026-07-30T02:56:59.542Z
345f9b6e-edb3-4d6d-b256-a73140a3fa1c,SP000301,Kẹo chocolate quả trứng Play More 20g,play more,,kẹo,29000,21000,ACTIVE,,,2026-07-30T02:56:01.768Z,2026-07-30T02:56:59.545Z
21a8dbd3-291c-47c7-9b99-5ceeea1df178,SP000300,Kẹo dảo hình Cá 30g,play more,,kẹo,25000,18500,ACTIVE,,,2026-07-30T02:56:01.773Z,2026-07-30T02:56:59.548Z
4488529a-6926-4d18-a51e-85348952f421,SP000299,Kẹo dẻo hình Trứng ốp la 48g,play more,,kẹo,32000,24000,INACTIVE,,,2026-07-30T02:56:01.792Z,2026-07-30T02:56:59.553Z
50c581b3-856e-4f1f-8add-599b816d09e6,SP000298,Mì Shin Kim Chi Gói 120g,NONGSHIM,,Mì bát-ly-gói-hủ tiếu-phở,25000,0,INACTIVE,,,2026-07-30T02:56:01.804Z,2026-07-30T02:56:59.556Z
fb68197c-8dd2-4fdf-bff0-87444918a579,SP000297,Mì chay Nongshim Hộp 67g,NONGSHIM,,Mì bát-ly-gói-hủ tiếu-phở,26000,0,INACTIVE,,,2026-07-30T02:56:01.812Z,2026-07-30T02:56:59.559Z
fa82985f-cb90-4191-b455-082e5524a9df,SP000296,Trà ô lông Hàn Quốc vị Dâu 500ml,Hàn quốc,,Nước trái cây,37000,0,INACTIVE,,,2026-07-30T02:56:01.818Z,2026-07-30T02:56:59.562Z
5d7daee6-6be3-4354-b76c-ceaa92677caf,SP000294,Trà ô lông Hàn Quốc vị Bưởi 500ml,Hàn quốc,,Nước trái cây,37000,0,INACTIVE,,,2026-07-30T02:56:01.830Z,2026-07-30T02:56:59.567Z
7e4ae195-6e96-47d4-b5d8-0afc8ae19dce,SP000293,Trà Ô Lông Hàn Quốc vị Chanh 500ml,Hàn quốc,,Nước trái cây,37000,0,INACTIVE,,,2026-07-30T02:56:01.838Z,2026-07-30T02:56:59.575Z
5a16cd0a-a28a-46d6-b3a2-aea8946c1120,SP000292,Nước ngọt Welxh’s vị nho xanh 355ml,Hàn quốc,,Nước uống có gas,33000,0,INACTIVE,,,2026-07-30T02:56:01.845Z,2026-07-30T02:56:59.578Z
c6492303-7af8-4f40-9568-5f712a04dc7c,SP000291,Nước Soda Hàn Quốc vị Dưa Hấu 350ml,Hàn quốc,,Nước uống có gas,30000,0,INACTIVE,,,2026-07-30T02:56:01.848Z,2026-07-30T02:56:59.580Z
1217169e-c6c1-4f97-8a46-a818b352f300,SP000290,SFC-Soda Vị Dưa Lưới 350ml,Hàn quốc,,Nước uống có gas,30000,0,INACTIVE,,,2026-07-30T02:56:01.852Z,2026-07-30T02:56:59.583Z
bb49920e-6428-4c2a-a4e6-7fe175ed8337,SP000288,"Nước tăng lực Compact 1,5l",Masan,,Nước uống có gas,24000,0,INACTIVE,,,2026-07-30T02:56:01.856Z,2026-07-30T02:56:59.593Z
6a350b24-12a4-4fbd-992a-ca8cf1861416,SP000287,Cà phê hoà tan 3in1 TNI king Coffee Hộp 18 gói x 16g,TNI Kinh Coffee,,Cà phê,75000,0,INACTIVE,,,2026-07-30T02:56:01.860Z,2026-07-30T02:56:59.598Z
6fbf2c5c-5c40-4126-abc4-cf093d55ca06,SP000286,Cà phê hoà tan đen TNI King Coffee Hộp 15gx2g,TNI Kinh Coffee,,Cà phê,35000,0,INACTIVE,,,2026-07-30T02:56:01.863Z,2026-07-30T02:56:59.608Z
dbfc2070-82ea-4eb5-b206-de1827d5c3a1,SP000285,KING COFFEE 3X BOOST ENERGY 3in1 Hộp 12 gói 27g,TNI Kinh Coffee,,Cà phê,75000,0,INACTIVE,,,2026-07-30T02:56:01.869Z,2026-07-30T02:56:59.619Z
fb5fb528-a0fc-4b93-8328-18ef32ffe54f,SP000284,"ESPRESSO KING COFFE HỘP 15 gói 2,5g",TNI Kinh Coffee,,Cà phê,80000,0,INACTIVE,,,2026-07-30T02:56:01.872Z,2026-07-30T02:56:59.626Z
cc15a61a-e247-4996-8db9-d612b5290c55,SP000283,Cà phê đen đá TNI King Coffee 238ml,TNI Kinh Coffee,,Cà phê,18000,0,INACTIVE,,,2026-07-30T02:56:01.875Z,2026-07-30T02:56:59.629Z
6bb6e253-a657-4e33-9c1c-0185bbb47a20,SP000282,Cà phê sữa đá TNI Kinh Coffee 238ml,TNI Kinh Coffee,,Cà phê,18000,0,INACTIVE,,,2026-07-30T02:56:01.878Z,2026-07-30T02:56:59.642Z
3aec1aa7-b0c3-43f0-a664-9bd2ab059b1c,SP000280,Mì tương đen Jin vị bò Ottogi gói 65g,ottogi,,Mì bát-ly-gói-hủ tiếu-phở,9000,0,INACTIVE,,,2026-07-30T02:56:01.892Z,2026-07-30T02:56:59.650Z
04360052-09da-4be4-a5d8-902c76fffade,SP000279,Mì sốt tương đen Jin Jjajang OTTOGI Hộp 115g,ottogi,,Mì bát-ly-gói-hủ tiếu-phở,29000,0,INACTIVE,,,2026-07-30T02:56:01.900Z,2026-07-30T02:56:59.654Z
ffd48b6e-c94f-4929-9751-8d59aece12a3,8935049510673,Coca chai 390ml,Cocacola,,Nước uống có gas,14000,0,INACTIVE,,2026-08-09T19:57:36.732Z,2026-07-30T02:56:01.904Z,2026-08-09T19:57:36.745Z
3d1fc781-ca7b-4712-908f-0e4a93e1cd33,8935023911137,Nước Lipovitan Mật Ong,Nhật,,Nước uống có gas,15000,"7708,34",ACTIVE,,2026-08-08T20:46:48.839Z,2026-07-30T02:56:01.917Z,2026-08-08T20:46:48.860Z
9c9931bc-964d-463c-b820-22bf1f8123d4,4897036692257,Monster Ultra White,Monster energy,,Nước uống có gas,28000,19792,INACTIVE,,2026-08-18T14:42:54.972Z,2026-07-30T02:56:02.022Z,2026-08-18T14:42:54.996Z
78adaf0a-6793-4bdd-9749-a061229eb644,SP000276,Mì Koreno cay cấp độ 7,koreno,,Mì bát-ly-gói-hủ tiếu-phở,13000,7000,ACTIVE,,,2026-07-30T02:56:01.942Z,2026-07-30T02:56:59.694Z
787cb678-c043-4218-b4ce-15dbf2638925,SP000275,Oishi IndoChips Bánh Phồng Cá,oishi,,Oishi,15000,0,INACTIVE,,,2026-07-30T02:56:01.947Z,2026-07-30T02:56:59.699Z
e71c73e5-7c8c-4508-b5ae-667081edfb88,8935001282693,Kirin Ice+ Nước Trái Cây Dưa Lưới,kirin,,Kirin,15000,"6666,67",ACTIVE,,,2026-07-30T02:56:01.955Z,2026-07-30T02:56:59.704Z
a8185135-0b81-4df9-bc76-a086d90518e9,SP000273,kẹo giẻo gummy,Nhật,,kẹo,15000,0,INACTIVE,,,2026-07-30T02:56:01.967Z,2026-07-30T02:56:59.708Z
18c586fd-5bb5-448f-956b-f3cefc261d6d,SP000272,kẹo giẻo gummy,Nhật,,kẹo,15000,0,INACTIVE,,,2026-07-30T02:56:01.979Z,2026-07-30T02:56:59.714Z
59da5e9c-941e-49fe-8653-271a1473280d,SP000271,kẹo giẻo gumi,Nhật,,kẹo,15000,0,INACTIVE,,,2026-07-30T02:56:01.989Z,2026-07-30T02:56:59.717Z
e4833597-80e4-4aac-8756-2b59e0913568,SP000270,kẹo dẻo vải sấy,mogu,,kẹo,22000,0,INACTIVE,,,2026-07-30T02:56:02.003Z,2026-07-30T02:56:59.720Z
90a30c11-db76-4af3-b652-02b8c18b3ee5,SP000269,oreo mini origina,Oreo,,Bánh quy-Bánh que,43000,0,INACTIVE,,,2026-07-30T02:56:02.010Z,2026-07-30T02:56:59.725Z
ff45a2d0-8cdf-41ac-a1b0-863193128d58,SP000268,oero mini chocolate,Oreo,,Bánh quy-Bánh que,45000,0,INACTIVE,,,2026-07-30T02:56:02.014Z,2026-07-30T02:56:59.729Z
49fc46c4-0502-415e-888a-495ea08f8990,SP000267,Soda schweppes,URC Việt Nam,,Nước uống có gas,14000,0,INACTIVE,,,2026-07-30T02:56:02.018Z,2026-07-30T02:56:59.732Z
990dee7b-205c-4e43-879b-42d6c964f579,SP000278,Number 1,number1,,Nước uống có gas,15000,"8416,67",ACTIVE,,2026-08-17T14:06:37.211Z,2026-07-30T02:56:01.924Z,2026-08-17T14:06:37.232Z
03fb4675-5f2a-4551-93d0-a26a95038f4a,SP000265,sữa kun trái cây hương nho lóc,lof,,Sữa-Sữa chua-Sữa dừa,30000,0,INACTIVE,,,2026-07-30T02:56:02.025Z,2026-07-30T02:56:59.741Z
20c95e19-0b85-459c-a3ff-255539fcfeae,SP000264,sữa kun trái cây hương dâu lóc,lof,,Sữa-Sữa chua-Sữa dừa,30000,0,INACTIVE,,,2026-07-30T02:56:02.028Z,2026-07-30T02:56:59.748Z
4b120b03-ef95-4f89-8d52-c883d3fea3a6,SP000262,sữa cun trái cây lóc 4 hôp,lof,,Sữa-Sữa chua-Sữa dừa,30000,0,INACTIVE,,,2026-07-30T02:56:02.036Z,2026-07-30T02:56:59.757Z
903b0d66-2bee-4775-98ad-637aca869a6b,SP000260,sữa đậu nành fami canxi,fami,,Sữa-Sữa chua-Sữa dừa,33000,0,INACTIVE,,,2026-07-30T02:56:02.047Z,2026-07-30T02:56:59.776Z
aa4ce575-9128-4ba9-bcdd-47954f884b00,SP000259,nước mãng cầu thạch dừa,kachen,,Nước trái cây,15000,0,INACTIVE,,,2026-07-30T02:56:02.057Z,2026-07-30T02:56:59.780Z
993e4f26-9f16-473f-ac17-60ef68096a16,SP000258,nước ép dưa lưới,kachen,,Nước trái cây,15000,0,INACTIVE,,,2026-07-30T02:56:02.060Z,2026-07-30T02:56:59.785Z
5a1f6aa4-d97e-4ca1-b050-9c391f055cd0,SP000257,nước măng cụt thạch dừa,kachen,,Nước trái cây,15000,0,INACTIVE,,,2026-07-30T02:56:02.062Z,2026-07-30T02:56:59.797Z
199715b3-9b3d-4cd4-9375-96e664d235b7,SP000256,Vifon-Mì Trộn Tương Đen,vifon,,Mì bát-ly-gói-hủ tiếu-phở,16000,"9747,98",ACTIVE,,,2026-07-30T02:56:02.077Z,2026-07-30T02:56:59.803Z
e48ace3e-38a0-426d-b37d-e27726965110,SP000255,Doublemint thanh sắt,Trung Quốc,,kẹo,29000,0,INACTIVE,,,2026-07-30T02:56:02.091Z,2026-07-30T02:56:59.806Z
b4726523-7fdd-4a1d-9c1c-0271b8db0d31,SP000254,skittles sour,Trung Quốc,,kẹo,7000,0,INACTIVE,,,2026-07-30T02:56:02.101Z,2026-07-30T02:56:59.810Z
5572ed67-545b-428f-be9c-36b99bb62176,SP000253,Bánh Socala Pie Lotte Chocolat 6 gói 169.8g,lotte,,Bánh quy-Bánh que,31000,"19555,55",INACTIVE,,,2026-07-30T02:56:02.112Z,2026-07-30T02:56:59.814Z
8e2f5050-1a4b-4124-bf92-eac323b39f13,SP000252,Fusen nomi Hương Cola Chanh 13.5g,lotte,,kẹo,8000,4000,ACTIVE,,,2026-07-30T02:56:02.116Z,2026-07-30T02:56:59.817Z
70f1f8bf-8c75-4d5f-8715-d9f22a8896b7,SP000251,xúc xích dinh dưỡng ngon ngon 21g,S2,,Thức ăn nhanh,15000,0,INACTIVE,,,2026-07-30T02:56:02.120Z,2026-07-30T02:56:59.820Z
83624a65-7778-4305-be1d-87fd0f691e05,SP000250,Fusen nomi Hương Dâu 13.5g,lotte,,kẹo,8000,4000,ACTIVE,,,2026-07-30T02:56:02.124Z,2026-07-30T02:56:59.822Z
798689bc-9615-4c10-81cc-2575016ac3d2,SP000249,Fusen nomi Hương Cam 13.5g,lotte,,kẹo,8000,4000,ACTIVE,,,2026-07-30T02:56:02.137Z,2026-07-30T02:56:59.824Z
f0307fef-7b24-43e7-a03d-5ae9820e552f,SP000248,"Kẹo Gum Thanh Doraemon 13,5g",lotte,,kẹo,7000,0,INACTIVE,,,2026-07-30T02:56:02.146Z,2026-07-30T02:56:59.827Z
85b27197-103b-44a8-828c-0b7709a5b4ae,SP000247,Hộp xúc xích dinh dưỡng ngon,S2,,Thức ăn nhanh,5000,0,INACTIVE,,,2026-07-30T02:56:02.161Z,2026-07-30T02:56:59.829Z
6db6596e-bb63-4907-85a8-3d7e42a3e7d6,SP000246,kẹo gumy,Thái Lan,,kẹo,8000,0,INACTIVE,,,2026-07-30T02:56:02.167Z,2026-07-30T02:56:59.839Z
8c5f4f9c-dccc-42ce-89f6-d18dbd6bd663,SP000245,kẹo gumy,Thái Lan,,kẹo,6000,0,INACTIVE,,,2026-07-30T02:56:02.172Z,2026-07-30T02:56:59.842Z
fcf7286f-3aac-4f90-918d-d7a1d678e7a8,SP000244,Que Cay Sợi Dẹp To,Trung Quốc,,Ăn vặt,17000,10000,ACTIVE,,,2026-07-30T02:56:02.191Z,2026-07-30T02:56:59.845Z
950b1bc8-075a-41bb-a5be-7df5301fa603,6972940082986,Que Cay Sợi Dẹp Nhỏ,Trung Quốc,,Ăn vặt,17000,10000,INACTIVE,,,2026-07-30T02:56:02.202Z,2026-07-30T02:56:59.856Z
d7519d9c-5695-4a0d-98df-e287ac6580ae,6972940082634,Que Cay Sợi Tròn,Không có,,Ăn vặt,17000,10000,INACTIVE,,2026-08-18T18:47:09.360Z,2026-07-30T02:56:02.208Z,2026-08-18T18:47:09.382Z
e751dd0a-878d-4daf-ab60-c8ed34b464b6,SP000241,kẹo cuôn trái cây,Thái Lan,,kẹo,12000,0,INACTIVE,,,2026-07-30T02:56:02.214Z,2026-07-30T02:56:59.872Z
5173e86e-93b8-4d97-9caf-396fa319bf09,SP000240,Nước hạt é vị Đào 290ml,Basil seed,,Nước é hạt chia,24000,"14166,66",ACTIVE,,,2026-07-30T02:56:02.217Z,2026-07-30T02:56:59.876Z
1a5b5598-8eed-43f8-b223-bf0ca5f36de4,SP000239,Táo đỏ vỏ quýt sấy,Fruit Ocean,,trái cây sấy,13000,0,INACTIVE,,,2026-07-30T02:56:02.221Z,2026-07-30T02:56:59.888Z
33bbe578-ce0f-4d91-b80a-3f81591d75a4,SP000238,Mận chua đen,Fruit Ocean,,trái cây sấy,13000,0,INACTIVE,,,2026-07-30T02:56:02.225Z,2026-07-30T02:56:59.901Z
cd8fa5ef-3916-4813-a61f-62bfee7c54fa,SP000237,Nho hương phi,Fruit Ocean,,trái cây sấy,13000,0,INACTIVE,,,2026-07-30T02:56:02.229Z,2026-07-30T02:56:59.913Z
a3e1f540-cf51-491e-a390-afff80eeaefd,SP000234,Mận anh đào,Fruit Ocean,,trái cây sấy,13000,0,INACTIVE,,,2026-07-30T02:56:02.246Z,2026-07-30T02:56:59.925Z
fb44a59d-64f9-4361-845a-dcc64ec3dec4,SP000233,Mận sấy vị cherry,Fruit Ocean,,trái cây sấy,38000,0,INACTIVE,,,2026-07-30T02:56:02.253Z,2026-07-30T02:56:59.933Z
097f0b9c-f73b-4877-8022-8f54499f9c04,SP000232,Mận chua hạt,Fruit Ocean,,trái cây sấy,38000,0,INACTIVE,,,2026-07-30T02:56:02.258Z,2026-07-30T02:56:59.936Z
74c9ba58-82b2-4355-966b-9c942aa3372c,SP000231,Đào vàng giòn,Fruit Ocean,,trái cây sấy,38000,0,INACTIVE,,,2026-07-30T02:56:02.262Z,2026-07-30T02:56:59.948Z
be03ea23-d4c1-47f4-ac60-3d67c5283ea7,SP000230,Bưởi sấy,Fruit Ocean,,trái cây sấy,38000,0,INACTIVE,,,2026-07-30T02:56:02.274Z,2026-07-30T02:56:59.954Z
a8467d37-ec7c-43c8-b600-066144004539,8938364892134,Đào vàng giòn,Bảo Hưng,,trái cây sấy,38000,0,INACTIVE,,,2026-07-30T02:56:02.285Z,2026-07-30T02:56:59.964Z
65db85e4-de84-46db-b5b8-0b5a8e6f0f53,SP000229,yeo’s đậu nành,2Mart,,Yeo's,18000,0,INACTIVE,,,2026-07-30T02:56:02.290Z,2026-07-30T02:56:59.968Z
c9490cc7-bef2-4fdc-b32d-df15e98d8f63,9556156040519,Yeo's Trà hoa cúc 330ml,2Mart,,Yeo's,18000,0,INACTIVE,,,2026-07-30T02:56:02.296Z,2026-07-30T02:56:59.979Z
c39107d8-9bef-4d87-b84d-0fb1e87ba8a8,SP000228,Miliket Mì Trộn Phômai Hàn Quốc,2Mart,,Mì bát-ly-gói-hủ tiếu-phở,16000,"10756,4",INACTIVE,,,2026-07-30T02:56:02.308Z,2026-07-30T02:56:59.984Z
0e42b950-8841-4114-a297-df340afa4a61,8934579301522,Miliket Mì Trộn Spagetti,2Mart,,Mì bát-ly-gói-hủ tiếu-phở,16000,"10744,5",INACTIVE,,,2026-07-30T02:56:02.317Z,2026-07-30T02:57:00.001Z
d101f87e-7d9f-4ef4-a0a4-b2320f16aa6c,8938554662264,Lương khô hạnh nhân 280g ăn kiêng,2Mart,,Ăn vặt,37000,0,INACTIVE,,,2026-07-30T02:56:02.321Z,2026-07-30T02:57:00.013Z
7063e7bc-5a2b-461e-86ca-85366ca960b4,8938554662240,Lương khô ăn kiêng hạnh nhân 140g,2Mart,,Ăn vặt,22000,0,INACTIVE,,,2026-07-30T02:56:02.331Z,2026-07-30T02:57:00.019Z
22881c67-8392-487e-9fef-c4812827ba7c,8938554662271,Lương khô ăn kiêng ốc chó 280g,2Mart,,Ăn vặt,37000,0,INACTIVE,,,2026-07-30T02:56:02.346Z,2026-07-30T02:57:00.024Z
3318f7a7-8d43-4d91-a0ca-76de3a11af8c,8938554662127,Lương khô hạt điều 280g,2Mart,,Ăn vặt,37000,0,INACTIVE,,,2026-07-30T02:56:02.353Z,2026-07-30T02:57:00.027Z
a41e00b4-c3fc-4f14-9d2a-79c569944f58,8938554662202,HC lương khô ngũ cốc ăn kiêng 280g T20GÓI,2Mart,,Ăn vặt,37000,0,INACTIVE,,,2026-07-30T02:56:02.365Z,2026-07-30T02:57:00.032Z
4281a063-48f4-4280-9340-305e49c8dadc,8938554662196,Luong kho hai chau du vi 140g,2Mart,,Ăn vặt,22000,0,INACTIVE,,,2026-07-30T02:56:02.375Z,2026-07-30T02:57:00.035Z
f1357af0-f7ab-4fff-8fc4-c325c518037c,SP000236,Nước hạt é vị Kiwi 290ml,Basil seed,,Nước é hạt chia,24000,0,INACTIVE,,,2026-07-30T02:56:02.233Z,2026-08-03T13:55:01.344Z
e8b36af6-aab1-43d6-9fe2-33233bb5f263,8938554662110,Lương khô hạt điều 140g,2Mart,,Ăn vặt,22000,0,INACTIVE,,,2026-07-30T02:56:02.385Z,2026-07-30T02:57:00.041Z
a57a2abc-bb89-4cab-9d71-d53ef1ef8633,8938660138264,Xúc Xích Minion Sốt Bò Nướng,2Mart,,Thức ăn nhanh,6500,0,INACTIVE,,,2026-07-30T02:56:02.395Z,2026-07-30T02:57:00.044Z
3e73872b-a347-41a3-88eb-266ecde334fa,8938660138257,Xúc Xích Minion Sụn Gà Giòn,2Mart,,Thức ăn nhanh,6500,0,INACTIVE,,,2026-07-30T02:56:02.397Z,2026-07-30T02:57:00.047Z
5bbb79c3-f48b-4984-944c-a30f68de9afb,8934803026122,Oishi Snack Phomat Miếng,2Mart,,Oishi,15000,7300,ACTIVE,,2026-08-18T18:31:34.995Z,2026-07-30T02:56:02.579Z,2026-08-18T18:31:35.029Z
26d78ff9-02bf-4511-96b7-62ed50639471,8935342400862,Nước ép daiya vị dưa hấu 150ml,2Mart,,Nước trái cây,15000,0,INACTIVE,,,2026-07-30T02:56:02.410Z,2026-07-30T02:57:00.057Z
cc8f330a-04f0-4493-864a-1f496cdf6ad0,8935342400800,Nước trái cây Daiya Fancy vải 150ml,2Mart,,Nước trái cây,15000,0,INACTIVE,,,2026-07-30T02:56:02.416Z,2026-07-30T02:57:00.060Z
8651f650-b2dd-4c4e-8fc9-b607c830c754,8935342400794,Nước daiya xanh lá vị nho Phượng,2Mart,,Nước trái cây,15000,0,INACTIVE,,,2026-07-30T02:56:02.427Z,2026-07-30T02:57:00.062Z
3faf3d96-4457-4da2-b1de-43045747ab6e,8935342400879,Nước ép daiya vị dâu túi 150ml,2Mart,,Nước trái cây,15000,0,INACTIVE,,,2026-07-30T02:56:02.438Z,2026-07-30T02:57:00.071Z
5812e21e-c564-4ed1-85f4-f3b27dab935c,8935304200585,Tokpokki O'food vị chua ngọt 105g,o'Food,,Tokpokki,31000,0,INACTIVE,,,2026-07-30T02:56:02.447Z,2026-07-30T02:57:00.080Z
0ba23b6d-654f-4c29-961b-4f0cd889ebe2,8809041428840,Nước gạo OKF - Rice Milk,2Mart,,Sữa-Sữa chua-Sữa dừa,34000,21500,INACTIVE,,,2026-07-30T02:56:02.452Z,2026-07-30T02:57:00.085Z
4a9a7f42-7d57-4424-894c-f82104e8366e,SP000226,snack vị xúc xích nướng talaethong 200g,2Mart,,Bánh quy-Bánh que,40000,0,INACTIVE,,,2026-07-30T02:56:02.456Z,2026-07-30T02:57:00.091Z
335e949f-b358-49f5-88e6-1d0951055116,8936136168074,Tea 365 Hồng Trà Đào,2Mart,,Nước trái cây,14000,0,INACTIVE,,,2026-07-30T02:56:02.459Z,2026-07-30T02:57:00.098Z
2cca6574-6f89-406d-8030-71c4e9a5e4fe,8934803041323,Oishi Flutes Khoai Tây Vị Muối,oishi,,Oishi,15000,7300,ACTIVE,,2026-08-16T17:42:47.335Z,2026-07-30T02:56:02.570Z,2026-08-16T17:42:47.359Z
39243c35-5667-4538-84ae-c29f7584cc40,SP000224,Kirin Latte Vị Mãng Cầu 440ml,kirin,,Kirin,15000,7500,ACTIVE,,2026-08-19T17:10:53.967Z,2026-07-30T02:56:02.482Z,2026-08-19T17:10:53.994Z
7631618f-c40b-4d32-976a-a95a304bc281,8934564600944,C2 Vị Ổi Hồng Chanh Dây 455ml,2Mart,,C2,15000,"7708,33",INACTIVE,,,2026-07-30T02:56:02.485Z,2026-07-30T02:57:00.119Z
dd6d7c98-0957-425c-a35a-b4d93e6d13d1,8931654643157,GIẢM GIÁ 25.000 còn 17.000,2Mart,,Cơm,17000,0,INACTIVE,,,2026-07-30T02:56:02.489Z,2026-07-30T02:57:00.130Z
5e139db5-74d5-4960-a623-0c24bf355491,8936221041015,Compact dâu,2Mart,,Nước uống có gas,13500,0,INACTIVE,,,2026-07-30T02:56:02.493Z,2026-07-30T02:57:00.134Z
8a62a7ae-c2a9-4112-a1ec-e5a621ac3560,8938508429127,Bia ruby 330ml,2Mart,,Nước uống chứa cồn,16000,0,INACTIVE,,,2026-07-30T02:56:02.507Z,2026-07-30T02:57:00.137Z
84dc63c8-bbab-4497-b4b3-f87a8b23618e,SP000225,Kirin Latte Vị Đào Sữa 440ml,kirin,,Kirin,15000,7500,ACTIVE,,2026-08-15T12:54:15.975Z,2026-07-30T02:56:02.473Z,2026-08-15T12:54:15.987Z
c4fbf54f-9c4d-415b-8a54-e7ffcdc7033d,SP000222,snack đùi gà,2Mart,,Bánh quy-Bánh que,42000,0,INACTIVE,,,2026-07-30T02:56:02.520Z,2026-07-30T02:57:00.154Z
8147e227-619e-4efe-b2f2-5462c9633133,4897106554102,Bánh mì tam giác,2Mart,,Bánh mì,18000,12000,ACTIVE,,,2026-07-30T02:56:02.524Z,2026-07-30T02:57:00.159Z
c9ce784d-8aee-4a90-8dd4-654b70745113,8850157401494,Bento Hải Sản Tẩm Gia Vị Larb Cay,2Mart,,Đồ khô nhăm nhi,26000,"13999,58",ACTIVE,,,2026-07-30T02:56:02.533Z,2026-07-30T02:57:00.162Z
8ad60f53-63a4-4d48-aa4c-64ea96f9d032,8934803026078,Oishi Snack Bắp Ngọt,2Mart,,Oishi,15000,7300,ACTIVE,,2026-08-14T16:47:14.591Z,2026-07-30T02:56:02.592Z,2026-08-14T16:47:14.611Z
61fc1349-9247-46a3-b6f1-d79309d7ab70,8934803023732,Oishi Pinattsu Đậu Phộng Da Cá Vị Cốt Dừa,oishi,,Oishi,15000,0,INACTIVE,,,2026-07-30T02:56:02.542Z,2026-07-30T02:57:00.177Z
37740099-c8d7-4464-9f6f-19f8b64f1d3e,8934803055290,Oishi Gạo Haku 27.000->19.000,oishi,,Oishi,19000,0,INACTIVE,,,2026-07-30T02:56:02.563Z,2026-07-30T02:57:00.208Z
ed22b16f-d99a-41de-99f8-9f6f67a3d8dd,8934803042634,Oishi Tomati Snack Cà Chua,oishi,,Oishi,15000,7300,ACTIVE,,2026-08-19T05:44:32.245Z,2026-07-30T02:56:02.606Z,2026-08-19T05:44:32.266Z
c144e34d-e24d-4e99-a5fb-66bdf5951fc9,8934803053524,Oishi Snack Vị Dưa Leo,oishi,,Oishi,15000,7300,ACTIVE,,2026-08-12T21:03:15.057Z,2026-07-30T02:56:02.576Z,2026-08-12T21:03:15.076Z
876efe29-60d0-40ba-84dc-0a0a09fd0584,8935001282297,Kirin Latte Vị Sữa Dâu 440ml,kirin,,Kirin,15000,"7499,81",ACTIVE,,2026-08-19T12:52:30.099Z,2026-07-30T02:56:02.461Z,2026-08-19T12:52:30.113Z
46d44e34-4376-4e38-b83f-8d7304b376d3,8934803071108,Oishi Pillows Nhân Socola Vị Hazelnut,2Mart,,Oishi,15000,"8416,67",ACTIVE,,2026-08-19T17:13:14.965Z,2026-07-30T02:56:02.537Z,2026-08-19T17:13:14.976Z
f67955b0-0df2-48ec-8e2c-a2c789b05253,8936011779784,Sữa Chua Dẻo Vị Phúc Bồn Tử,2Mart,,Kem Ăn,7000,0,INACTIVE,,2026-08-18T18:21:59.479Z,2026-07-30T02:56:02.401Z,2026-08-18T18:21:59.502Z
67fce01f-2b8a-4fd7-ba40-78e3fc1fc2fa,8936028643061,Koreno-Mì Trộn Bò Xào Cay,2Mart,,Mì bát-ly-gói-hủ tiếu-phở,13000,0,INACTIVE,,,2026-07-30T02:56:02.612Z,2026-07-30T02:57:00.240Z
eb4f6a10-2112-417b-9f0f-386f167b284f,8936036020977,Orion Swing Vị Bít Tết Kiểu NewYork 35g,2Mart,,Poca-Lay’s-Ostar-Swing-Orion,8000,0,INACTIVE,,,2026-07-30T02:56:02.616Z,2026-07-30T02:57:00.245Z
768dad9b-ec10-41b1-9cdd-09228ca0efba,8936036021660,Orion Swing Vị Bít Tết Kiểu NewYork 55g,2Mart,,Poca-Lay’s-Ostar-Swing-Orion,15000,8000,INACTIVE,,,2026-07-30T02:56:02.623Z,2026-07-30T02:57:00.251Z
788632eb-5751-458b-83f8-a24f5a4fc025,8936036024739,Orion Swing Vị Gà Teriyaki Osaka 55g,2Mart,,Poca-Lay’s-Ostar-Swing-Orion,15000,8000,INACTIVE,,,2026-07-30T02:56:02.630Z,2026-07-30T02:57:00.268Z
dd4b5599-ccca-46b7-8d87-c11e160b6d22,8936036027860,Orion Swing Vị Phômai 2 Lớp Chee-z 30g,2Mart,,Poca-Lay’s-Ostar-Swing-Orion,9000,0,INACTIVE,,,2026-07-30T02:56:02.644Z,2026-07-30T02:57:00.273Z
ca8056c7-705a-4b63-828c-d446eb419de2,8936036024692,Orion Swing Vị Gà Teriyaki 35g,2Mart,,Poca-Lay’s-Ostar-Swing-Orion,9000,0,INACTIVE,,,2026-07-30T02:56:02.649Z,2026-07-30T02:57:00.275Z
0e271674-f2af-472c-9358-2ef23255fe9b,8936029421385,Orion Toonies Vị Socola 32g,2Mart,,Poca-Lay’s-Ostar-Swing-Orion,7500,0,INACTIVE,,,2026-07-30T02:56:02.652Z,2026-07-30T02:57:00.278Z
9141e6ba-af71-4829-a4a1-771b046bc7be,8936029421378,Orion Toonies Vị Gà Rán 32g,2Mart,,Poca-Lay’s-Ostar-Swing-Orion,7500,0,INACTIVE,,,2026-07-30T02:56:02.656Z,2026-07-30T02:57:00.286Z
0385dbce-36f9-49d1-9d26-074ac06c7b23,8934840000093,Nước khoáng chanh Lemona 500ml,2Mart,,Nước bù khoáng,13000,4792,INACTIVE,,2026-08-19T12:52:30.099Z,2026-07-30T02:56:02.516Z,2026-08-19T12:52:30.113Z
72287c82-def9-4a07-8923-7ffcfce3d38d,8936029421941,Kẹo Dẻo Boom Vị Kinh Chun,2Mart,,kẹo,7000,0,INACTIVE,,,2026-07-30T02:56:02.661Z,2026-07-30T02:57:00.304Z
c09499b2-4e06-4822-989f-20f4c41bb2cf,8936029422443,Orion Swing Max Vị Sốt Cay Ngọt 52g,2Mart,,Poca-Lay’s-Ostar-Swing-Orion,15000,0,INACTIVE,,,2026-07-30T02:56:02.665Z,2026-07-30T02:57:00.309Z
283f6e9f-9239-4d68-86d3-17f9d8dbb293,8935342400459,Bento Hải Sản Namprik Thái Truyền Thống,2Mart,,Đồ khô nhăm nhi,26000,"12922,6",ACTIVE,,2026-08-19T15:09:38.415Z,2026-07-30T02:56:02.734Z,2026-08-19T15:09:38.447Z
5f71f5eb-1c25-4e32-a09b-ea6e33118896,8904286201880,Kẹo Mút Milky Sữa,2Mart,,kẹo,1500,0,INACTIVE,,,2026-07-30T02:56:02.676Z,2026-07-30T02:57:00.326Z
c6002b19-3579-44fe-82a0-098bf662eaf0,8888336008936,Băng vệ sinh Kotex khô thoáng siêu mỏng cánh 8 miếng,2Mart,,Đồ dùng cá nhân,28000,18125,ACTIVE,,,2026-07-30T02:56:02.684Z,2026-07-30T02:57:00.331Z
87be8739-3686-4b6a-97e8-515d7af509ab,8888826016182,Gillette lưỡi dao vector 2SX480,2Mart,,Đồ dùng cá nhân,35000,0,INACTIVE,,,2026-07-30T02:56:02.696Z,2026-07-30T02:57:00.335Z
eba13561-cf03-4741-9f60-3e9fc10b2851,8934803026788,Oishi Snack Vị Hành,oishi,,Oishi,15000,7300,ACTIVE,,2026-08-17T19:13:38.298Z,2026-07-30T02:56:02.808Z,2026-08-17T19:13:38.326Z
f665cb4c-4aaf-4bbf-a899-60353a605b3e,4893776000772,Kem đánh răng Sensodyne whitening 100g,2Mart,,Kem-bàn chải đánh răng,65000,0,INACTIVE,,,2026-07-30T02:56:02.708Z,2026-07-30T02:57:00.346Z
19e2e904-c211-4b49-bc44-f4c7151925ed,SP000221,Cơm cháy tiến vua,2Mart,,Cơm,36000,0,INACTIVE,,,2026-07-30T02:56:02.714Z,2026-07-30T02:57:00.352Z
c842119a-22be-4011-b893-16b6f0ca1a2a,SP000219,Mứt dừa sấy,2Mart,,Ăn vặt,65000,0,INACTIVE,,,2026-07-30T02:56:02.718Z,2026-07-30T02:57:00.358Z
f2f338a1-cd1e-4afc-aee3-c8ed523c6e06,SP000217,Bắp xấy giòn,2Mart,,Ăn vặt,45000,0,INACTIVE,,,2026-07-30T02:56:02.723Z,2026-07-30T02:57:00.368Z
e6829efc-b63d-4909-987f-c07afb7733d4,SP000216,Thập cẩm sấy,2Mart,,Ăn vặt,70000,0,INACTIVE,,,2026-07-30T02:56:02.728Z,2026-07-30T02:57:00.371Z
b54a6224-0990-4d26-8106-f924b7c44710,8935001230014,Wonderfarm Vị Chanh Dây 320ml,2Mart,,Nước trái cây,15000,"6343,75",ACTIVE,,,2026-07-30T02:56:02.731Z,2026-07-30T02:57:00.381Z
a7027ad9-6bf8-4e9a-8f0f-7cd3f8f0ca94,4897036693636,Monster Ultra Paradise,2Mart,,Nước uống có gas,28000,"19791,67",INACTIVE,,2026-08-19T15:11:52.928Z,2026-07-30T02:56:02.669Z,2026-08-19T15:11:52.940Z
e23e6064-fa61-415e-a5cf-6998c9fa0aee,9556182017264,Cadbury Dairy Milk 15g,2Mart,,kẹo,10000,0,INACTIVE,,,2026-07-30T02:56:02.744Z,2026-07-30T02:57:00.398Z
02030053-653e-4b3d-8a65-8d094f8a4db3,7614500010617,Chocolate đen mật ong hạnh nhân Thanh Toblerone,2Mart,,kẹo,70000,0,INACTIVE,,,2026-07-30T02:56:02.750Z,2026-07-30T02:57:00.405Z
549451a5-d2ad-4485-aedb-02f8b15a7369,7614500010013,Socola sữa Toblerone mật ong & hạnh nhân 100g,2Mart,,Ăn vặt,70000,0,INACTIVE,,,2026-07-30T02:56:02.754Z,2026-07-30T02:57:00.414Z
528408ef-7baf-43bf-add4-dc68a6625cc2,7622210410511,Cadbury dairy nut chocolate,2Mart,,kẹo,83000,0,INACTIVE,,,2026-07-30T02:56:02.762Z,2026-07-30T02:57:00.422Z
f5b8e6d7-e6ff-4bfb-92fb-35565e31d146,7622210410474,Chocolate Cadbury Dairy Milk,2Mart,,kẹo,83000,0,INACTIVE,,,2026-07-30T02:56:02.764Z,2026-07-30T02:57:00.425Z
222c8fa9-cb10-4ac6-b04c-7ed6a8a5640c,7622210816887,Chocolate Hạnh Nhân Cadbury Dairy Milk,2Mart,,kẹo,57000,0,INACTIVE,,,2026-07-30T02:56:02.767Z,2026-07-30T02:57:00.429Z
166233cf-4594-47d0-b964-4edd42483528,7622210816634,Chocolate sữa Cadbury Dairy Milk 100g,2Mart,,kẹo,57000,0,INACTIVE,,,2026-07-30T02:56:02.770Z,2026-07-30T02:57:00.437Z
b17e2416-5919-4838-b0e8-199c25972e37,9556182104018,Cadbury Dairy Milk roast almond 40g,2Mart,,Ăn vặt,25000,0,INACTIVE,,,2026-07-30T02:56:02.784Z,2026-07-30T02:57:00.451Z
91321842-90e4-4263-844d-91219bb68a2f,9556182104049,Socola sữa Cadbury Dairy Milk 40g,2Mart,,Ăn vặt,25000,0,INACTIVE,,,2026-07-30T02:56:02.794Z,2026-07-30T02:57:00.460Z
ecc70fe8-28bd-4674-848e-c153c99f8df2,9556182104001,Chocolate Cadbury Dairy Milk 37g,2Mart,,kẹo,25000,0,INACTIVE,,,2026-07-30T02:56:02.799Z,2026-07-30T02:57:00.470Z
7505ec93-3df5-4052-ab26-065be6b869fd,7534844053869,Oishi IndoChips Bánh Phồng Tôm Hùm 68g,oishi,,Oishi,15000,0,INACTIVE,,,2026-07-30T02:56:02.813Z,2026-07-30T02:57:00.485Z
fa895a61-802a-4e4d-b83b-adbc7359a2db,8934803043730,Oishi Pinattsu Đậu Phộng Vị Nước Cốt Dừa,2Mart,,Oishi,15000,8000,INACTIVE,,,2026-07-30T02:56:02.822Z,2026-07-30T02:57:00.490Z
d786e3a9-b4af-4fdd-9bf6-1a51a952052e,8934563653132,Mì ly Hảo Hảo Tomyum,2Mart,,Mì bát-ly-gói-hủ tiếu-phở,15000,"8333,33",INACTIVE,,,2026-07-30T02:56:02.826Z,2026-07-30T02:57:00.495Z
ecc1ba6a-dff0-4dc7-868d-c4a07d2feb0f,8859470510104,Snack mực vị xúc xích nướng Talaethong 100g,2Mart,,Đồ khô nhăm nhi,25000,0,INACTIVE,,,2026-07-30T02:56:02.839Z,2026-07-30T02:57:00.512Z
50fc2cc2-df5a-4f4d-9f68-496846db42ad,8850157403283,Bento Hải Sản Tẩm Gia Vị Mexican Barbeque,2Mart,,Đồ khô nhăm nhi,26000,"13999,61",ACTIVE,,,2026-07-30T02:56:02.849Z,2026-07-30T02:57:00.520Z
a735e353-f8e7-4398-b0ab-7b8694cc9562,9555316105679,Nước trái cây Ice zzang vị táo,YOGEE,,Nước trái cây,16000,11000,ACTIVE,,,2026-07-30T02:56:02.854Z,2026-07-30T02:57:00.524Z
750249c5-f9b6-4e9d-a3e5-1b42fa1a018f,9555316105686,Nước trái cây có thạch Ice zzang 120g,YOGEE,,Nước trái cây,16000,0,ACTIVE,,,2026-07-30T02:56:02.858Z,2026-07-30T02:57:00.537Z
84562dfb-955b-4d66-95c7-e2d1d8a03359,6394132897219,Bàn chải đánh răng,2Mart,,Kem-bàn chải đánh răng,20000,0,INACTIVE,,,2026-07-30T02:56:02.861Z,2026-07-30T02:57:00.546Z
a7448745-0153-4e62-b0c9-1e631c12c252,6931116600034,Gà ngọt,2Mart,,Ăn vặt,5000,0,INACTIVE,,,2026-07-30T02:56:02.864Z,2026-07-30T02:57:00.550Z
4718f812-d1a2-4bdd-8d18-abf66db6db8e,8888826016175,Gillette dao cạo vector 1UP,2Mart,,Đồ dùng cá nhân,34000,0,INACTIVE,,2026-08-16T16:38:14.617Z,2026-07-30T02:56:02.704Z,2026-08-16T16:38:14.638Z
7a20c5d3-1832-439d-980e-48b78f8a2883,6972821241631,Que cay Hàn Quốc 70g,2Mart,,Ăn vặt,17000,0,INACTIVE,,,2026-07-30T02:56:02.872Z,2026-07-30T02:57:00.555Z
5f64350a-2455-4a01-b459-3b597203ba63,6972821245134,Que cay monkey,2Mart,,Ăn vặt,17000,0,INACTIVE,,,2026-07-30T02:56:02.876Z,2026-07-30T02:57:00.560Z
6c2596ce-038b-4ce9-a804-525d77e0a4a1,SP000212,Cà phê đen,2Mart,,Cà phê,15000,0,INACTIVE,,,2026-07-30T02:56:02.879Z,2026-07-30T02:57:00.564Z
bc27bc41-9306-45e3-98cd-bf86e97069a4,SP000211,Cà phê sữa,2Mart,,Cà phê,15000,0,INACTIVE,,,2026-07-30T02:56:02.896Z,2026-07-30T02:57:00.567Z
d5611bb1-5a5e-4bcc-8120-a5d336df638a,8934803071085,Oishi tôm cay nồng 70g,oishi,,Oishi,15000,0,INACTIVE,,,2026-07-30T02:56:02.915Z,2026-07-30T02:57:00.577Z
1c286cfa-3a23-43cb-81f0-619bc6bcb6a0,8934803071337,Oshi tôm xốt tương mật ong,2Mart,,Oishi,15000,8000,ACTIVE,,,2026-07-30T02:56:02.919Z,2026-07-30T02:57:00.594Z
740efb0d-2f58-4534-b312-27c22fc4f2f4,8934803042276,Oishi Snack Tôm Đặc Biệt,oishi,,Oishi,15000,7300,ACTIVE,,2026-08-18T13:12:38.409Z,2026-07-30T02:56:02.931Z,2026-08-18T13:12:38.430Z
53748c9e-beed-4e78-b229-d558132f7431,8934803042481,Oishi Snack Mực Ống,2Mart,,Oishi,15000,7300,ACTIVE,,2026-08-18T12:38:38.511Z,2026-07-30T02:56:02.938Z,2026-08-18T12:38:38.523Z
e19b2a1c-b3c6-4a8c-9607-d7eecccae7b9,8934803042283,Oishi Snack Cua Vị Sốt Chua Ngọt,oishi,,Oishi,15000,7300,ACTIVE,,2026-08-17T08:25:55.912Z,2026-07-30T02:56:03.274Z,2026-08-17T08:25:55.949Z
840eef93-257e-4e89-a728-f1ac047764b7,6975671722350,Sữa chua dâu,2Mart,,Sữa-Sữa chua-Sữa dừa,20000,0,INACTIVE,,,2026-07-30T02:56:02.950Z,2026-07-30T02:57:00.630Z
3bfecd46-35af-44d1-946d-35053f60b6f8,6959011900929,Bánh mỳ đĩa,gold record,,Bánh mì,19900,0,INACTIVE,,,2026-07-30T02:56:02.954Z,2026-07-30T02:57:00.634Z
88f79d36-1ae1-4dd5-8b83-0a1d6f572033,8938549708182,Bánh Tráng Trộn Vị Phômai,miss bánh tráng,,Ăn vặt,15000,7500,ACTIVE,,,2026-07-30T02:56:02.967Z,2026-07-30T02:57:00.649Z
a03f4441-4eea-4850-8bce-e4266d162a82,8935001282310,Kirin Ice+ Nước Trái Cây Đào,kirin,,Kirin,15000,"6666,66",ACTIVE,,2026-08-19T12:49:23.261Z,2026-07-30T02:56:03.059Z,2026-08-19T12:49:23.282Z
67584067-3ce4-4813-9b5d-cf61f311e0ee,8936079123833,Snack Lay's Max Vị Bò Wagyu 75g,lays,,Poca-Lay’s-Ostar-Swing-Orion,24000,16500,ACTIVE,,,2026-07-30T02:56:02.986Z,2026-07-30T02:57:00.667Z
c428702c-c74b-4821-96a3-474efa8760ce,8936079123307,Poca Que Giòn Sườn Nướng BBQ 30g,poca,,Poca-Lay’s-Ostar-Swing-Orion,15000,0,INACTIVE,,,2026-07-30T02:56:03.003Z,2026-07-30T02:57:00.672Z
723e5c7a-053c-466f-84a0-e90430d3e03b,8934588870118,Trà Ô Long TeaPlus 320ml,tea plus,,Nước trái cây,15000,5625,INACTIVE,,2026-08-18T13:34:18.613Z,2026-07-30T02:56:03.074Z,2026-08-18T13:34:18.646Z
85075fe5-5654-4567-ab09-3fabe2194c6e,8801043650625,Welch'S Grape Nho Xanh 335ml,2Mart,,Nước uống có gas,30000,17000,INACTIVE,,,2026-07-30T02:56:03.026Z,2026-07-30T02:57:00.680Z
0835af71-bc69-40bd-9f8c-a1a7cbdb5033,8801043450690,Welch'S Grape Nho Tím 355ml,2Mart,,Nước uống có gas,30000,17000,INACTIVE,,,2026-07-30T02:56:03.037Z,2026-07-30T02:57:00.690Z
f08d19e6-a8dd-4eb0-90ef-b28ee496a4f5,8801043450706,Welch'S Grape Dâu 355ml,2Mart,,Nước uống có gas,30000,0,INACTIVE,,,2026-07-30T02:56:03.044Z,2026-07-30T02:57:00.693Z
6ca1ecc3-7cfd-46ba-90b8-27c3e5235c58,8938549708175,Bánh Tráng Trộn Vị Chanh Sả,miss bánh tráng,,Ăn vặt,15000,7500,INACTIVE,,2026-08-19T16:08:00.143Z,2026-07-30T02:56:02.976Z,2026-08-19T16:08:00.154Z
c5a09d96-0235-49f9-a24a-a9125f33bac4,8934803024814,Oishi IndoChips Bánh Phồng Mực,oishi,,Oishi,15000,7300,ACTIVE,,2026-08-19T18:15:11.340Z,2026-07-30T02:56:03.257Z,2026-08-19T18:15:11.380Z
6c2eefcd-cc4c-4340-990f-743efa453fde,8936049053061,Mì tô Ottogi kim Chi,ottogi,,Mì bát-ly-gói-hủ tiếu-phở,28000,0,INACTIVE,,,2026-07-30T02:56:03.070Z,2026-07-30T02:57:00.723Z
14fec92f-d39a-4b63-95c0-2d5a64b2fb65,8934803070347,Oishi Snack Bắp Vị Socola 68g,oishi,,Oishi,15000,7300,ACTIVE,,2026-08-16T17:09:19.938Z,2026-07-30T02:56:03.281Z,2026-08-16T17:09:19.957Z
20465151-9522-4d3c-8844-856d08aaee58,8936029422054,Túi quà snack Orion,orion,,Poca-Lay’s-Ostar-Swing-Orion,40000,0,INACTIVE,,,2026-07-30T02:56:03.078Z,2026-07-30T02:57:00.746Z
61781a64-96e8-411c-ac84-a644245d56ec,8935001718987,Kẹo mút cola,2Mart,,kẹo,5000,0,INACTIVE,,,2026-07-30T02:56:03.091Z,2026-07-30T02:57:00.749Z
9419ee70-6dee-4064-8dd7-534107fba345,8935001719007,Kẹo mút big babol chupa chups Việt quốc,2Mart,,kẹo,5000,0,INACTIVE,,,2026-07-30T02:56:03.107Z,2026-07-30T02:57:00.753Z
6fd46dbd-5122-4b91-adcb-7814f269fa81,8935001718994,Kẹo mút big babol chupa chups dâu,2Mart,,kẹo,5000,0,INACTIVE,,,2026-07-30T02:56:03.118Z,2026-07-30T02:57:00.755Z
00982557-26c8-45e9-9a1d-6c633006f477,8935001708469,Kẹo mút dâu alpeibebe,2Mart,,kẹo,5000,0,INACTIVE,,,2026-07-30T02:56:03.125Z,2026-07-30T02:57:00.762Z
206e0ff8-b400-4c89-8814-734253142047,8935001718369,Kẹo mút alpenliben 1 chiếc,2Mart,,kẹo,5000,0,INACTIVE,,,2026-07-30T02:56:03.134Z,2026-07-30T02:57:00.765Z
210ced33-b7fe-4b47-95e0-79c0f5a65202,8938545500650,Xúc xích chubby 70% thịt,2Mart,,Thức ăn nhanh,26000,16500,ACTIVE,,,2026-07-30T02:56:03.139Z,2026-07-30T02:57:00.767Z
7a5c1bc7-9e06-4374-a388-4d5ae4a76fe7,8936036027754,Kẹo Dẻo Boom Vị Đào,2Mart,,kẹo,7000,0,INACTIVE,,,2026-07-30T02:56:03.150Z,2026-07-30T02:57:00.771Z
096d9684-d5ab-4fa3-8210-6b8f955292dd,8936029421484,Bim tayo xốt chấm mayo chilli,2Mart,,Oishi,26000,0,INACTIVE,,,2026-07-30T02:56:03.155Z,2026-07-30T02:57:00.776Z
d3f20ecd-87e0-4097-b2e3-c2409fde1f08,8936036021738,O'star Vị Kim Chi Hàn Quốc 105g,2Mart,,Poca-Lay’s-Ostar-Swing-Orion,24000,0,INACTIVE,,,2026-07-30T02:56:03.168Z,2026-07-30T02:57:00.778Z
87f0da89-3da9-4fd0-8d29-ce15b9d2ef57,8936036021721,O’star Vị Tảo Biển 95g,2Mart,,Poca-Lay’s-Ostar-Swing-Orion,24000,0,INACTIVE,,,2026-07-30T02:56:03.183Z,2026-07-30T02:57:00.781Z
1afddbf3-8887-4e58-bf3e-7cae49921827,8936036021745,Orion Swing Vị Bít Tết Kiểu NewYork 95g,orion,,Poca-Lay’s-Ostar-Swing-Orion,24000,0,INACTIVE,,,2026-07-30T02:56:03.192Z,2026-07-30T02:57:00.785Z
c71434e1-2286-416f-a88f-a49a93b92f8b,8935049501534,Coca-Cola Zero Sugar 320ml,2Mart,,Nước uống có gas,14000,0,INACTIVE,,,2026-07-30T02:56:03.203Z,2026-07-30T02:57:00.791Z
b6faed59-bda6-49a9-91ec-c362b7d70c2c,8934680033442,Oreo Hộp Bánh Quế Hương Socola,Oreo,,Bánh quy-Bánh que,19000,0,INACTIVE,,,2026-07-30T02:56:03.213Z,2026-07-30T02:57:00.797Z
b61b61af-fc2b-4a6c-a1c1-07029317da9a,8934680033428,Oreo Hộp Bánh Quế Hương Vani,Oreo,,Bánh quy-Bánh que,19000,0,INACTIVE,,,2026-07-30T02:56:03.222Z,2026-07-30T02:57:00.801Z
2ed29c55-b9a7-47db-88ec-7bbce0100314,7622300136055,Oreo Bánh Quy Vị Dâu,Oreo,,Bánh quy-Bánh que,19000,0,INACTIVE,,,2026-07-30T02:56:03.236Z,2026-07-30T02:57:00.805Z
faf01d38-6d0b-4094-ab1b-4e66114d937f,7622300442507,Oreo Bánh Quy Vị Khoai Môn,Oreo,,Bánh quy-Bánh que,19000,0,INACTIVE,,,2026-07-30T02:56:03.242Z,2026-07-30T02:57:00.816Z
596f0978-5005-491e-b0bb-3e0ed85a0907,8992760221028,Oreo Bánh Quy Vị Vani,Oreo,,Bánh quy-Bánh que,19000,0,INACTIVE,,,2026-07-30T02:56:03.246Z,2026-07-30T02:57:00.818Z
bfac9714-ede7-4435-9efb-d7106933d4a0,8934803070064,Oishi Bola Viên Vị Mực Cay,oishi,,Oishi,15000,7300,ACTIVE,,2026-08-18T13:09:00.929Z,2026-07-30T02:56:03.268Z,2026-08-18T13:09:00.974Z
4f9b0bba-d436-4121-adc3-b2464752c86f,8934803042580,Oishi Snack Chay Vị Heo Quay,oishi,,Oishi,15000,7300,ACTIVE,,2026-08-18T08:27:50.301Z,2026-07-30T02:56:02.945Z,2026-08-18T08:27:50.332Z
f3a0d4c9-1064-406b-a4ff-baa60c8ecaae,8936079122263,Poca Bánh Phồng Tôm,poca,,Poca-Lay’s-Ostar-Swing-Orion,15000,7500,ACTIVE,,2026-08-19T19:52:59.824Z,2026-07-30T02:56:03.011Z,2026-08-19T19:52:59.864Z
6154ddd8-1a11-4646-b00e-c6a1e568ded0,8934803012255,Oishi Snack Tôm Cay,oishi,,Oishi,15000,7300,ACTIVE,,2026-08-19T17:51:36.675Z,2026-07-30T02:56:03.288Z,2026-08-19T17:51:36.705Z
2ad54267-57af-4ab5-ba23-51f1a2bb40aa,8859578602541,Kẹo lọ Playmore vị dâu tây 22G,2Mart,,kẹo,35000,24804,ACTIVE,,2026-08-16T17:55:33.068Z,2026-07-30T02:56:03.554Z,2026-08-16T17:55:33.112Z
f7733c13-c391-40a2-8e19-4b27e73a8282,8859578600318,Kẹo PlayMore Thái Lan Vị Táo Xanh,2Mart,,kẹo,35000,"25655,66",ACTIVE,,2026-08-18T17:57:21.621Z,2026-07-30T02:56:03.519Z,2026-08-18T17:57:21.654Z
e425a5c1-c3a9-450b-970e-4af40ea1ed28,8934803044027,Oishi Pinattsu Đậu Phộng Vị Mực Cay,oishi,,Oishi,15000,0,INACTIVE,,,2026-07-30T02:56:03.343Z,2026-07-30T02:57:00.880Z
2e854f19-bcaa-48f8-9b3b-a503e9a457eb,8934803071023,Oishi Pinattsu Đậu Phộng Tỏi Ớt,oishi,,Oishi,15000,0,INACTIVE,,,2026-07-30T02:56:03.350Z,2026-07-30T02:57:00.889Z
e311b81b-acfc-4a3c-8d36-1b202697c474,8934803071313,Oishi Pinattsu Đậu Phộng Gạch Cua,oishi,,Oishi,15000,8000,INACTIVE,,,2026-07-30T02:56:03.361Z,2026-07-30T02:57:00.900Z
7f4bceed-70cf-4552-b367-892464b5ce8b,8934803044881,Oishi Pinattsu Đậu Phộng Vị Hải Sản,oishi,,Oishi,15000,8000,INACTIVE,,,2026-07-30T02:56:03.366Z,2026-07-30T02:57:00.904Z
89b32ec4-6447-446d-b4fa-06fe2a762947,8850157403252,Bento Hải Sản Tẩm Gia Vị Ớt,2Mart,,Đồ khô nhăm nhi,26000,"13999,77",ACTIVE,,2026-08-17T13:28:01.837Z,2026-07-30T02:56:03.466Z,2026-08-17T13:28:01.864Z
ce82b2a5-e232-4d16-ae41-0f3d8c9ff577,8936028641081,Mì xào KORENO volcano vị gà 118G,paldo,,Mì bát-ly-gói-hủ tiếu-phở,14000,10500,ACTIVE,,2026-08-12T15:12:11.010Z,2026-07-30T02:56:03.452Z,2026-08-12T15:12:11.018Z
76f684f7-fef2-4e02-9337-13b93c24a2fe,8859695401249,Bánh quy parle hide & seek vị vani 112.5G,parle,,Bánh quy-Bánh que,24000,0,INACTIVE,,,2026-07-30T02:56:03.395Z,2026-07-30T02:57:00.937Z
956048a0-cea8-4707-afaa-aab8270f6a9d,8859695401232,Bánh quy socola chip hương cam 112.5G,parle,,Bánh quy-Bánh que,24000,0,INACTIVE,,,2026-07-30T02:56:03.409Z,2026-07-30T02:57:00.941Z
9c115b21-3806-4e7e-8640-7c2806eb8794,8859695401225,Bánh hide seek Choco chip strawberry,parle,,Bánh quy-Bánh que,24000,0,INACTIVE,,,2026-07-30T02:56:03.415Z,2026-07-30T02:57:00.954Z
8f32e264-4e82-43b0-8660-af63bda015e2,8859695401256,Hidchoco chip bánh quy kẹp kem Thái Lan socola,parle,,Bánh quy-Bánh que,24000,0,INACTIVE,,,2026-07-30T02:56:03.419Z,2026-07-30T02:57:00.965Z
6285a30f-0334-42d9-93b1-68c53f20d4fb,8850332250107,Bánh quy imperial socolate,imperial,,Bánh quy-Bánh que,16000,0,INACTIVE,,,2026-07-30T02:56:03.423Z,2026-07-30T02:57:00.972Z
8633be19-bc9d-42cf-87c3-3acacb0a6fc0,8850332250114,Bánh quy dâu nhân socola,imperial,,Bánh quy-Bánh que,16000,0,INACTIVE,,,2026-07-30T02:56:03.427Z,2026-07-30T02:57:00.987Z
80233dcf-5350-48ab-ae2d-f5357bd55b67,8801033806896,Nước gạo Hàn Quốc Vegemil chai 500ML,2Mart,,Nước trái cây,31000,0,INACTIVE,,,2026-07-30T02:56:03.431Z,2026-07-30T02:57:01.005Z
b1fc0633-aa30-4bd7-9db3-0aa1c2f04c10,840205724765,Potata Bánh Quy Khoai Tây Vị Kem Hành,potata,,Bánh quy-Bánh que,21000,0,INACTIVE,,,2026-07-30T02:56:03.435Z,2026-07-30T02:57:01.013Z
933eb4aa-08c2-45ac-87b6-ba5cabe847ad,841165116751,Potata Bánh Quy Khoai Tây Vị Cay,potata,,Bánh quy-Bánh que,23000,0,INACTIVE,,,2026-07-30T02:56:03.438Z,2026-07-30T02:57:01.020Z
102c9f59-3ce8-4997-9fb9-0816837be240,8978206227449,Cá bò lát,thanh phát,,Ăn vặt,21000,0,INACTIVE,,,2026-07-30T02:56:03.441Z,2026-07-30T02:57:01.028Z
d1f14332-7811-414d-96a0-86c5d955d3a2,8936011770927,Kem Merino bắp,merino,,Kem Ăn>>Kem Merino,12000,"6095,24",ACTIVE,,,2026-07-30T02:56:03.444Z,2026-07-30T02:57:01.031Z
1c8bdcb6-d4c5-4b31-8a5c-f28e545eac55,8934683009741,Cà phê mocha sữa cốc 39.5G,vinacafe,,Cà phê,19000,0,INACTIVE,,,2026-07-30T02:56:03.447Z,2026-07-30T02:57:01.035Z
5777b822-fedc-4f62-aa1e-334c1a382e38,8934803071160,Oishi Pillows Nhân Khoai Môn,oishi,,Oishi,15000,"8277,78",ACTIVE,,2026-08-12T16:03:35.061Z,2026-07-30T02:56:03.316Z,2026-08-12T16:03:35.084Z
b2e5aeaa-cf63-4380-9c31-177151d62b3a,4897106554089,Bánh mỳ tam giác,2Mart,,Bánh mì,18900,0,INACTIVE,,2026-08-19T16:08:00.143Z,2026-07-30T02:56:03.455Z,2026-08-19T16:08:00.154Z
6167fac3-3179-4623-b978-445eac63d44a,11,Túi mù,Tagia,,Túi mù,4000,0,INACTIVE,,,2026-07-30T02:56:03.458Z,2026-07-30T02:57:01.062Z
ca486317-e413-4f9c-a2ea-5dd3c2d9b6eb,SP000209,Bánh que LOTTE Toppo nhân socola ( gói),2Mart,,Bánh quy-Bánh que,5000,0,INACTIVE,,,2026-07-30T02:56:03.461Z,2026-07-30T02:57:01.074Z
9f4bb621-2a4d-4e2a-ae97-2d8669e398d6,8935001282686,Kirin Latte Vị Socola 440ml,kirin,,Kirin,15000,7500,ACTIVE,,2026-08-19T17:59:10.150Z,2026-07-30T02:56:03.376Z,2026-08-19T17:59:10.162Z
7a2d1a1b-6999-4a2a-bc7d-07ae217375e0,8936136167312,Mì Kokomi Có Xúc Xích,2Mart,,Mì bát-ly-gói-hủ tiếu-phở,14000,0,INACTIVE,,,2026-07-30T02:56:03.477Z,2026-07-30T02:57:01.087Z
f6615e39-55f7-4832-bf2e-fc45cdf59953,8934588013065,Pepsi chai 1.5L,2Mart,,Nước uống có gas,23000,0,INACTIVE,,,2026-07-30T02:56:03.483Z,2026-07-30T02:57:01.091Z
eccd3f46-391c-479e-8a74-a723fdfab675,8936094140952,Kim Long-Đậu Phộng Cốt Nước Dừa Tỏi Ớt,2Mart,,Ăn vặt,14000,0,INACTIVE,,,2026-07-30T02:56:03.487Z,2026-07-30T02:57:01.094Z
8cfdcb01-f135-4609-978a-487909db35cc,8859578600288,266. kẹo the Playmore Thái vị xí muội bán lẻ 1 hũ 22G,2Mart,,kẹo,35000,"24580,67",ACTIVE,,,2026-07-30T02:56:03.491Z,2026-07-30T02:57:01.103Z
755b4c8d-8f3d-4086-86d5-35aaf6d0cd6e,8859578605108,Kẹo lọ Playmore vị xôi xoài 22G,2Mart,,kẹo,35000,25800,ACTIVE,,,2026-07-30T02:56:03.498Z,2026-07-30T02:57:01.112Z
e51ee949-599f-41d5-9661-1f28741cd099,8859578600370,Kẹo the vị chanh muối Playmore cooling lemon sea salt sugar free,2Mart,,kẹo,35000,24804,ACTIVE,,,2026-07-30T02:56:03.511Z,2026-07-30T02:57:01.121Z
10b2d131-788a-4f27-afb4-5ae821dbb0be,8934803043891,Oishi Pillows Nhân Socola,oishi,,Oishi,15000,"8384,62",ACTIVE,,2026-08-19T20:01:00.513Z,2026-07-30T02:56:03.321Z,2026-08-19T20:01:00.538Z
fe6e7da8-c11b-498e-b3ab-99e6a6fa8943,8935001233039,Wonderfarm Vị Me 320ml,Wornderfarm,,Nước trái cây,15000,"6560,02",ACTIVE,,2026-08-12T18:37:52.533Z,2026-07-30T02:56:03.389Z,2026-08-12T18:37:52.542Z
ff15204e-a20f-4afc-90b8-4c8c7aa1f24f,8859578600820,Kẹo the vị nho Playmore 22G Playmore grape flavor candy 22G,2Mart,,kẹo,35000,25800,ACTIVE,,,2026-07-30T02:56:03.535Z,2026-07-30T02:57:01.134Z
a0b3368f-71c0-42b0-bb6a-f57330c23ec1,8859578601421,Kẹo lọ Playmore vị đào Sakura 22G,2Mart,,kẹo,35000,"24757,08",ACTIVE,,,2026-07-30T02:56:03.547Z,2026-07-30T02:57:01.137Z
3dd46231-92ac-4afb-b600-7c4083b77807,8936048474782,Sữa Joco vị việt quất,2Mart,,Sữa-Sữa chua-Sữa dừa,14000,0,INACTIVE,,,2026-07-30T02:56:03.567Z,2026-07-30T02:57:01.142Z
c90faf68-2fe6-4c54-a63e-a9bfe33b660c,846656006573,Kẹo mút hương vị thập cẩm,2Mart,,kẹo,1500,0,INACTIVE,,,2026-07-30T02:56:03.577Z,2026-07-30T02:57:01.151Z
ccc9f6f1-8120-4673-9b67-6b9dc7dd58f7,8934588193118,Nước cam ép Twister 320ML,2Mart,,Nước uống có gas,15000,0,INACTIVE,,,2026-07-30T02:56:03.582Z,2026-07-30T02:57:01.153Z
fefbabbd-3189-47d3-8bf2-badb6b1caa9c,8934803044171,Oishi Pillows Nhân Sữa Dừa,oishi,,Oishi,15000,"8384,62",ACTIVE,,2026-08-19T15:11:52.928Z,2026-07-30T02:56:03.333Z,2026-08-19T15:11:52.940Z
94b50427-86ac-4c6d-b3e6-d5b6f14a1654,8936049051135,Mì Gói Kim Chi 120g,ottogi,,Mì bát-ly-gói-hủ tiếu-phở,16500,0,INACTIVE,,,2026-07-30T02:56:03.609Z,2026-07-30T02:57:01.172Z
9fbfc3b0-1fce-4e51-b556-af96dbe52f14,8936049051401,Mì bò hầm Ottogi 120G,ottogi,,Mì bát-ly-gói-hủ tiếu-phở,16500,0,INACTIVE,,,2026-07-30T02:56:03.618Z,2026-07-30T02:57:01.182Z
aa150b68-9ea1-41c1-8ee2-bd0c55488432,8936049051623,Mì Kim chi jin Ottogi 62G,ottogi,,Mì bát-ly-gói-hủ tiếu-phở,19500,0,INACTIVE,,,2026-07-30T02:56:03.625Z,2026-07-30T02:57:01.186Z
46f7c91b-360a-4505-83e4-ded3fcc92927,8855044051097,Mabu Coco Vị Cam 320ml,mabu coco,,Nước topping thạch dừa,24000,16000,INACTIVE,,,2026-07-30T02:56:03.634Z,2026-07-30T02:57:01.200Z
a9d48f1e-0c9b-4c40-9a52-2094cc30e437,8855044051103,Mabu Coco Vị Nho 320ml,2Mart,,Nước topping thạch dừa,24000,16000,INACTIVE,,,2026-07-30T02:56:03.639Z,2026-07-30T02:57:01.204Z
218e1d23-d78c-4a20-ab08-55c40904bbe8,8934822411213,Bia larue smooth,2Mart,,Nước uống chứa cồn,18000,"11595,24",INACTIVE,,2026-08-17T16:12:58.555Z,2026-07-30T02:56:03.803Z,2026-08-17T16:12:58.586Z
0c26de73-67fc-4c90-bd48-99fa9ced5380,8936036025453,"Kẹo ngậm họng Orion vị quất mật ong gói 87,5G ayđ",orion,,kẹo,24000,0,INACTIVE,,,2026-07-30T02:56:03.645Z,2026-07-30T02:57:01.218Z
af0603e9-4163-4aa0-ab5b-c85acca0b296,8936036028041,Kẹo họng Bạc Hà Thảo mộc,orion,,kẹo,24000,0,INACTIVE,,,2026-07-30T02:56:03.649Z,2026-07-30T02:57:01.221Z
11daa53f-2223-4964-966b-8c6ee3896795,8936036028805,Kẹo họng vị gừng mật ong,orion,,kẹo,24000,0,INACTIVE,,,2026-07-30T02:56:03.654Z,2026-07-30T02:57:01.233Z
344afd12-c7e8-4750-8616-77bedc001770,8936036020939,O’star Vị Tảo Biển 35g,orion,,Poca-Lay’s-Ostar-Swing-Orion,7000,0,INACTIVE,,,2026-07-30T02:56:03.658Z,2026-07-30T02:57:01.239Z
053f031b-b4f7-4ee2-b9eb-7028fa5ed3c3,8936036029727,Kẹo Dẻo Boom Vị Chanh Dây,orion,,kẹo,7000,0,INACTIVE,,,2026-07-30T02:56:03.661Z,2026-07-30T02:57:01.242Z
0b54e077-e509-4e49-80e9-01b0e7b51a17,8936036027730,Kẹo Dẻo Boom Vị Nho,orion,,kẹo,7000,0,INACTIVE,,,2026-07-30T02:56:03.664Z,2026-07-30T02:57:01.244Z
c5b2ccd6-e4ae-4578-aa51-caa64df855c6,8936036027747,Kẹo Dẻo Boom Vị Dâuu,orion,,kẹo,7000,0,INACTIVE,,,2026-07-30T02:56:03.674Z,2026-07-30T02:57:01.248Z
69157953-1946-422c-8956-d1e8878edea4,8936036028553,Kẹo Dẻo Boom Vị Xoài,orion,,kẹo,7000,0,INACTIVE,,,2026-07-30T02:56:03.677Z,2026-07-30T02:57:01.260Z
354137f1-35d8-4cf9-ba7f-f354830001e0,8936036028539,Kẹo Dẻo Boom Vị Me,orion,,kẹo,7000,0,INACTIVE,,,2026-07-30T02:56:03.680Z,2026-07-30T02:57:01.267Z
2c62c419-96cc-48a5-8e6d-da3843e2abf7,8936036028225,Bim bim ostar vị Kim chi Hàn Quốc 152G,orion,,Poca-Lay’s-Ostar-Swing-Orion,35000,0,INACTIVE,,,2026-07-30T02:56:03.693Z,2026-07-30T02:57:01.274Z
7bc93af9-e71f-45c2-a209-ddc45899202b,8936036028355,Orion Swing Vị Bít Tết Kiểu NewYork 105g,orion,,Poca-Lay’s-Ostar-Swing-Orion,35000,0,INACTIVE,,,2026-07-30T02:56:03.705Z,2026-07-30T02:57:01.287Z
d3e6c7ff-847d-4a8e-8a0b-8fcefa9d3da9,8936036028409,O’star Vị Tảo Biển 152g,orion,,Poca-Lay’s-Ostar-Swing-Orion,35000,0,INACTIVE,,,2026-07-30T02:56:03.714Z,2026-07-30T02:57:01.294Z
228775ea-7677-4c25-8334-f5bddd7bf4f2,8935001282266,Kirin Latte Vị Trà Sữa 440ml,kirin,,Kirin,15000,7500,ACTIVE,,2026-08-19T18:57:26.019Z,2026-07-30T02:56:03.739Z,2026-08-19T18:57:26.246Z
96450794-51df-4442-88ce-c260680f2f23,8855044052544,Coco Royal Sữa Dừa Vị Dâu,coco royal,,Sữa-Sữa chua-Sữa dừa,37000,27500,ACTIVE,,2026-08-06T17:55:38.817Z,2026-07-30T02:56:03.753Z,2026-08-06T17:55:38.841Z
9bed0f59-f8ac-4d5c-8582-aef47d0219f8,SP000208,Nước hoa Perfume 10ml,2Mart,,Đồ dùng cá nhân,80000,0,INACTIVE,,,2026-07-30T02:56:03.743Z,2026-07-30T02:57:01.333Z
51663584-b5a0-4428-9622-4a0608b4e23e,8936079122294,Poca Tôm Hùm Nướng 60g,2Mart,,Poca-Lay’s-Ostar-Swing-Orion,15000,7500,INACTIVE,,2026-08-08T16:57:52.613Z,2026-07-30T02:56:03.834Z,2026-08-08T16:57:52.632Z
92b286c6-c9ae-43a2-bc6c-04757e7430f6,8936079122249,Poca Bò Lúc Lắc 60g,2Mart,,Poca-Lay’s-Ostar-Swing-Orion,15000,"7587,41",ACTIVE,,2026-08-18T17:43:12.059Z,2026-07-30T02:56:03.817Z,2026-08-18T17:43:12.076Z
c85546c7-1b33-4ba7-9d3c-299cb59229bd,8935001282679,Kirin Ice+ Trà Trái Cây Táo/Kiwi,kirin,,Kirin,15000,"6665,43",ACTIVE,,2026-08-19T20:29:13.726Z,2026-07-30T02:56:03.720Z,2026-08-19T20:29:13.741Z
23ba6cff-c623-48f3-8b83-e407ba987582,8936079121112,Lay’s Wavy Vị Phômai Cheddar 54g,lays,,Poca-Lay’s-Ostar-Swing-Orion,15000,0,INACTIVE,,,2026-07-30T02:56:03.768Z,2026-07-30T02:57:01.354Z
7b0a9d1b-e23b-43b1-b1f0-4494538d6f87,8936079120108,Lay's Vị Sườn Nướng BBQ 58g,lays,,Poca-Lay’s-Ostar-Swing-Orion,15000,0,INACTIVE,,,2026-07-30T02:56:03.771Z,2026-07-30T02:57:01.357Z
49fc4ed3-8b75-4204-a03c-e69d9ce9c3bc,8936079120115,Lay's Vị Tảo Biển Nori 54g,lays,,Poca-Lay’s-Ostar-Swing-Orion,15000,0,INACTIVE,,,2026-07-30T02:56:03.778Z,2026-07-30T02:57:01.360Z
13070817-1d2c-42ba-8829-00f4c3bc2d03,8936079124229,Lay’s Vị Tôm Càng Đút Phômai 54g,lays,,Poca-Lay’s-Ostar-Swing-Orion,15000,0,INACTIVE,,,2026-07-30T02:56:03.786Z,2026-07-30T02:57:01.366Z
cdec5d8a-474d-428a-a326-7abf8e43a59f,8936079121761,Lay’s Wavy Vị Thăn Bò Nướng Texas 54g,lays,,Poca-Lay’s-Ostar-Swing-Orion,15000,0,INACTIVE,,,2026-07-30T02:56:03.790Z,2026-07-30T02:57:01.373Z
c242544f-ee89-41f2-8759-74535a6c08c8,8935001282662,Kirin Ice+ Trà Trái Cây Đào 490ml,kirin,,Kirin,15000,"6666,67",ACTIVE,,2026-08-14T14:44:41.145Z,2026-07-30T02:56:03.730Z,2026-08-14T14:44:41.165Z
182363c5-1c2a-4d03-9706-db19db0b26be,8936079122256,Poca Mực Lăn Muối Ớt 60g,2Mart,,Poca-Lay’s-Ostar-Swing-Orion,15000,"7599,71",ACTIVE,,2026-08-19T15:09:38.415Z,2026-07-30T02:56:03.832Z,2026-08-19T15:09:38.447Z
2d7fe3ac-1192-443f-b071-0b93b44d1d15,8936079124908,Poca Hình Cua 60G,2Mart,,Poca-Lay’s-Ostar-Swing-Orion,15000,"7578,43",ACTIVE,,,2026-07-30T02:56:03.811Z,2026-07-30T02:57:01.402Z
61d0e4e6-78e6-4145-9b81-4667c5ce5961,8855044000521,Coco Royal Sữa Dừa Vị Truyền Thống,coco royal,,Sữa-Sữa chua-Sữa dừa,37000,"27760,87",ACTIVE,,2026-08-08T15:56:41.113Z,2026-07-30T02:56:03.750Z,2026-08-08T15:56:41.137Z
97d4dac6-dffe-4b8a-bed7-8d5e18b487a2,8859578600257,Kẹo the vị dưa hấu Playmore 22G Playmore watermelon candy 22G,play more,,kẹo,35000,"25657,71",ACTIVE,,2026-08-12T16:12:15.400Z,2026-07-30T02:56:03.643Z,2026-08-12T16:12:15.417Z
ebc15cdf-327f-4a4c-98ef-a9008639b73a,8936079123208,Poca Gà Quay Da Giòn 60G,2Mart,,Poca-Lay’s-Ostar-Swing-Orion,15000,7600,ACTIVE,,2026-08-14T16:19:02.307Z,2026-07-30T02:56:03.808Z,2026-08-14T16:19:02.317Z
444b70eb-12e1-4d60-b022-90f7678b2ec1,8855044021373,Coco Royal Sữa Dừa Vị Xoài,coco royal,,Sữa-Sữa chua-Sữa dừa,37000,"27785,71",ACTIVE,,2026-08-09T16:54:47.714Z,2026-07-30T02:56:03.756Z,2026-08-09T16:54:47.737Z
d801f4f4-f87f-4098-89dd-e4303ff8c70b,SP000207,Combo Sữa Gấu Socola-Kèm Đá,2Mart,,Sữa-Sữa chua-Sữa dừa,29500,0,ACTIVE,,,2026-07-30T02:56:03.853Z,2026-07-30T02:57:01.437Z
18e6fcb8-cab2-4db0-9a20-253ba1aa8110,8936079123352,Poca bắp ngọt xóc bơ 60G,2Mart,,Poca-Lay’s-Ostar-Swing-Orion,15000,7600,ACTIVE,,2026-08-09T14:02:14.180Z,2026-07-30T02:56:03.847Z,2026-08-09T14:02:14.194Z
d8de4ee5-1432-47b8-bf2c-cacb240aa5e0,6935145301047,Roses Australia blue rose whiskey cocktail 275ML,RIO,,Nước uống chứa cồn,65000,"45833,33",INACTIVE,,,2026-07-30T02:56:03.867Z,2026-07-30T02:57:01.464Z
2338ed7d-9a86-49d2-8b78-706af843c011,6935145301016,Rượu rio coctail,RIO,,Nước uống chứa cồn,59000,0,INACTIVE,,,2026-07-30T02:56:03.870Z,2026-07-30T02:57:01.470Z
3653edbe-0d69-4b5a-bb34-f18e242d4402,8850157100700,Gói thạch Jele chanh,2Mart,,Nước trái cây,13000,0,INACTIVE,,,2026-07-30T02:56:03.873Z,2026-07-30T02:57:01.479Z
aace873c-010b-445a-afd2-7455f962feb2,8934662180188,Nước hoa Xexy Rexy - Cindy Bloom 10ml,Bloom,,Đồ dùng cá nhân,100000,0,INACTIVE,,,2026-07-30T02:56:03.876Z,2026-07-30T02:57:01.483Z
afe5e4e6-f34b-4385-8e3b-8471501e4f5c,8934662180171,Nước hoa Aura Rosa - Cindy Bloom 10ml,Bloom,,Đồ dùng cá nhân,100000,0,INACTIVE,,,2026-07-30T02:56:03.878Z,2026-07-30T02:57:01.491Z
6866bdb1-7a5b-4bd2-833e-ec392e696a68,8934662180256,Nước hoa Safe & Sound - Cindy Bloom 10ml,Bloom,,Đồ dùng cá nhân,100000,0,INACTIVE,,,2026-07-30T02:56:03.885Z,2026-07-30T02:57:01.496Z
a434c804-e01c-42a5-bdbf-058d80bd8aa7,8934662180263,Nước hoa So Slay - Cindy Bloom 10ml,Bloom,,Đồ dùng cá nhân,100000,0,INACTIVE,,,2026-07-30T02:56:03.900Z,2026-07-30T02:57:01.501Z
4fb1eeb8-38de-47e2-abda-344ff7b7d359,6974729971979,Bánh mỳ Sandwich ngàn lớp Xịn,Trung Quốc,,Bánh mì,13500,0,INACTIVE,,,2026-07-30T02:56:03.906Z,2026-07-30T02:57:01.523Z
53ec63fe-4d90-4e68-af82-9b855a832dbd,6956367187172,Bánh Mì Tròn Ông Già,Bánh ông giá,,Bánh mì,18000,0,INACTIVE,,,2026-07-30T02:56:03.910Z,2026-07-30T02:57:01.529Z
428d351b-c68b-4c8e-af43-b4abb237568c,8936011770972,Kem Merino Xoài,merino,,Kem Ăn>>Kem Merino,13000,0,INACTIVE,,,2026-07-30T02:56:03.914Z,2026-07-30T02:57:01.541Z
3bfe6a2a-cca8-4c9d-87bf-bcc122a2fe9e,8938553301133,Da heo vị mực nướng kari kari,kari,,Ăn vặt,7000,0,INACTIVE,,,2026-07-30T02:56:03.918Z,2026-07-30T02:57:01.551Z
41805a1c-ec1d-4769-92c1-d63ab1064287,8938553301119,Da Heo KARI KARI,kari,,Ăn vặt,7000,0,INACTIVE,,,2026-07-30T02:56:03.924Z,2026-07-30T02:57:01.553Z
41ca63cb-a636-4462-95e2-e48561d073fa,8938553301126,Da cá Kari Kari vị rong biển 15g,kari,,Ăn vặt,7000,0,INACTIVE,,,2026-07-30T02:56:03.931Z,2026-07-30T02:57:01.556Z
1990e8a9-5f4e-4323-93f4-878b7324a425,8938553301102,Gói da cá Phô mai Kari Kari,kari,,Ăn vặt,7000,0,INACTIVE,,,2026-07-30T02:56:03.948Z,2026-07-30T02:57:01.563Z
ee780fdd-3fe4-430d-9369-752bf4421b73,8936211622040,Xúc xích S2 đại (Nguyên gói),S2,,Thức ăn nhanh,40000,0,INACTIVE,,,2026-07-30T02:56:03.955Z,2026-07-30T02:57:01.566Z
d95f91f0-dee6-4ea5-b9a7-06a1e46cdfdb,8936211622026,XÚC XÍCH DINH DƯỠNG NGON 35G,S2,,Thức ăn nhanh,27000,0,INACTIVE,,,2026-07-30T02:56:03.965Z,2026-07-30T02:57:01.569Z
ab0d6099-d651-4f07-af04-bdaf9fd4145f,8936211623153,XÚC XÍCH S2 NGON VỊ BẮP,S2,,Thức ăn nhanh,27000,0,INACTIVE,,,2026-07-30T02:56:03.980Z,2026-07-30T02:57:01.571Z
8003dee5-149b-4b6b-bad4-20d2cdc76a84,8938553105557,Cơm Cháy Siêu Chà Bông Đức Huy,đức huy,,Cơm,15000,0,INACTIVE,,,2026-07-30T02:56:03.988Z,2026-07-30T02:57:01.574Z
0958610d-1219-4387-883a-023fa86f38ec,8936049051142,MÌ JIN RAMEN CAY OTTOGI GÓI 120G,ottogi,,Mì bát-ly-gói-hủ tiếu-phở,18500,0,INACTIVE,,,2026-07-30T02:56:03.994Z,2026-07-30T02:57:01.576Z
b17f4d1d-672c-4a0d-969b-f5d34eb92108,8936049051654,Mỳ Yeul Ottogi Vị Cay Tô 105g,ottogi,,Mì bát-ly-gói-hủ tiếu-phở,27000,0,INACTIVE,,,2026-07-30T02:56:03.999Z,2026-07-30T02:57:01.585Z
d46abdf1-f5bd-4616-9ec8-a03401293d27,8936000820077,Mì Ý Tiểu Nhị Spaghetti-Bò Bằm Sốt Cà Chua,tiểu nhị,,Mì bát-ly-gói-hủ tiếu-phở,19000,0,INACTIVE,,,2026-07-30T02:56:04.004Z,2026-07-30T02:57:01.596Z
6e317fbb-f8ad-4271-82b6-5c01f6219be4,8936000820183,Mì Ý Tiểu Nhị Spaghetti-Bò Sốt Chua Cay,tiểu nhị,,Mì bát-ly-gói-hủ tiếu-phở,19000,0,INACTIVE,,,2026-07-30T02:56:04.008Z,2026-07-30T02:57:01.606Z
b3042d87-6b8a-4f1e-993b-b1bf9f2f6773,8809414661621,Rượu Soju Vị Dâu 360ml,Soju,,Nước uống chứa cồn,65000,0,INACTIVE,,,2026-07-30T02:56:04.013Z,2026-07-30T02:57:01.614Z
59750972-4a7a-4444-b574-edb9dcd222d7,8801147124169,Rượu Soju Vị Kiwi 360ml,Soju,,Nước uống chứa cồn,65000,0,INACTIVE,,,2026-07-30T02:56:04.017Z,2026-07-30T02:57:01.620Z
4912840b-f7e0-4b09-9eca-7a1e82e2d97c,8809414661645,Rượu Soju Vị Mơ 360ml,Soju,,Nước uống chứa cồn,67000,0,INACTIVE,,,2026-07-30T02:56:04.023Z,2026-07-30T02:57:01.628Z
c283c959-050f-4e2b-85e2-9cb561018d2b,6950545500333,THANH CUA ĐÀI LOAN CRAB STICK YOHOSIYO 14GR,Trung Quốc,,Ăn vặt,5000,0,INACTIVE,,,2026-07-30T02:56:04.030Z,2026-07-30T02:57:01.635Z
bcbb06b7-1117-4e11-ba02-0a91f808f097,8938549140722,Chân gà Anna Lala,Anna,,Thức ăn nhanh,12000,0,INACTIVE,,,2026-07-30T02:56:04.033Z,2026-07-30T02:57:01.642Z
f005dc61-3152-4942-9a7f-8e8f567926fe,8934683009734,CÀ PHÊ LATTE HAZELNUT / Cafe Latte,Latte,,Cà phê,19000,0,INACTIVE,,,2026-07-30T02:56:04.037Z,2026-07-30T02:57:01.655Z
5a21a436-adff-450a-966f-54c29dc84800,8938535829006,Thịt sấy khô 50g,Lyna Food,,Đồ khô nhăm nhi,15000,0,INACTIVE,,,2026-07-30T02:56:04.041Z,2026-07-30T02:57:01.663Z
46f8cfe6-64ae-4f4f-b42b-0ddb73034e00,8938535829174,Khô Gà Lá Chanh,Lyna Food,,Đồ khô nhăm nhi,13000,0,INACTIVE,,,2026-07-30T02:56:04.047Z,2026-07-30T02:57:01.666Z
09579f26-a4f1-4eca-98b6-78114dd90f5c,8936049053436,Mì Trộn Hải Sản Oppa Ottogi 65g,ottogi,,Mì bát-ly-gói-hủ tiếu-phở,9500,0,INACTIVE,,,2026-07-30T02:56:04.050Z,2026-07-30T02:57:01.669Z
e901002f-2d01-479c-b635-a94a2d1adbe8,8936049053412,MÌ BÒ HẦM OPPA 65G,ottogi,,Mì bát-ly-gói-hủ tiếu-phở,12500,0,INACTIVE,,,2026-07-30T02:56:04.061Z,2026-07-30T02:57:01.679Z
19c2ae36-5019-404c-bc67-0c274c216a0e,8936049053429,Mì tương đen vị sườn heo Oppa Ottogi 65g,ottogi,,Mì bát-ly-gói-hủ tiếu-phở,9500,0,INACTIVE,,,2026-07-30T02:56:04.064Z,2026-07-30T02:57:01.683Z
87499928-8b3b-4462-ba33-be816398c024,8936049053405,MÌ TÔM CHUA CAY SÔI ĐỘNG OPPA,ottogi,,Mì bát-ly-gói-hủ tiếu-phở,9500,0,INACTIVE,,,2026-07-30T02:56:04.070Z,2026-07-30T02:57:01.692Z
7bf56ef3-8c79-430b-8abd-2aeecab0c647,8936049051128,Mì Yeul Cay Ottogi Gói 120g,ottogi,,Mì bát-ly-gói-hủ tiếu-phở,19500,0,INACTIVE,,,2026-07-30T02:56:04.088Z,2026-07-30T02:57:01.705Z
f0d0a2af-374a-4cbd-a60f-48d9c7cd1093,8935136865280,Dầu xả oliv bồng bềnh,oliv,,Dầu gội-Dầu xả,75000,0,INACTIVE,,,2026-07-30T02:56:04.104Z,2026-07-30T02:57:01.716Z
2f914512-71ae-4497-8a35-8b97a77f2a90,5052197059311,Durex Jeans Easy-on,Durex,,Đồ dùng cá nhân,60000,0,INACTIVE,,,2026-07-30T02:56:04.108Z,2026-07-30T02:57:01.720Z
2e482516-3c88-48e4-876e-14a9a186b112,8938549140548,CÁNH VỊT TÊ CAY,Anna,,Ăn vặt,18000,0,INACTIVE,,,2026-07-30T02:56:04.113Z,2026-07-30T02:57:01.724Z
6b842a0f-9b33-436a-a359-a615fc8d41b8,8938552093008,Cơm chiên mắm hành Như Ý,2Mart,,Cơm,10000,0,INACTIVE,,,2026-07-30T02:56:04.125Z,2026-07-30T02:57:01.737Z
4b9890d2-3a5e-42f2-b30c-c845feaec7f2,8936048474553,Trà Boncha Vị Tắc 450ml,2Mart,,Boncha,15000,6875,ACTIVE,,2026-08-19T18:51:57.104Z,2026-07-30T02:56:04.355Z,2026-08-19T18:51:57.134Z
17ede1a0-8acd-4221-b84a-e4c18f156dd0,8936057560247,Trứng gà ăn liền Devi vị cay 1 quả,2Mart,,Thức ăn nhanh,10000,6000,ACTIVE,,2026-08-18T15:39:18.725Z,2026-07-30T02:56:04.135Z,2026-08-18T15:39:18.763Z
87004f2a-0e91-4c82-a7c9-3e95619b0a20,8936048474577,Trà Boncha Vị Việt Quất 450ml,2Mart,,Boncha,15000,6875,ACTIVE,,2026-08-19T19:49:03.517Z,2026-07-30T02:56:04.367Z,2026-08-19T19:49:03.536Z
52334886-e5e4-47c6-b63a-02a627d1efa4,8850157108904,Nước ép Jele vị Nho 320ml 108904,2Mart,,Nước topping thạch dừa,15000,0,INACTIVE,,,2026-07-30T02:56:04.155Z,2026-07-30T02:57:01.760Z
3189b2c6-8e95-443f-8f99-43501b141680,8850157108935,Nước ép Jele vị Dưa hấu 320ml 108935,2Mart,,Nước topping thạch dừa,15000,0,INACTIVE,,,2026-07-30T02:56:04.158Z,2026-07-30T02:57:01.772Z
5baf7508-def9-402a-8a5b-689f18e1643b,8936028640978,Mì Trộn Tương Đen Koreno Jjajangmen Gói 115g,paldo,,Mì bát-ly-gói-hủ tiếu-phở,15000,0,INACTIVE,,,2026-07-30T02:56:04.168Z,2026-07-30T02:57:01.777Z
3f1709fb-4cec-451e-85b1-c96ba954e906,8936028643153,Koreno-Mì Trộn Bò Xào Vị Phomai,paldo,,Mì bát-ly-gói-hủ tiếu-phở,13000,7500,ACTIVE,,,2026-07-30T02:56:04.172Z,2026-07-30T02:57:01.785Z
6fabbe5d-e67c-4568-84b0-37764d662c55,8935049501527,"Nước Ngọt Cocacola Light, Lon Cao",Cocacola,,Nước uống có gas,15500,0,INACTIVE,,,2026-07-30T02:56:04.185Z,2026-07-30T02:57:01.789Z
4023ba25-cf1f-4ee5-b1fc-5aa881255adc,6972940082603,Que Cay Con Tôm,weixia,,Ăn vặt,17000,10000,INACTIVE,,2026-08-17T10:28:09.219Z,2026-07-30T02:56:04.209Z,2026-08-17T10:28:09.232Z
ac666980-dc25-4769-baca-167afbbeb0a5,8935049501480,NƯỚC CAM ÉP SPLASH LON 330ML,Cocacola,,Nước trái cây,13500,0,INACTIVE,,,2026-07-30T02:56:04.199Z,2026-07-30T02:57:01.802Z
66f3afec-036a-4c17-a3ea-bd9784705f35,6972940082610,Que Cay Mảng To,weixia,,Ăn vặt,17000,0,INACTIVE,,2026-08-19T19:43:45.514Z,2026-07-30T02:56:04.204Z,2026-08-19T19:43:45.542Z
c3834d43-e7c9-4d0e-a845-2a1a11216a0a,8936221042944,Tea 365 Hồng Trà Đào,Masan,,Nước trái cây,15000,"7064,06",INACTIVE,,2026-08-09T05:46:09.105Z,2026-07-30T02:56:04.271Z,2026-08-09T05:46:09.145Z
98d23bf4-cb9c-4ebe-9537-7761fe42acc4,8938508055500,CHÂN GÀ RÚT XƯƠNG MEOW,meow,,Thức ăn nhanh,12000,0,INACTIVE,,,2026-07-30T02:56:04.216Z,2026-07-30T02:57:01.825Z
4181d9a7-e2cf-4e2c-a96f-5fc45deec032,8936011773119,Merino Ly Vị Socola,merino,,Kem Ăn>>Kem Merino,14000,8881,ACTIVE,,,2026-07-30T02:56:04.222Z,2026-07-30T02:57:01.831Z
ec571c90-5f5a-4369-8a6f-beef54d6ea6c,8936011773034,Merino Ly Vị Sữa Dừa,merino,,Kem Ăn>>Kem Merino,14000,0,INACTIVE,,,2026-07-30T02:56:04.230Z,2026-07-30T02:57:01.836Z
4973a15c-cf47-46e1-94c7-9e5e247e59ad,8936011771153,Kem Ốc Quế Celano Hương Dâu,merino,,Kem Ăn>>Kem Merino,22000,16720,ACTIVE,,2026-08-19T16:08:00.143Z,2026-07-30T02:56:04.402Z,2026-08-19T16:08:00.154Z
fb02a03c-ad7f-4482-9626-4a733eb0879f,8934804037806,Sữa Lúa Mạch Milo Nắp Vặn Hộp 210ml,milo,,Sữa-Sữa chua-Sữa dừa,16000,0,INACTIVE,,,2026-07-30T02:56:04.255Z,2026-07-30T02:57:01.848Z
5b6c8b77-5869-4799-9d45-c4f4823674b0,8935049501718,Sprite Hương Chanh Lon 320ml,2Mart,,Nước uống có gas,15000,"6666,67",ACTIVE,,2026-08-12T18:38:55.375Z,2026-07-30T02:56:04.193Z,2026-08-12T18:38:55.383Z
2f051fa8-6e5b-458f-ba4a-829547a3e7f0,8935049501572,Fanta Hương Cam 320ml,Fanta,,Nước uống có gas,15000,"6666,66",ACTIVE,,2026-08-17T15:31:18.601Z,2026-07-30T02:56:04.263Z,2026-08-17T15:31:18.624Z
634f0c07-aaf9-45f2-bfcd-92f151095297,8582632632566,Kẹo nổ Striking 20 viên,STDIKMG,,kẹo,21000,0,INACTIVE,,,2026-07-30T02:56:04.278Z,2026-07-30T02:57:01.892Z
8f39e21f-e79d-490b-85f5-82ee85221a01,8936036029031,Orion MarineBoy Vị Tảo Biển 56g,mario,,Poca-Lay’s-Ostar-Swing-Orion,15000,0,INACTIVE,,,2026-07-30T02:56:04.290Z,2026-07-30T02:57:01.899Z
c749a472-6feb-4d7c-a06f-d4af4260e28c,8936029421781,Bánh Con Cá Bống Bang Orion,orion,,Bánh quy-Bánh que,28000,0,INACTIVE,,,2026-07-30T02:56:04.299Z,2026-07-30T02:57:01.909Z
763c8848-f7b1-4854-b9bb-74b6cb2e278a,8934563065249,Muối Chấm Hảo Hảo Tôm Chua Cay 120g,Hảo Hảo,,Muối chấm,21000,0,INACTIVE,,,2026-07-30T02:56:04.305Z,2026-07-30T02:57:01.920Z
ef640575-aca1-445a-9033-7cbc51939f9e,8936057560254,Trứng gà ăn liền Devi vị thường 1 quả,2Mart,,Thức ăn nhanh,10000,6000,ACTIVE,,2026-08-19T20:24:27.703Z,2026-07-30T02:56:04.143Z,2026-08-19T20:24:27.742Z
ac4d0e24-c751-4341-86b2-b7eed7f490f3,BBBQ,Cơm nấm 150g,32KT,,Cơm,19000,12000,INACTIVE,,,2026-07-30T02:56:04.322Z,2026-07-30T02:57:01.935Z
2e3307cf-530d-4f28-89d6-314002fd1c1a,8935342400695,Lotus X Hỗn Hợp Bánh Que Vị Truyền Thống Với Snack Hải Sản Mực Vị Cay Hỗn Hợp HIệu Dorkbua 18g,doakbua brand,,Đồ khô nhăm nhi,7000,0,INACTIVE,,,2026-07-30T02:56:04.326Z,2026-07-30T02:57:01.942Z
3c734b0d-7a11-4435-a350-4dcd58a8ed49,8938543758138,Bim cua,cook house,,Ăn vặt,9000,0,INACTIVE,,,2026-07-30T02:56:04.332Z,2026-07-30T02:57:01.947Z
d0bb74a7-26ac-426b-9101-9b3b7b255195,8938543758091,Snack Chicky,cook house,,Ăn vặt,9000,0,INACTIVE,,,2026-07-30T02:56:04.341Z,2026-07-30T02:57:01.959Z
4e525d8f-a30b-474b-bfd2-d8e021dfa02e,8938532962584,Bánh Gạo Hàn Quốc JinJu Vị Muối Hồng 134.4g,richy,,Bánh quy-Bánh que,21000,0,INACTIVE,,,2026-07-30T02:56:04.347Z,2026-07-30T02:57:01.964Z
4edf89a1-02b7-41b5-9eba-9c0d8f357314,6923388230637,Bộ Bài Double K,Double K,,Bài,12000,"6396,78",ACTIVE,,2026-08-19T11:08:08.515Z,2026-07-30T02:56:04.311Z,2026-08-19T11:08:08.547Z
805f4165-4797-4080-ba8b-dd77ec99f163,8936048474768,Trà Boncha Vị Đào 450ml,2Mart,,Boncha,15000,"6887,46",ACTIVE,,2026-08-18T18:39:48.121Z,2026-07-30T02:56:04.387Z,2026-08-18T18:39:48.148Z
143c8bfc-a762-4965-8397-166cf137be8b,8936057560995,TRỨNG GÀ ĂN LIỀN- Đen,2Mart,,Thức ăn nhanh,10000,6000,ACTIVE,,2026-08-19T20:43:55.760Z,2026-07-30T02:56:04.147Z,2026-08-19T20:43:55.802Z
4ee6982d-2c9e-4bc0-a635-9baa8b4dc7d0,6938888889896,TRÀ LY MECO DÂU VIỆT QUẤT,meco,,Nước trái cây,35000,0,INACTIVE,,,2026-07-30T02:56:04.412Z,2026-07-30T02:57:02.022Z
736a49bb-0c72-463b-a4e3-a8bb95348d70,6938888881593,TRÀ SỮA TRÁI CÂY MECO VỊ LỰU & NHO XANH,meco,,Nước trái cây,35000,0,INACTIVE,,,2026-07-30T02:56:04.422Z,2026-07-30T02:57:02.027Z
3ef9fd3c-c86b-403c-aaa4-e2ce2661cf84,6938888889827,Trà Meco Vị Chanh Thái 400ml,meco,,Nước trái cây,35000,0,INACTIVE,,,2026-07-30T02:56:04.431Z,2026-07-30T02:57:02.031Z
4954eec4-e38f-4c34-92a6-3cc5ef4eabdd,6938888882118,TRÀ TRÁI CÂY MECO VỊ VẢI CHANH DÂY,meco,,Nước trái cây,35000,0,INACTIVE,,,2026-07-30T02:56:04.446Z,2026-07-30T02:57:02.035Z
19f05289-f32a-42e2-8de8-21aecb098122,8938535068283,LA-CHÂN GÀ CAY ỚT XANH 40G L20C T8L,Làng an,,Ăn vặt,12000,0,INACTIVE,,,2026-07-30T02:56:04.479Z,2026-07-30T02:57:02.049Z
c12c486d-ac3a-436d-bbde-8dda213eaa95,8851727003032,SNACK BẮP PAPRIKA 68G,lays,,Bánh quy-Bánh que,45000,0,INACTIVE,,,2026-07-30T02:56:04.490Z,2026-07-30T02:57:02.052Z
2efd7cae-81da-4f76-92a2-4452f5a8b952,8851727003230,SNACK CORNAE CHEESE 68G,lays,,Bánh quy-Bánh que,45000,0,INACTIVE,,,2026-07-30T02:56:04.497Z,2026-07-30T02:57:02.054Z
b9828385-01e2-4014-a509-7322a4840396,8934803046205,Oishi Snack Bắp 4 Lớp Sốt Sriracha,oishi,,Oishi,15000,7300,ACTIVE,,2026-08-17T15:31:18.601Z,2026-07-30T02:56:04.502Z,2026-08-17T15:31:18.624Z
f3c7b603-78dc-4620-addb-d6cb16c1cf9d,8936000820251,Unif-Mì Kim Chi Hàn Quốc,mỳ unif,,Mì bát-ly-gói-hủ tiếu-phở,18900,0,INACTIVE,,,2026-07-30T02:56:04.511Z,2026-07-30T02:57:02.068Z
f9dc70b9-8c69-44bb-b9d0-b2b798f7ec71,8936000820244,Unif-Mì Bò Rau Thơm,mỳ unif,,Mì bát-ly-gói-hủ tiếu-phở,18900,0,INACTIVE,,,2026-07-30T02:56:04.526Z,2026-07-30T02:57:02.073Z
6765aaa2-9693-4bf4-9cb6-589e6e5a27ad,8936000820299,mì ly Lẩu Kim Chua Cay Unif 62g TGP,mỳ unif,,Mì bát-ly-gói-hủ tiếu-phở,12000,0,INACTIVE,,,2026-07-30T02:56:04.541Z,2026-07-30T02:57:02.085Z
e478545f-ec92-4f1a-bfcd-845cb164aba5,8934564600838,C2 Vị Chanh Tuyết Bạc Hà 455ml,c2,,C2,15000,7709,INACTIVE,,,2026-07-30T02:56:04.552Z,2026-07-30T02:57:02.090Z
17c34188-7f62-4ef0-a991-69c3367fb749,6956367177937,"Bánh kg Đài Loan, bánh bông lan hình waffle, vị trứng sữa",aixiangqin,,Bánh mì,6900,0,INACTIVE,,,2026-07-30T02:56:04.565Z,2026-07-30T02:57:02.093Z
8fe62312-7bcc-44a0-a6b4-a10947de2382,8938545500407,Xúc Xích Chubby Phômai 41g,HCT Family,,Thức ăn nhanh,7000,"5288,89",ACTIVE,,,2026-07-30T02:56:04.575Z,2026-07-30T02:57:02.098Z
ce269708-9803-47cf-8ac2-2751e34c729d,8938545324096,CHÂN GÀ RÚT XƯƠNG,Tap food,,Thức ăn nhanh,13000,6500,ACTIVE,,,2026-07-30T02:56:04.583Z,2026-07-30T02:57:02.101Z
ecfabd36-978b-4b4c-92c1-c89ed0db0617,8936029421972,Orion Masita Vị Bắp Kiểu Hàn Quốc 28g,orion,,Poca-Lay’s-Ostar-Swing-Orion,7500,0,INACTIVE,,,2026-07-30T02:56:04.588Z,2026-07-30T02:57:02.110Z
aec0de88-3206-4406-b0eb-1866566cf452,8936029421354,Orion Toonies Vị Phômai 32g,orion,,Poca-Lay’s-Ostar-Swing-Orion,7000,0,INACTIVE,,,2026-07-30T02:56:04.595Z,2026-07-30T02:57:02.115Z
568338a6-13c3-438f-8348-7ab1e3d6e9be,8934803042818,Oishi Snack Bắp Phô Mai,oishi,,Oishi,15000,7300,ACTIVE,,2026-08-14T18:10:14.379Z,2026-07-30T02:56:04.505Z,2026-08-14T18:10:14.400Z
3bd30ad0-0126-4194-afd2-f66a6739b384,8936036025552,Bánh Trung thu Orion BN6 Đậu xanh cốm TM 150g,orion,,Bánh quy-Bánh que,57000,0,INACTIVE,,,2026-07-30T02:56:04.614Z,2026-07-30T02:57:02.135Z
08d20415-b63e-442c-9011-7a0102c61fb4,8936036020137,Bánh trứng Custas Orion 12 cái / Hộp,orion,,Bánh quy-Bánh que,57000,0,INACTIVE,,,2026-07-30T02:56:04.621Z,2026-07-30T02:57:02.139Z
9f74acef-9ca9-4bd1-a1e2-ef52bb7a4e76,8851012010004,Sữa nesle gấu tăng chiều cao,2Mart,,Sữa-Sữa chua-Sữa dừa,15000,10416,ACTIVE,,,2026-07-30T02:56:04.626Z,2026-07-30T02:57:02.142Z
8b8513af-84ae-47f9-af9f-3d32eed3a390,8936036020380,Bánh Chocopie,orion,,Bánh quy-Bánh que,55000,0,INACTIVE,,,2026-07-30T02:56:04.631Z,2026-07-30T02:57:02.146Z
78a8c5c5-f92d-4413-a11f-ba624e1012dc,8936079561826,Sữa Dừa Vietcoco 330ml,Vietcoco,,Sữa-Sữa chua-Sữa dừa,22000,14250,ACTIVE,,2026-08-18T21:23:21.173Z,2026-07-30T02:56:04.605Z,2026-08-18T21:23:21.213Z
8671faf5-72ea-42f8-bcb2-b8a760b9a95f,8938543261164,Mực hấp dừa,HNP Food,,Đồ khô nhăm nhi,35000,0,INACTIVE,,,2026-07-30T02:56:04.646Z,2026-07-30T02:57:02.158Z
d482b94c-9679-479f-b593-8c9e6ea121c2,8936094140839,Kim Long-Đậu Phộng Tỏi Ớt,HNP Food,,Ăn vặt,14000,0,INACTIVE,,,2026-07-30T02:56:04.657Z,2026-07-30T02:57:02.162Z
09e28543-5b15-4c44-b89c-5966dd2ac0e0,8938543261140,HNP Food Bò Khô Sợi,HNP Food,,Ăn vặt,30000,0,INACTIVE,,,2026-07-30T02:56:04.665Z,2026-07-30T02:57:02.175Z
b4cd5e3f-66c8-4565-8e9a-120202d79676,8938543261287,HNP Food Khô Gà Lá Chanh,HNP Food,,Đồ khô nhăm nhi,23000,0,INACTIVE,,,2026-07-30T02:56:04.675Z,2026-07-30T02:57:02.186Z
7d96cf6a-1930-4149-a189-7f29376fc23f,8938543261133,HNP Food Mực Xé Cay,HNP Food,,Đồ khô nhăm nhi,32000,0,INACTIVE,,,2026-07-30T02:56:04.688Z,2026-07-30T02:57:02.189Z
08c4d094-09ec-4494-b1cb-2f4d7dab053e,8938545500506,Xúc Xích Mamifarm,mamifarm,,Thức ăn nhanh,5000,2300,ACTIVE,,,2026-07-30T02:56:04.702Z,2026-07-30T02:57:02.193Z
01474c13-8fd0-46ba-adde-a24217696bdb,SP000201,Combo Sữa Gấu Matcha-Kèm Đá,2Mart,,Sữa-Sữa chua-Sữa dừa,29500,0,ACTIVE,,,2026-07-30T02:56:04.712Z,2026-07-30T02:57:02.206Z
bace47ef-98a4-4073-b9c9-ace6814049ea,8809713916248,OKF-Nước uống vị Xoài 350ml,2Mart,,Nước uống có gas,25000,14000,INACTIVE,,,2026-07-30T02:56:04.724Z,2026-07-30T02:57:02.217Z
36787a08-3143-4c3f-b2db-d91bda604969,8935049501657,Fanta Hương Nho Thái 320ml,Fanta,,Nước uống có gas,15000,0,INACTIVE,,,2026-07-30T02:56:04.735Z,2026-07-30T02:57:02.230Z
10e7a755-d78d-4e30-863b-49a99257aace,8935049501589,Fanta Hương Xá Xị 320ml,Fanta,,Nước uống có gas,13500,0,INACTIVE,,,2026-07-30T02:56:04.738Z,2026-07-30T02:57:02.234Z
00ae3502-6ac8-4856-854d-58d15be7f578,8935049500957,MAX COFFEE 235ML LON,georgia max cafe,,Cà phê,15000,0,INACTIVE,,,2026-07-30T02:56:04.744Z,2026-07-30T02:57:02.238Z
8f78d460-36d1-4e35-ab2f-493892074334,8935049500254,Thums Up hương Kiwi 320ml,Thums up,,Nước uống có gas,15000,0,INACTIVE,,,2026-07-30T02:56:04.752Z,2026-07-30T02:57:02.244Z
2db16a6c-82c9-4eca-af5c-c4f68a909504,4897036691342,Monster Energy 355ml,Monster energy,,Nước uống có gas,28000,"19791,67",INACTIVE,,2026-08-19T17:21:07.003Z,2026-07-30T02:56:04.758Z,2026-08-19T17:21:07.014Z
94e255af-29ab-4d82-a4c6-eec338ef55d8,8934822171292,Strongbow nho đen,Strongbow Ciders,,Nước uống chứa cồn,27000,"17819,47",INACTIVE,,,2026-07-30T02:56:04.771Z,2026-07-30T02:57:02.257Z
d4c57267-668b-4675-a56e-ac9537e352c3,8934822121297,Strongbow dâu đỏ,Strongbow Ciders,,Nước uống chứa cồn,27000,"17847,33",ACTIVE,,,2026-07-30T02:56:04.776Z,2026-07-30T02:57:02.260Z
73e6676d-70f4-4ee3-ab09-f4faebc52fec,8934822111298,Strongbow táo vàng,Strongbow Ciders,,Nước uống chứa cồn,27000,"17775,2",ACTIVE,,,2026-07-30T02:56:04.784Z,2026-07-30T02:57:02.263Z
4cc0adf2-66de-42ca-8c0d-1ce56590b50f,8850228003510,Nước Tăng Lực Warrior Vị Dâu,Warior,,Nước uống có gas,15000,7500,INACTIVE,,,2026-07-30T02:56:04.790Z,2026-07-30T02:57:02.267Z
9365ec45-cc86-418e-91ef-dcb9e70929bf,SP000200,Nước Tăng Lực Warrior Vị Dâu,Warior,,Nước uống có gas,360000,180000,INACTIVE,,,2026-07-30T02:56:04.807Z,2026-07-30T02:57:02.271Z
babe1cf0-d964-4003-88d4-a998dd3e99cb,8996604465715,Gấu bông,2Mart,,Đồ dùng cá nhân,60000,0,ACTIVE,,2026-08-16T18:03:01.258Z,2026-07-30T02:56:04.635Z,2026-08-16T18:03:01.284Z
8787a11f-8960-471f-a8b0-ca7903592cc7,SP000199,Nước Tăng Lực Warrior Vị Nho,Warior,,Nước uống có gas,360000,"179800,32",ACTIVE,,,2026-07-30T02:56:04.819Z,2026-07-30T02:57:02.279Z
06421e26-14c8-435b-83a7-45a991789c82,8934563506155,Mì bát Acecook Nhớ lẩu thái 75g,ace cook,,Mì bát-ly-gói-hủ tiếu-phở,19000,"13390,81",ACTIVE,,2026-08-12T18:38:55.375Z,2026-07-30T02:56:04.877Z,2026-08-12T18:38:55.383Z
3152a297-ea70-492c-ad0b-a80fa3414ab1,8935212810012,DÂY DẦU GỘI ROMANO MAU XANH CLASSIC DELUXE SHAMPOO 5G DÂY 14 GÓI,Romano,,Dầu gội-Dầu xả,20000,"664,86",ACTIVE,,,2026-07-30T02:56:04.838Z,2026-07-30T02:57:02.285Z
3edb4411-cf8b-4c24-809a-c8cd0d7c733c,271126,DẦU VIÊM XOANG ĐÔNG Y,2Mart,,Dầu gió,18000,0,INACTIVE,,,2026-07-30T02:56:04.845Z,2026-07-30T02:57:02.289Z
50c25fa9-9b87-43a2-aff7-3ccf1316f29f,8997035600638,Pocari Sweet 500ml,2Mart,,Nước bù khoáng,19000,0,INACTIVE,,,2026-07-30T02:56:04.850Z,2026-07-30T02:57:02.292Z
246bcba2-b13e-4203-bb8f-3aa54cd40992,8934588763557,TRÀ Ô LÔNG XANH,Trung giang,,Nước trái cây,15000,7500,ACTIVE,,,2026-07-30T02:56:04.862Z,2026-07-30T02:57:02.294Z
6092f3eb-6423-4d60-88a7-c086799064d3,SP000196,TRÀ Ô LÔNG XANH,Trung giang,,Nước trái cây,0,180000,ACTIVE,,,2026-07-30T02:56:04.872Z,2026-07-30T02:57:02.297Z
03229b35-a050-48a2-82a0-8cd183bb8346,8855044051073,Mabu Coco Vị Dâu 320ml,mabu coco,,Nước topping thạch dừa,24000,16000,ACTIVE,,2026-08-18T17:48:46.323Z,2026-07-30T02:56:05.048Z,2026-08-18T17:48:46.342Z
1ccdb0f6-4145-4e04-8b92-874a3675afc3,8936079561819,Nước dừa tươi Vietcoco 330ml,Vietcoco,,Sữa-Sữa chua-Sữa dừa,22000,"14240,17",ACTIVE,,2026-08-18T21:23:21.173Z,2026-07-30T02:56:04.973Z,2026-08-18T21:23:21.213Z
e5977100-8db2-4fb0-b423-220597c7bea1,8935212811460,DẦU GỘI GÓI ROMANO ĐỎ,Romano,,Dầu gội-Dầu xả,3000,"664,86",ACTIVE,,2026-08-07T07:57:44.002Z,2026-07-30T02:56:04.826Z,2026-08-07T07:57:44.014Z
c80d6411-1282-467d-86e4-396f4a31c397,8934563122201,Mì Hảo Hảo Tôm Chua Cay 100gr,ace cook,,Mì bát-ly-gói-hủ tiếu-phở,9000,0,INACTIVE,,,2026-07-30T02:56:04.899Z,2026-07-30T02:57:02.337Z
368475cb-0c8b-41e3-a993-14f7546990cf,5038483234198,Durex Pleasuremax,Durex,,Đồ dùng cá nhân,60000,0,ACTIVE,,,2026-07-30T02:56:04.917Z,2026-07-30T02:57:02.352Z
792ae730-c4f6-4d70-8d31-0d586630e8f3,5010232955233,Durex Performa,Durex,,Đồ dùng cá nhân,60000,0,INACTIVE,,,2026-07-30T02:56:04.929Z,2026-07-30T02:57:02.356Z
bd602d49-775d-41b5-b998-1e2f32141c26,5038483151648,Durex Kingtex,Durex,,Đồ dùng cá nhân,60000,0,ACTIVE,,,2026-07-30T02:56:04.937Z,2026-07-30T02:57:02.359Z
14988345-24d9-4bac-821f-d0f34dcc3d36,5038483492901,Durex Ultima,Durex,,Đồ dùng cá nhân,60000,0,INACTIVE,,,2026-07-30T02:56:04.945Z,2026-07-30T02:57:02.362Z
94820272-935b-40ac-afa8-9f6ac5ed6869,5052197050233,Durex Invisible,Durex,,Đồ dùng cá nhân,60000,12000,ACTIVE,,,2026-07-30T02:56:04.953Z,2026-07-30T02:57:02.368Z
ad3e3343-cd27-4ebd-90f6-b9aa03fca1c2,8850163000100,Durex Fetherlite,Durex,,Đồ dùng cá nhân,60000,12000,ACTIVE,,,2026-07-30T02:56:04.959Z,2026-07-30T02:57:02.377Z
b1b9b56c-1a56-443a-bdb9-18adadaadef1,8934563550196,Mì Trộn Handy Hảo Hảo Tôm Chua Cay Tô 93g,ace cook,,Mì bát-ly-gói-hủ tiếu-phở,20000,"14666,67",ACTIVE,,2026-08-12T18:53:34.789Z,2026-07-30T02:56:04.883Z,2026-08-12T18:53:34.802Z
be111982-5001-4636-9a47-8167e3efeb5c,809939073549,Nước uống Milkis vị truyền thống,Milkis,,Sữa-Sữa chua-Sữa dừa,19000,0,INACTIVE,,,2026-07-30T02:56:04.983Z,2026-07-30T02:57:02.388Z
7ad345b9-68b6-4851-bdc8-d8e9519f3153,8801056791018,Nước uống Milkis sữa dâu tây,Milkis,,Sữa-Sữa chua-Sữa dừa,19000,0,INACTIVE,,,2026-07-30T02:56:04.990Z,2026-07-30T02:57:02.390Z
ffc64cc1-8ad7-4a52-803f-1b9d33640a54,809939084422,Nước uống Milkis sữa đào,Milkis,,Sữa-Sữa chua-Sữa dừa,19000,0,INACTIVE,,,2026-07-30T02:56:05.002Z,2026-07-30T02:57:02.393Z
a6e4eaf2-6742-480b-ad98-eec8f767ffee,8801056005672,NƯỚC UỐNG MILKIS SỮA DƯA GANG,Milkis,,Sữa-Sữa chua-Sữa dừa,19000,0,INACTIVE,,,2026-07-30T02:56:05.011Z,2026-07-30T02:57:02.403Z
b5717d2f-3fc6-4299-aafc-dd7a8e32d409,8934563116262,Mì Siukay Gói Hương Vị Gà Cay Phomai,ace cook,,Mì bát-ly-gói-hủ tiếu-phở,16000,11333,INACTIVE,,2026-08-19T17:20:19.365Z,2026-07-30T02:56:04.909Z,2026-08-19T17:20:19.394Z
22bca25b-e808-4182-8e9c-f009fe81ae26,8857126105124,Snack cơm cháy Thái- Vị Kem chua và Hành tây 60gr,Youngerfarm,,Cơm,23000,0,INACTIVE,,,2026-07-30T02:56:05.029Z,2026-07-30T02:57:02.413Z
733118ad-314d-41d9-b870-fb0f2249457e,8857126105803,Cơm cháy bò wagu,Youngerfarm,,Cơm,27000,0,INACTIVE,,,2026-07-30T02:56:05.033Z,2026-07-30T02:57:02.420Z
fb683676-1754-46b8-920e-f429a6f54d59,8857126105810,Cơm Cháy Thái Vị Cay 5 Cấp Độ 60g,Youngerfarm,,Cơm,23000,0,INACTIVE,,,2026-07-30T02:56:05.037Z,2026-07-30T02:57:02.426Z
2dbeede3-4e9c-40ea-92e6-01b9b55fb201,8857126105100,Snack Cơm Cháy Younger Farm Vị Phô Mai 60g,Youngerfarm,,Cơm,23000,0,INACTIVE,,,2026-07-30T02:56:05.041Z,2026-07-30T02:57:02.439Z
482b5d32-baec-45a4-9e43-7c2df78f2a9a,8857126105377,Bánh cốm rang giòn trứng muối 60gr,Youngerfarm,,Ăn vặt,23000,0,INACTIVE,,,2026-07-30T02:56:05.045Z,2026-07-30T02:57:02.449Z
18103b30-272e-4687-886e-5e560411974d,809939073648,Nước uống Milkis sữa chuối,Milkis,,Sữa-Sữa chua-Sữa dừa,19000,0,INACTIVE,,2026-08-16T13:29:07.903Z,2026-07-30T02:56:05.021Z,2026-08-16T13:29:07.914Z
67031f67-5150-45dc-98bb-1d2afd6f8dbb,8934563544201,Mì Bát Siukay Hương Vị Hải Sản,ace cook,,Mì bát-ly-gói-hủ tiếu-phở,21000,"14666,67",ACTIVE,,2026-08-19T21:19:28.508Z,2026-07-30T02:56:04.892Z,2026-08-19T21:19:28.536Z
957cd8bc-21a0-49c7-9b6a-3597659b415f,810051805116,Kẹo cầu vồng 80g,Amos,,kẹo,33000,0,INACTIVE,,,2026-07-30T02:56:05.062Z,2026-07-30T02:57:02.468Z
c271aa2c-19a9-4737-b183-bbc82565fed4,6976081070123,Trà ly mixeu vị chanh dây 630ml,mixeu,,Nước trái cây,29000,0,INACTIVE,,,2026-07-30T02:56:05.066Z,2026-07-30T02:57:02.471Z
da75c0bb-9de8-428a-b298-54f125aaf3e1,9556593151502,Hướng Dương Vị Caramel 108g,A1 AK KOH,,Ăn vặt,29000,0,INACTIVE,,,2026-07-30T02:56:05.080Z,2026-07-30T02:57:02.494Z
6bc27c7d-4c41-4fa0-93c6-191940ae6171,9556593151519,Hướng Dương Rang Muối 108g,A1 AK KOH,,Ăn vặt,29000,0,INACTIVE,,,2026-07-30T02:56:05.086Z,2026-07-30T02:57:02.500Z
a1eed0bd-fe52-407d-801e-2b8f91333b49,9556593151526,Hướng Dương Vị Dừa 108g,A1 AK KOH,,Ăn vặt,24000,0,INACTIVE,,,2026-07-30T02:56:05.092Z,2026-07-30T02:57:02.507Z
e635846c-0d3a-46b4-86bc-42385439b37e,9556593151557,Hướng Dương Vị Dừa 40g,A1 AK KOH,,Ăn vặt,13000,0,INACTIVE,,,2026-07-30T02:56:05.097Z,2026-07-30T02:57:02.513Z
cc461f47-b502-4090-add3-4c5a9809b128,9556593151533,Hướng Dương Vị Caramel 40g,A1 AK KOH,,Ăn vặt,13000,0,INACTIVE,,,2026-07-30T02:56:05.108Z,2026-07-30T02:57:02.518Z
21c20ff4-b2dc-4de9-b896-6eab1562e571,8938549708090,Bánh Tráng Trộn Vị Rong Biển,2Mart,,Ăn vặt,15000,7500,ACTIVE,,2026-08-17T19:29:04.736Z,2026-07-30T02:56:05.322Z,2026-08-17T19:29:04.766Z
52309315-5c9d-41cb-9f05-0d022f4140b5,8936067666045,bánh quy que Libra 186g,LIBRA,,Bánh quy-Bánh que,35000,0,INACTIVE,,,2026-07-30T02:56:05.130Z,2026-07-30T02:57:02.532Z
76f408b6-f5a0-4212-91e5-039d9af48802,8936067666274,Bánh cracker khoai tây giòn 150g/ Potato crisp crackers 150g,LIBRA,,Bánh quy-Bánh que,35000,0,INACTIVE,,,2026-07-30T02:56:05.142Z,2026-07-30T02:57:02.535Z
bde8ffd4-4f57-4dad-8d89-1e47486ca3e9,8936067666267,Bánh cracker hành giòn 150g/ Onion crisp crackers 150g,LIBRA,,Bánh quy-Bánh que,35000,0,INACTIVE,,,2026-07-30T02:56:05.150Z,2026-07-30T02:57:02.537Z
08ed335e-76ed-45dd-bb59-56af03f6b7d3,8936067665338,Bánh cracker mè đen Atela 150g/ Atela Black Sesame Crackers 150g,LIBRA,,Bánh quy-Bánh que,35000,0,INACTIVE,,,2026-07-30T02:56:05.154Z,2026-07-30T02:57:02.540Z
12d99461-92c3-433e-a647-c700b7c8f7f8,8936067666250,Bánh cracker bắp giòn 150g/ Corn crisp crackers 150g,LIBRA,,Bánh quy-Bánh que,35000,0,INACTIVE,,,2026-07-30T02:56:05.159Z,2026-07-30T02:57:02.542Z
c4e5b99c-73be-4b34-878f-5c57531734ac,8936067660548,Bánh Cà phê Braka,LIBRA,,Bánh quy-Bánh que,35000,0,INACTIVE,,,2026-07-30T02:56:05.173Z,2026-07-30T02:57:02.548Z
e1cc7d8f-b90b-48e5-8bd9-959bd5ac3678,8935212830652,"NƯỚC LAU SÀN MAX KLEEN NGÀN HOA NGỌT NGÀO 3,6KG",Max kleen,,Đồ dùng nhà cửa,100000,0,INACTIVE,,,2026-07-30T02:56:05.186Z,2026-07-30T02:57:02.558Z
c423a35f-84a7-4528-90db-8ee4944ac222,8935212830669,"NLS MAX KLEEN BAN MAI THANH MÁT 3,6KG",Max kleen,,Đồ dùng nhà cửa,100000,0,INACTIVE,,,2026-07-30T02:56:05.198Z,2026-07-30T02:57:02.561Z
abe6f1b6-e7be-4321-8e6a-428aaa69d5af,8935212830607,Lau san Maxkleen Ngàn Hoa Ngọt Ngào 1kg,Max kleen,,Đồ dùng nhà cửa,32000,0,INACTIVE,,,2026-07-30T02:56:05.205Z,2026-07-30T02:57:02.563Z
c3793401-097d-44a4-80cc-678104433cfe,8935212830591,NƯỚC LAU SÀN MAXKLEEN BAN MAI THANH MÁT,Max kleen,,Đồ dùng nhà cửa,35000,0,INACTIVE,,,2026-07-30T02:56:05.217Z,2026-07-30T02:57:02.575Z
5c7719d0-f304-44f6-9524-ca78c5ed018b,8935212830584,NƯỚC LAU SÀN NHÀ MAXKLEEN HƯƠNG NGÀN HOA NGỌT NGÀO 1KG,Max kleen,,Đồ dùng nhà cửa,35000,0,INACTIVE,,,2026-07-30T02:56:05.225Z,2026-07-30T02:57:02.587Z
8c16ce25-7c7c-4c01-a1ad-9b5bb2334abd,8935212830034,"Túi Nước Giặt Xả MaxKleen Hương Nước Hoa Huyền Diệu 2,4kg",Max kleen,,Đồ dùng nhà cửa,125000,0,INACTIVE,,,2026-07-30T02:56:05.246Z,2026-07-30T02:57:02.601Z
92ce17b7-6660-4135-878b-4026f38b7b00,8935212830027,"Túi Nước Giặt Xả MaxKleen Hương Hoa Nắng 2,4kg",Max kleen,,Đồ dùng nhà cửa,125000,0,INACTIVE,,,2026-07-30T02:56:05.251Z,2026-07-30T02:57:02.608Z
cd7eb5fe-708f-4331-9aba-d7e48b96e197,8935212812702,LĂN KHỬ MÙI ROMANO GENTLEMAN KHÔ THOÁNG VƯỢT TRỘI LỌ 25ML,Romano,,Đồ dùng cá nhân,45000,28916,ACTIVE,,,2026-07-30T02:56:05.256Z,2026-07-30T02:57:02.617Z
6ae7d8d5-23c1-491e-ac64-e178d784fb81,8935212812696,LĂN KHỬ MÙI ROMANO ATTITUDE KHÔ THOÁNG- HƯƠNG NAM TÍNH 20ML,Romano,,Đồ dùng cá nhân,45000,28916,ACTIVE,,,2026-07-30T02:56:05.260Z,2026-07-30T02:57:02.625Z
94d20689-b92e-4219-871c-1d4296df0102,8935212812689,Lăn Khử Mùi Nam Romano Classic 25ml,Romano,,Đồ dùng cá nhân,45000,28916,ACTIVE,,,2026-07-30T02:56:05.264Z,2026-07-30T02:57:02.630Z
38804a11-bccd-4b79-99dd-d3bb22dadacd,8935212800310,SỮA TẮM TRẮNG ENCHANTEUR CHARMING 175G,Enchanteur,,Đồ dùng cá nhân,60000,0,INACTIVE,,,2026-07-30T02:56:05.269Z,2026-07-30T02:57:02.634Z
e4aad09c-2b2d-44bc-b872-238188751054,8935212813563,tắm gội romano impress 180ml,Romano,,Dầu gội-Dầu xả,80000,0,INACTIVE,,,2026-07-30T02:56:05.273Z,2026-07-30T02:57:02.636Z
e733e0dd-fea5-4f30-aa59-41cb8e1de998,8935212804950,LĂN KHỬ MÙI H.NƯỚC HOA SENSATION 20ML,Enchanteur,,Đồ dùng cá nhân,45000,0,INACTIVE,,,2026-07-30T02:56:05.277Z,2026-07-30T02:57:02.639Z
00bfc933-8fcb-45f3-a299-2eac24401693,8935212800228,LĂN KHỬ MÙI HƯƠNG NƯỚC HOA PHÁP ENCHANTEUR DELUXE ROMANTIC 25ML,Enchanteur,,Đồ dùng cá nhân,45000,0,INACTIVE,,,2026-07-30T02:56:05.282Z,2026-07-30T02:57:02.644Z
f97ae93b-5841-4daf-9a06-8ce192ce99a6,8936013254944,Gift Xịt lau kính trà xanh 580ml,2Mart,,Đồ dùng nhà cửa,27000,0,INACTIVE,,,2026-07-30T02:56:05.287Z,2026-07-30T02:57:02.651Z
fc0ee686-bccd-4b8f-b6be-ad812da8d3a7,8936013254951,Nước Lau Kính Gift Sắc Biển 580ml,2Mart,,Đồ dùng nhà cửa,27000,0,INACTIVE,,,2026-07-30T02:56:05.291Z,2026-07-30T02:57:02.653Z
89b24807-e2ec-41c5-b48d-0b1921ea848b,8936013254517,Nước lau bếp Gift dạng chai 500ml,2Mart,,Đồ dùng nhà cửa,34000,0,INACTIVE,,,2026-07-30T02:56:05.296Z,2026-07-30T02:57:02.666Z
4cf684f4-4940-4d7a-ba1d-ffa335115fbf,8936013252117,Nước Tẩy Bồn Cầu Gift Đậm Đặc Siêu Sạch 600ml,2Mart,,Đồ dùng nhà cửa,31000,0,INACTIVE,,,2026-07-30T02:56:05.300Z,2026-07-30T02:57:02.682Z
bd12e5da-eb4e-463a-8b27-08419d2c1195,8936013254029,NƯỚC LAU SÀN GIFT LILY,2Mart,,Đồ dùng nhà cửa,34000,0,INACTIVE,,,2026-07-30T02:56:05.303Z,2026-07-30T02:57:02.689Z
9e74882e-b46a-4e3a-b26f-c5b17c435d43,8936013254012,NƯỚC LAU SÀN GIFT HƯƠNG YLANG 1L FLOOR CLEANER GIFT FRAGRANCE YLANG 1L,2Mart,,Đồ dùng nhà cửa,34000,0,INACTIVE,,,2026-07-30T02:56:05.307Z,2026-07-30T02:57:02.700Z
ed3a868c-46be-459e-a1e0-7c0ac1520d61,8936013254456,Lau sàn Gift Baby 1L/chai,2Mart,,Đồ dùng nhà cửa,34000,0,INACTIVE,,,2026-07-30T02:56:05.311Z,2026-07-30T02:57:02.708Z
1b155439-db6f-47ea-ac11-72bf58ef6365,8936013254098,Nước lau sàn hương hoa iris Gift Orchid 1 lít /Chai,2Mart,,Đồ dùng nhà cửa,34000,0,INACTIVE,,,2026-07-30T02:56:05.315Z,2026-07-30T02:57:02.712Z
274f58fa-54cb-4ddf-bcd5-1523b06ed208,8936013254180,Nước Lau Sàn Gift Hương Hoa Tulip 1l,2Mart,,Đồ dùng nhà cửa,34000,0,INACTIVE,,,2026-07-30T02:56:05.319Z,2026-07-30T02:57:02.716Z
5e3615af-92b4-45f4-9864-1e10371ec141,8938549708069,Bánh Tráng Trộn Vị Gà Quay,2Mart,,Ăn vặt,15000,7500,INACTIVE,,2026-08-09T14:52:59.755Z,2026-07-30T02:56:05.326Z,2026-08-09T14:52:59.791Z
b0210911-a837-4643-90e6-311b4f77be57,8938549708083,Bánh Tráng Trộn Vị Tôm,2Mart,,Ăn vặt,15000,7500,ACTIVE,,2026-08-18T11:53:11.322Z,2026-07-30T02:56:05.334Z,2026-08-18T11:53:11.358Z
8c7b8cd3-e31c-49d9-ba4d-dc30e4d6c8fa,8938549708076,Bánh Tráng Trộn Vị Sa Tế Bò,2Mart,,Ăn vặt,15000,7500,ACTIVE,,2026-08-14T16:19:02.307Z,2026-07-30T02:56:05.330Z,2026-08-14T16:19:02.317Z
ab48099a-6b82-441b-8805-1f58c229e9f8,SP000194,Bát Giấy Kèm Đũa,2Mart,,Dụng cụ ăn uống,5000,0,ACTIVE,,2026-08-19T17:20:19.365Z,2026-07-30T02:56:05.125Z,2026-08-19T17:20:19.394Z
5a781d0f-d3c6-4a58-b2e4-0e900c79a498,8934673581325,SỮA VINAMILK ÍT ĐƯỜNG 110ML,2Mart,,Sữa-Sữa chua-Sữa dừa,25000,0,INACTIVE,,,2026-07-30T02:56:05.339Z,2026-07-30T02:57:02.755Z
8f677b6b-db99-4a4a-865c-c3551d418e66,8934673581349,Vinamilk ít đường,2Mart,,Sữa-Sữa chua-Sữa dừa,35000,0,INACTIVE,,,2026-07-30T02:56:05.343Z,2026-07-30T02:57:02.758Z
bdd94ed0-b354-4e09-9910-d1da3a6c1fbd,8935217400355,TH Truemilk ít đường 180ml,2Mart,,Sữa-Sữa chua-Sữa dừa,40000,0,INACTIVE,,,2026-07-30T02:56:05.351Z,2026-07-30T02:57:02.764Z
39520ae7-0876-4a80-beaa-815ea5d166cd,8934804025766,Sữa Nestle Milo lúa mạch hộp 180ml,2Mart,,Sữa-Sữa chua-Sữa dừa,35000,0,INACTIVE,,,2026-07-30T02:56:05.355Z,2026-07-30T02:57:02.774Z
ca6ac374-7e2c-4f27-bbd8-93e240ee62c1,8934804025742,THỨC UỐNG LÚA MẠCH MILO NESTLE MILO PROTOMALT MILK 115ML,2Mart,,Sữa-Sữa chua-Sữa dừa,26000,0,INACTIVE,,,2026-07-30T02:56:05.359Z,2026-07-30T02:57:02.777Z
193aec2b-4a98-4a6b-8712-bdc88badea04,8935049501503,Coca-cola Vị Nguyên Bản 320ml,Cocacola,,Nước uống có gas,15000,7625,ACTIVE,,2026-08-18T17:39:33.975Z,2026-07-30T02:56:05.363Z,2026-08-18T17:39:34.000Z
d5161829-f5f9-45ef-8d15-4de658abc1ed,SP000192,Coca-cola Vị Nguyên Bản 320ml,Cocacola,,Nước uống có gas,90000,45750,ACTIVE,,,2026-07-30T02:56:05.368Z,2026-07-30T02:57:02.799Z
a27006d7-9e24-43d8-84a6-10a801ad79fb,SP000193,Coca-cola Vị Nguyên Bản 320ml,Cocacola,,Nước uống có gas,360000,183000,ACTIVE,,,2026-07-30T02:56:05.371Z,2026-07-30T02:57:02.806Z
71c452c3-4e5b-4717-a990-54f80b8fa20f,8935049501381,Coca-Cola Chai 1.5L,Cocacola,,Nước uống có gas,22000,0,INACTIVE,,,2026-07-30T02:56:05.375Z,2026-07-30T02:57:02.818Z
cef1d39e-03ae-4e9c-a704-daa350f27dca,SP000189,Coca-Cola Chai 1.5L,Cocacola,,Nước uống có gas,132000,0,INACTIVE,,,2026-07-30T02:56:05.379Z,2026-07-30T02:57:02.822Z
dbb7d918-4546-4a58-8148-f03bf12e49ed,8934674012910,Thuốc lá Craven Demi,thuốc lá,,thuốc lá,23000,15150,INACTIVE,,,2026-07-30T02:56:05.383Z,2026-07-30T02:57:02.826Z
7a568dc2-dd64-4208-be0a-3a356a073f4f,SP000188,Thuốc lá Craven Demi,thuốc lá,,thuốc lá,230000,151500,INACTIVE,,,2026-07-30T02:56:05.387Z,2026-07-30T02:57:02.841Z
d7f382a2-1fdb-402d-84a5-2d31c00cec47,8934603000193,Thuốc Sài Gòn Bạc,thuốc lá,,thuốc lá,25000,16800,INACTIVE,,,2026-07-30T02:56:05.392Z,2026-07-30T02:57:02.850Z
bd371c50-017a-447e-aa29-5a464ae2cbfb,SP000187,Thuốc Sài Gòn Bạc,thuốc lá,,thuốc lá,250000,168000,INACTIVE,,,2026-07-30T02:56:05.397Z,2026-07-30T02:57:02.853Z
9a2b94bd-7a93-46e3-9baf-c10b8dcf2d24,8934603802063,Thuốc lá Young Star Menthol,thuốc lá,,thuốc lá,18000,0,INACTIVE,,,2026-07-30T02:56:05.402Z,2026-07-30T02:57:02.861Z
9099bba5-4dd2-4ce0-9776-66aa0157fc84,SP000186,Thuốc lá Young Star Menthol,thuốc lá,,thuốc lá,150000,0,INACTIVE,,,2026-07-30T02:56:05.406Z,2026-07-30T02:57:02.868Z
6e382463-fd79-419e-b14c-c63713522a7e,SP000184,Thuốc lá Ngựa trắng,thuốc lá,,thuốc lá,300000,253000,INACTIVE,,,2026-07-30T02:56:05.414Z,2026-07-30T02:57:02.888Z
5dbb49c7-9cf8-4d8d-9726-d32757d6e76c,8934563138165,Mỳ Hảo Hảo Tôm Chua Cay 75g,Hảo Hảo,,Mì bát-ly-gói-hủ tiếu-phở,7000,"4037,88",ACTIVE,,2026-08-19T02:01:00.896Z,2026-07-30T02:56:05.492Z,2026-08-19T02:01:01.414Z
c6a4340c-0ed0-4686-8935-e7176d6ce9a7,8934647041206,Thuốc lá Ngựa trắng,thuốc lá,,thuốc lá,34000,25300,INACTIVE,,2026-08-09T06:09:05.048Z,2026-07-30T02:56:05.410Z,2026-08-09T06:09:05.060Z
bd883750-35be-4857-9330-cefa420c5194,8935005801012,Nước Khoáng La Vie 1.5 Lít,lavie,,Nước trái cây,15000,0,INACTIVE,,,2026-07-30T02:56:05.424Z,2026-07-30T02:57:02.916Z
ea2e49b0-e607-436e-a3b7-fb07a93a896b,8801043071710,Soda zero sữa dâu Chupa Chups 350ml,Ngọc thịnh,,Nước uống có gas,31000,0,INACTIVE,,,2026-07-30T02:56:05.432Z,2026-07-30T02:57:02.941Z
b9764f5d-e6c7-487f-b45c-555cbe00b317,8801043071741,Soda zero sữa dưa lưới Chupa Chups 350ml,Ngọc thịnh,,Nước uống có gas,31000,0,INACTIVE,,,2026-07-30T02:56:05.435Z,2026-07-30T02:57:02.952Z
9a9fbd02-2ba2-474f-af21-0a669a53cadc,8809005028970,SFC-Soda Vị Xoài 350ml,Ngọc thịnh,,Nước uống có gas,30000,19000,ACTIVE,,,2026-07-30T02:56:05.439Z,2026-07-30T02:57:02.961Z
39091088-07e9-4753-9f25-155cd8368969,8809005029571,SFC-Soda Vị Mận 350ml,Ngọc thịnh,,Nước uống có gas,30000,19000,INACTIVE,,,2026-07-30T02:56:05.443Z,2026-07-30T02:57:02.968Z
3d74180b-a7a1-4fb4-ada1-d4b828ed1cce,8809005029380,SFC-Soda Vị Quýt 350ml,Ngọc thịnh,,Nước uống có gas,30000,19000,INACTIVE,,,2026-07-30T02:56:05.446Z,2026-07-30T02:57:02.974Z
219dad4d-42fc-4a8c-b6e0-55867c5ffe37,SP000182,SFC-Soda Vị Quýt 350ml,Ngọc thịnh,,Nước uống có gas,336000,228000,INACTIVE,,,2026-07-30T02:56:05.450Z,2026-07-30T02:57:02.980Z
9a22a7ee-d940-451b-9c9e-8a62b1ae3be4,4902102019187,Coca-Cola Lon Nhật 160ml,Ngọc thịnh,,Nước uống có gas,20000,0,INACTIVE,,,2026-07-30T02:56:05.455Z,2026-07-30T02:57:02.994Z
8e62ec4a-c3c7-45a1-90a9-3250d0e5d6f0,SP000181,Coca-Cola Lon Nhật 160ml,Ngọc thịnh,,Nước uống có gas,600000,0,INACTIVE,,,2026-07-30T02:56:05.459Z,2026-07-30T02:57:03.002Z
f3bf39a4-e823-4303-9a0b-698e2ca1156f,884394002907,Cafe Mocha OKF,Ngọc thịnh,,Cà phê,25000,0,INACTIVE,,,2026-07-30T02:56:05.463Z,2026-07-30T02:57:03.011Z
84b09cc3-4840-4851-aebe-94d203214d9b,SP000179,Cafe Mocha OKF,Ngọc thịnh,,Cà phê,750000,0,INACTIVE,,,2026-07-30T02:56:05.467Z,2026-07-30T02:57:03.017Z
ec7c5fd4-f8ad-4d62-946c-8b7ad6571785,4902102034517,Fanta Vị Nho Nhật 160ml,Fanta,,Nước uống có gas,19000,0,INACTIVE,,,2026-07-30T02:56:05.470Z,2026-07-30T02:57:03.021Z
193e43e9-8939-435c-b87f-e7c1de9f30a8,SP000178,Fanta Vị Nho Nhật 160ml,Fanta,,Nước uống có gas,450000,0,INACTIVE,,,2026-07-30T02:56:05.474Z,2026-07-30T02:57:03.024Z
36a58be0-0add-4caa-adb6-d834571058fe,4902102034494,Fanta Vị Cam Nhật 160ml,Ngọc thịnh,,Nước uống có gas,19000,0,INACTIVE,,,2026-07-30T02:56:05.477Z,2026-07-30T02:57:03.034Z
5b51e10f-0d61-4c6b-a069-986e1a9f5ee2,SP000177,Fanta Vị Cam Nhật 160ml,Ngọc thịnh,,Nước uống có gas,450000,0,INACTIVE,,,2026-07-30T02:56:05.481Z,2026-07-30T02:57:03.040Z
ae547ca1-b5c9-41fd-8d0d-6035dbb9d891,4902102038690,Cocacola Nắp Vặn Nhật Bản,Cocacola,,Nước uống có gas,35000,0,INACTIVE,,,2026-07-30T02:56:05.485Z,2026-07-30T02:57:03.047Z
99096061-c873-4598-9bee-b6bb5d07873e,SP000176,Cocacola Nắp Vặn Nhật Bản,Cocacola,,Nước uống có gas,696000,0,INACTIVE,,,2026-07-30T02:56:05.488Z,2026-07-30T02:57:03.053Z
3fa71f8d-977b-44f2-b308-1be179e2a8ad,8935047670256,Thuốc Thăng Long Vuông,thuốc lá,,thuốc lá,19000,12100,INACTIVE,,2026-08-06T16:37:23.009Z,2026-07-30T02:56:05.417Z,2026-08-06T16:37:23.042Z
76f738be-2a2d-49a4-a227-cd2eec8f152f,8934563183158,Hảo Hảo Combo 3 Gói Tím Mua 2 tặng 1,Hảo Hảo,,Mì bát-ly-gói-hủ tiếu-phở,15000,0,INACTIVE,,,2026-07-30T02:56:05.495Z,2026-07-30T02:57:03.065Z
66116e42-53e0-4240-aa05-cb7890941ef4,8934563151157,Hảo Hảo Combo 4Gói Xanh,Hảo Hảo,,Mì bát-ly-gói-hủ tiếu-phở,7000,"3866,66",INACTIVE,,,2026-07-30T02:56:05.499Z,2026-07-30T02:57:03.078Z
17e336e9-09b2-43f5-a48f-70f868906e8b,8934563193263,Mì Siukay Gói Hương Vị Hải Sản,2Mart,,Mì bát-ly-gói-hủ tiếu-phở,16000,11250,ACTIVE,,2026-08-19T16:53:20.752Z,2026-07-30T02:56:05.503Z,2026-08-19T16:53:20.785Z
39e178ab-3cfe-4abc-8524-35053880991e,8850006930977,KEM ĐÁNH RĂNG COLGATE TRẺ EM 40G COLGATE CHILDREN'S TOOTHPASTE 40G,colgate,,Kem-bàn chải đánh răng,27000,17619,ACTIVE,,2026-08-07T10:47:37.553Z,2026-07-30T02:56:05.624Z,2026-08-07T10:47:37.577Z
4aa8fe2a-ab4c-4a00-816a-46421e58cddf,8809296888758,NƯỚC NGỌT CHAI POPORO VỊ TÁO 235ML,paldo,,Nước trái cây,19500,0,INACTIVE,,,2026-07-30T02:56:05.516Z,2026-07-30T02:57:03.100Z
214af1e4-c204-4ef1-8dc1-2f197e45217c,8809296880219,NƯỚC TRÁI CÂY PALDO PORORO HÀN QUỐC VIỆT QUẤT CHAI 235ML,paldo,,Nước trái cây,19500,0,INACTIVE,,,2026-07-30T02:56:05.520Z,2026-07-30T02:57:03.110Z
ca5f3a97-a9c1-4042-a2a1-63f4d0ccfb3d,8809296888734,NƯỚC PORORO HƯƠNG DÂU 235ML,paldo,,Nước trái cây,19500,0,INACTIVE,,,2026-07-30T02:56:05.524Z,2026-07-30T02:57:03.115Z
694e9346-d80a-4764-9f74-ec8420d17c6a,8936028641104,Mỳ xào Koreno vị gà phomai 24/gói,paldo,,Mì bát-ly-gói-hủ tiếu-phở,15000,0,INACTIVE,,,2026-07-30T02:56:05.528Z,2026-07-30T02:57:03.120Z
f4e8b283-e7bf-4ac7-8645-8193b7e6a743,8936028642132,MÌ LẨU THÁI KORENO,paldo,,Mì bát-ly-gói-hủ tiếu-phở,9000,0,INACTIVE,,,2026-07-30T02:56:05.533Z,2026-07-30T02:57:03.131Z
843dc871-47dd-43cf-b994-382c4b7daeb9,8936028641654,Mì Trộn Tương Đen Cay Koreno Gói 78g,paldo,,Mì bát-ly-gói-hủ tiếu-phở,12000,0,INACTIVE,,,2026-07-30T02:56:05.537Z,2026-07-30T02:57:03.134Z
6115a9d5-040d-44ee-8fe9-661cd5aa97fc,8936028641616,Koreno Mì Trộn Tương Đen,paldo,,Mì bát-ly-gói-hủ tiếu-phở,11000,0,INACTIVE,,,2026-07-30T02:56:05.541Z,2026-07-30T02:57:03.137Z
7e46d9e2-ce8c-493b-a385-2bcc4d6268e8,8936028642187,Mì ly Koreno Lẩu Thái vị Chua Cay,paldo,,Mì bát-ly-gói-hủ tiếu-phở,14000,0,INACTIVE,,,2026-07-30T02:56:05.544Z,2026-07-30T02:57:03.139Z
32b5a513-2f03-4fe9-a3d0-07d7e19edb94,8936028641531,Koreno Chajang Mì Trộn tương Đen,paldo,,Mì bát-ly-gói-hủ tiếu-phở,15000,0,INACTIVE,,,2026-07-30T02:56:05.548Z,2026-07-30T02:57:03.142Z
cde77212-8384-4297-ba08-7fa1f0c3764d,8934563619138,Mì Ly Modern Vị Lẩu Thái Tôm,2Mart,,Mì bát-ly-gói-hủ tiếu-phở,14000,"7650,04",ACTIVE,,2026-08-19T20:30:20.013Z,2026-07-30T02:56:05.511Z,2026-08-19T20:30:20.052Z
aed83b7a-7ca5-4736-a3bd-87789ad92f7a,SP000163,Hộp bánh Quế socola Cosy 132gr,2Mart,,Bánh quy-Bánh que,432000,"259999,92",INACTIVE,,,2026-07-30T02:56:05.555Z,2026-07-30T02:57:03.167Z
01795c94-acb8-481f-ae5b-d187e62cb634,8934680033084,Bánh quế vị kem dâu Cosy gói 132g,2Mart,,Bánh quy-Bánh que,18000,"10833,33",INACTIVE,,,2026-07-30T02:56:05.558Z,2026-07-30T02:57:03.180Z
4a103ceb-c7bb-40df-afe0-d65281b1a89d,SP000162,Bánh quế vị kem dâu Cosy gói 132g,2Mart,,Bánh quy-Bánh que,432000,"259999,92",INACTIVE,,,2026-07-30T02:56:05.562Z,2026-07-30T02:57:03.187Z
383be4ce-3891-4730-8143-68e64ee783a3,8934680033633,BANH QUE COSY XOAI XI MUOI,2Mart,,Bánh quy-Bánh que,18000,"10833,33",INACTIVE,,,2026-07-30T02:56:05.566Z,2026-07-30T02:57:03.191Z
808a3028-b305-4427-a326-02370a2a702a,SP000161,BANH QUE COSY XOAI XI MUOI,2Mart,,Bánh quy-Bánh que,432000,"259999,92",INACTIVE,,,2026-07-30T02:56:05.570Z,2026-07-30T02:57:03.204Z
cc64f7d8-b0c1-4798-9d31-bdb211bec7df,8934680042772,Bánh Trứng Solite Cupcake Dứa 360g,Kinh Đô,,Bánh quy-Bánh que,50000,0,INACTIVE,,,2026-07-30T02:56:05.575Z,2026-07-30T02:57:03.215Z
29f6d9d9-8497-469c-b3f7-97a409722470,8935304202657,SNACK RONG CUỘN NƯỚNG GIÒN 6G O'FOOD VỊ TRUYỀN THỐNG,ofood,,Ăn vặt,17000,0,INACTIVE,,,2026-07-30T02:56:05.586Z,2026-07-30T02:57:03.222Z
067473cc-9310-43d5-ae6d-0962b60799e0,8935304202657-1,SNACK RONG CUỘN NƯỚNG GIÒN 6G O'FOOD VỊ TRUYỀN THỐNG,ofood,,Ăn vặt,102000,0,INACTIVE,,,2026-07-30T02:56:05.590Z,2026-07-30T02:57:03.225Z
ee98845e-e1c3-4034-aa08-cf6ba7f2f8b5,8936099590011,Momoco công nghệ xanh,Momoco,,Khăn giấy,10000,0,INACTIVE,,,2026-07-30T02:56:05.595Z,2026-07-30T02:57:03.228Z
110aef8b-10b6-4468-a414-43c8ec37dcd8,SP000158,Momoco công nghệ xanh,Momoco,,Khăn giấy,160000,0,INACTIVE,,,2026-07-30T02:56:05.599Z,2026-07-30T02:57:03.230Z
e4f7be2f-4d7e-48eb-8e54-78f14447ffab,8935304202626,RONG BIỂN CUỘN VỊ PHÔ MAI O’FOOD,ofood,,Ăn vặt,15000,0,INACTIVE,,,2026-07-30T02:56:05.603Z,2026-07-30T02:57:03.233Z
68f2f795-019f-4df0-8acf-9abbf932374b,SP000160,RONG BIỂN CUỘN VỊ PHÔ MAI O’FOOD,ofood,,Ăn vặt,90000,0,INACTIVE,,,2026-07-30T02:56:05.607Z,2026-07-30T02:57:03.235Z
23095ed7-2b68-4c7b-9b75-159673a8035d,8935304202596,SNACK RONG CUỘN NƯỚNG GIÒN 6G O'FOOD VỊ MỰC,o'Food,,Ăn vặt,15000,0,INACTIVE,,,2026-07-30T02:56:05.611Z,2026-07-30T02:57:03.239Z
b902ee84-a3e4-4114-8bce-bed6c625c23e,SP000159,SNACK RONG CUỘN NƯỚNG GIÒN 6G O'FOOD VỊ MỰC,o'Food,,Ăn vặt,90000,0,INACTIVE,,,2026-07-30T02:56:05.615Z,2026-07-30T02:57:03.245Z
ce5fa6ad-0937-4eb1-993c-b74be0985067,4710168714812,Spiderrman Colgate Smile Toothbrush 5-9 Yrs,colgate,,Kem-bàn chải đánh răng,36000,0,INACTIVE,,2026-08-17T17:53:54.826Z,2026-07-30T02:56:05.619Z,2026-08-17T17:53:54.849Z
fbbb615c-eb2a-4d21-b344-cd721e052de1,8850006932278,KEM ĐÁNH RĂNG COLGATE TRẺ EM NGỪA SÂU RĂNG HƯƠNG DÂU 2 TUỔI 40G,colgate,,Kem-bàn chải đánh răng,10000,0,INACTIVE,,,2026-07-30T02:56:05.628Z,2026-07-30T02:57:03.260Z
c52f30d8-cbe0-4ef4-8a67-19f08da10768,8850006933015,Kem đánh răng Colgate Vitamin C 90g,colgate,,Kem-bàn chải đánh răng,23000,13000,ACTIVE,,,2026-07-30T02:56:05.633Z,2026-07-30T02:57:03.276Z
382c08c7-aee2-47c4-8c0a-a8c33da84091,8850006933022,Kem Đánh Răng Colgate Vitamin C 170gr,colgate,,Kem-bàn chải đánh răng,27000,0,INACTIVE,,,2026-07-30T02:56:05.638Z,2026-07-30T02:57:03.282Z
f121d402-6934-404f-8431-889a12f3b79b,6920354837180,Kem đánh răng Colgate Bạc Hà Pha Lê,colgate,,Kem-bàn chải đánh răng,47000,34906,ACTIVE,,,2026-07-30T02:56:05.642Z,2026-07-30T02:57:03.288Z
dc550d3f-69a2-4e9d-8ffa-5e831c5ee5d8,6920354827464,Kem đánh răng Colgate Than Tre,colgate,,Kem-bàn chải đánh răng,42000,0,INACTIVE,,,2026-07-30T02:56:05.646Z,2026-07-30T02:57:03.301Z
684b1e6e-de7b-48ee-8fb7-d4a1958943d5,8934680033114,Hộp bánh Quế socola Cosy 132gr,2Mart,,Bánh quy-Bánh que,18000,"10833,33",INACTIVE,,2026-08-18T19:21:35.280Z,2026-07-30T02:56:05.551Z,2026-08-18T19:21:35.298Z
70e5cef4-1b71-42bb-8ccf-3f3e139712c6,8850006932292,Kem đánh răng Colgate Bạc Hà,colgate,,Kem-bàn chải đánh răng,47000,32039,ACTIVE,,,2026-07-30T02:56:05.655Z,2026-07-30T02:57:03.307Z
a56a35d0-b33a-4c98-a800-d1d5ad235a71,SP000157,Mì Ly Cung Đình Bò Hầm,Cung đình,,Mì bát-ly-gói-hủ tiếu-phở,13500,0,INACTIVE,,,2026-07-30T02:56:05.659Z,2026-07-30T02:57:03.310Z
7aebdace-c031-4c10-908a-fea27a847a88,6923426703154,Xúc xích đầu trâu lớn,Ngọc thịnh,,Thức ăn nhanh,12000,0,INACTIVE,,,2026-07-30T02:56:05.663Z,2026-07-30T02:57:03.313Z
e220b633-89ad-4786-901e-76c427d36f63,6970293327617,Bánh Quẩy Rong Biển HAI TAI MA HUA 65Gr,Ngọc thịnh,,Ăn vặt,20000,0,INACTIVE,,,2026-07-30T02:56:05.667Z,2026-07-30T02:57:03.316Z
100d4151-4225-405b-95e4-20d65c131558,8850006932315,Kem đánh răng Colgate Trà Xanh,colgate,,Kem-bàn chải đánh răng,47000,32039,ACTIVE,,2026-08-05T17:37:50.092Z,2026-07-30T02:56:05.650Z,2026-08-05T17:37:50.113Z
e161687d-5e93-481f-85d7-2ce11eaa8476,6971586102140,Que cay Xiangxiang 70g,Ngọc thịnh,,Ăn vặt,17900,0,INACTIVE,,,2026-07-30T02:56:05.674Z,2026-07-30T02:57:03.332Z
c2bd8c0a-e7bd-4a51-96ac-adcbcf313ea4,6971586102157,Que cay vuông,Ngọc thịnh,,Ăn vặt,18000,0,INACTIVE,,,2026-07-30T02:56:05.678Z,2026-07-30T02:57:03.341Z
60cdedd1-c450-4f59-9791-aca436b6035e,6971586102171,Que cay tròn,Ngọc thịnh,,Ăn vặt,17000,0,INACTIVE,,,2026-07-30T02:56:05.681Z,2026-07-30T02:57:03.344Z
5bc29c98-2849-4b74-90c7-aa23dd91ddd0,8936117790928,KẸO NGẬM HABU LA HÁN QUẢ,2Mart,,kẹo,7000,0,INACTIVE,,,2026-07-30T02:56:05.685Z,2026-07-30T02:57:03.347Z
5c76e892-c1fc-4981-b7c7-967f9b7e7a5d,8936117790904,KẸO CHANH MUỐI EIKODO H/12G,2Mart,,kẹo,7000,0,INACTIVE,,,2026-07-30T02:56:05.689Z,2026-07-30T02:57:03.351Z
ae8a6579-9795-46a5-bbd0-2a79e69b40b0,8934681980691,BIORE SỮA TẮM KHÁNG KHUẨN MÁT LẠNH 800G,2Mart,,Đồ dùng cá nhân,135000,0,INACTIVE,,,2026-07-30T02:56:05.693Z,2026-07-30T02:57:03.354Z
538a51ec-2e4e-4ee5-9523-40cad58036cb,8934681082234,BIORE GUARD BODY FOAM HYGIENE RELAX 800G,2Mart,,Đồ dùng cá nhân,135000,0,INACTIVE,,,2026-07-30T02:56:05.697Z,2026-07-30T02:57:03.356Z
afe5e7db-ca28-4a56-a5fa-8611a774a07f,8934681082203,SỮA TẮM GUARD BIORE 800G,2Mart,,Đồ dùng cá nhân,135000,0,INACTIVE,,,2026-07-30T02:56:05.702Z,2026-07-30T02:57:03.359Z
f8d49198-8f3b-47cf-9d3f-cc069c7bc290,8934681596908,Sữa tắm Biore thanh mát từ thiên nhiên 850g,2Mart,,Đồ dùng cá nhân,135000,0,INACTIVE,,,2026-07-30T02:56:05.706Z,2026-07-30T02:57:03.361Z
8f6c6841-866c-4847-a80a-35d7f3f1d143,8934681129557,SỮA RỬA MẶT BIORE MEN SE KHÍT LỖ CHÂN LÔNG SACH MỤN CÁM 100G,2Mart,,Đồ dùng cá nhân,65500,0,INACTIVE,,,2026-07-30T02:56:05.710Z,2026-07-30T02:57:03.365Z
679a6bca-ef56-4f23-a4ec-3237db3175ca,8934681129533,SRM BIORE DEEP 100g,2Mart,,Đồ dùng cá nhân,65500,0,INACTIVE,,,2026-07-30T02:56:05.715Z,2026-07-30T02:57:03.367Z
b3f5136d-9c4b-4525-8846-0a33ba1b511f,8934681505108,SRM bior'e men sạch nhờn sáng da 100g,2Mart,,Đồ dùng cá nhân,65500,0,INACTIVE,,,2026-07-30T02:56:05.719Z,2026-07-30T02:57:03.369Z
5519cf56-f63c-42d8-aad7-f9b38bccd68e,4901301214614,Biore Khăn tẩy trang dưỡng ẩm 10 miếng,2Mart,,Đồ dùng cá nhân,31000,0,INACTIVE,,,2026-07-30T02:56:05.724Z,2026-07-30T02:57:03.372Z
6e40b499-5a7b-4b75-80bd-368958a93232,8934681978360,Nước tẩy trang Biore Perfect Cleansing Water 90ml,2Mart,,Đồ dùng cá nhân,62000,0,INACTIVE,,,2026-07-30T02:56:05.728Z,2026-07-30T02:57:03.375Z
660d8b12-4552-4aae-92ce-570f38e75882,8934681952445,Biore Nước tẩy trang không cồn sạch nhờn 90ml,2Mart,,Đồ dùng cá nhân,62000,0,INACTIVE,,,2026-07-30T02:56:05.732Z,2026-07-30T02:57:03.378Z
0a060747-ed92-4151-8181-19a308a2f61c,8934681028065,Sữa Rửa Mặt Bioré Trắng Hồng Tự Nhiên 50g,2Mart,,Đồ dùng cá nhân,42000,0,INACTIVE,,,2026-07-30T02:56:05.741Z,2026-07-30T02:57:03.383Z
7606cde4-6005-4383-b750-3e2774cb00c0,8934681028027,SỮA RỬA MẶT BIORE KHÁNG KHUẨN SẠCH MỤN 50G,2Mart,,Đồ dùng cá nhân,42000,0,INACTIVE,,,2026-07-30T02:56:05.745Z,2026-07-30T02:57:03.396Z
26e90b74-de25-4575-b721-e7b10eaa1237,8934681028041,SỮA RỬA MẶT BIORRE SẠCH NHỜN 50G,2Mart,,Đồ dùng cá nhân,42000,0,INACTIVE,,,2026-07-30T02:56:05.750Z,2026-07-30T02:57:03.410Z
25516f7c-af4b-46e1-9c8f-bdec21489295,8936036028133,Orion Toonies Vị Phomai 32g,orion,,Poca-Lay’s-Ostar-Swing-Orion,15000,0,INACTIVE,,,2026-07-30T02:56:05.754Z,2026-07-30T02:57:03.415Z
4bcd04e1-eef9-47b5-b0c2-19e76c0615fe,8936029421064,Orion Swing Vị Tảo Biển 55g,2Mart,,Poca-Lay’s-Ostar-Swing-Orion,15000,0,INACTIVE,,,2026-07-30T02:56:05.759Z,2026-07-30T02:57:03.420Z
6eb0580f-5125-4996-b95a-4a858b1aaa13,8936036029499,Orion Swing Vị Gà Teriyaka Osaka,orion,,Poca-Lay’s-Ostar-Swing-Orion,15000,0,INACTIVE,,,2026-07-30T02:56:05.764Z,2026-07-30T02:57:03.424Z
eed2a0d5-9ccf-4f8a-86a0-e2537caa9686,8936036029475,Orion Swing Vị Bò Bít Tết Kiểu NewYork 60g,2Mart,,Poca-Lay’s-Ostar-Swing-Orion,15000,0,INACTIVE,,,2026-07-30T02:56:05.769Z,2026-07-30T02:57:03.427Z
8cae6860-a0a6-4fb2-a844-6073a26f7058,8936036028829,Orion Toonies Vị Cay Kiểu Mexico 60g,2Mart,,Poca-Lay’s-Ostar-Swing-Orion,15000,0,INACTIVE,,,2026-07-30T02:56:05.772Z,2026-07-30T02:57:03.431Z
3339f5e2-6e18-460d-bd3d-432a22205fb0,8936036028836,Orion Toonies Vị Gà Rán 60g,orion,,Poca-Lay’s-Ostar-Swing-Orion,15000,0,INACTIVE,,,2026-07-30T02:56:05.776Z,2026-07-30T02:57:03.433Z
f4378293-42cf-4a4a-831d-34a4f924a171,8936036028119,Orion Toonies Vị Socola 60g,2Mart,,Poca-Lay’s-Ostar-Swing-Orion,15000,0,INACTIVE,,,2026-07-30T02:56:05.780Z,2026-07-30T02:57:03.436Z
976688ab-3fe9-4913-975b-9585ec66750a,8936036029819,Orion Masita Vị Bắp Bơ Kiểu Hàn Quốc 60g,2Mart,,Poca-Lay’s-Ostar-Swing-Orion,15000,0,INACTIVE,,,2026-07-30T02:56:05.784Z,2026-07-30T02:57:03.439Z
91299837-cf1d-4a76-9e8c-91810652c960,8936036029826,Orion Tayo Vị Tảo Biển,2Mart,,Poca-Lay’s-Ostar-Swing-Orion,15000,0,INACTIVE,,,2026-07-30T02:56:05.787Z,2026-07-30T02:57:03.443Z
b3bc6b06-b912-4c56-84dc-2a8855fe6720,8936036028751,Orion Tayo Vị Phomai Cay Tokpokki,orion,,Poca-Lay’s-Ostar-Swing-Orion,15000,0,INACTIVE,,,2026-07-30T02:56:05.791Z,2026-07-30T02:57:03.446Z
3cc17d24-0533-483c-ba91-a9def677e958,8936036025996,Orion CornChips Bắp Nướng Bơ 70g,orion,,Poca-Lay’s-Ostar-Swing-Orion,15000,0,INACTIVE,,,2026-07-30T02:56:05.796Z,2026-07-30T02:57:03.448Z
9b2c839b-c9d8-48aa-b95c-587812609074,8936036025309,Orion Tayo Trứng Muối 28g,2Mart,,Poca-Lay’s-Ostar-Swing-Orion,8000,0,INACTIVE,,,2026-07-30T02:56:05.799Z,2026-07-30T02:57:03.451Z
8065341d-bdee-4ec6-aa0f-d423a2c1f79d,8936036028652,Orion Tayo Vị Phômai Cay,2Mart,,Poca-Lay’s-Ostar-Swing-Orion,7500,0,INACTIVE,,,2026-07-30T02:56:05.803Z,2026-07-30T02:57:03.458Z
4c5a7db3-e354-4987-a925-405cda708432,8936036025293,Bánh Tayo Vị Tạo Ngọt,2Mart,,Poca-Lay’s-Ostar-Swing-Orion,8000,0,INACTIVE,,,2026-07-30T02:56:05.807Z,2026-07-30T02:57:03.460Z
c38f2533-a9ba-4b4a-aee0-a012d8a43ba8,8936036024067,Orion CornChips Vị Bắp Nướng Bơ 35g,orion,,Poca-Lay’s-Ostar-Swing-Orion,7500,0,INACTIVE,,,2026-07-30T02:56:05.810Z,2026-07-30T02:57:03.463Z
42b734dd-d311-494b-a7ad-da18c768fd88,8936036024166,Orion CornChips Vị Bắp Cay 35g,orion,,Poca-Lay’s-Ostar-Swing-Orion,7500,0,INACTIVE,,,2026-07-30T02:56:05.814Z,2026-07-30T02:57:03.465Z
4c341620-7c37-4ebb-a508-2d2bb9d2fd28,8936036029093,O’star Vị Kim Chi 55g,2Mart,,Poca-Lay’s-Ostar-Swing-Orion,15000,0,INACTIVE,,,2026-07-30T02:56:05.817Z,2026-07-30T02:57:03.468Z
093488fb-b947-46a7-b4ad-93775508a6f6,8936029421057,O’star Vị Xốt Mayo 50g,2Mart,,Poca-Lay’s-Ostar-Swing-Orion,15000,0,INACTIVE,,,2026-07-30T02:56:05.821Z,2026-07-30T02:57:03.474Z
8ff1f05b-b900-4e39-b535-7ee116b6b148,8936036029109,O’star Khoai Tây Tự Nhiên 60g,2Mart,,Poca-Lay’s-Ostar-Swing-Orion,15000,0,INACTIVE,,,2026-07-30T02:56:05.825Z,2026-07-30T02:57:03.485Z
d27b3d31-ceba-483b-9744-be8aab18402b,8934677038214,xylitol coca,,,Khác,32000,24000,ACTIVE,,,2026-08-13T05:27:44.452Z,2026-08-13T13:30:33.071Z
75a04664-86e9-4bab-aa91-1c3383d206f4,8936036026177,BÁNH GẠO AN VỊ TỰ NHIÊN,2Mart,,Ăn vặt,24000,0,INACTIVE,,,2026-07-30T02:56:05.836Z,2026-07-30T02:57:03.505Z
ca19b946-3dc6-4a72-9302-c927e87fea98,8936036026191,BÁNH GẠO NƯỚNG ORION AN VỊ TẢO BIỂN 111G ORION AN FLAVORED SEAWEED RICE CAKE 111G,2Mart,,Ăn vặt,24000,0,INACTIVE,,,2026-07-30T02:56:05.839Z,2026-07-30T02:57:03.512Z
bb3fe20a-a81c-4baf-95cc-6c6ad20efa3d,8936036027464,"BÁNH ĂN SÁNG CEST BON ORION SỢI THỊT GÀ SỐT KEM PHÔ MAI TÚI 101,5G 5 GÓIX 20.3G",2Mart,,Ăn vặt,23000,0,INACTIVE,,,2026-07-30T02:56:05.845Z,2026-07-30T02:57:03.520Z
bfb4972a-5d55-4f0b-9ae9-40846df6e580,7933494026153,BÁNH O RION C’EST BON! BÁNH ĂN SÁNG SỢI G’EST BON SỢI THỊT GÀ THƯC PHẨM BỔ SUNG,2Mart,,Ăn vặt,23500,0,INACTIVE,,,2026-07-30T02:56:05.848Z,2026-07-30T02:57:03.523Z
6c0cb00b-f399-4b45-ba5e-f60cd6493a01,8936036021165,BÁNH CÁ MARINE BỔ SUNG CANXI ĐỎ,2Mart,,Ăn vặt,16000,0,INACTIVE,,,2026-07-30T02:56:05.852Z,2026-07-30T02:57:03.526Z
a5a209f9-82ca-40bd-b262-5a782a39a71d,8936036021172,BÁNH CÁ MARINE BỔ SUNG CANXI,2Mart,,Ăn vặt,16000,0,INACTIVE,,,2026-07-30T02:56:05.856Z,2026-07-30T02:57:03.528Z
67f8bb8a-ba15-482d-9072-932eeb2ee125,8935136865303,Dầu Xả olive Chắc Khoẻ 250ml,2Mart,,Dầu gội-Dầu xả,75000,0,INACTIVE,,,2026-07-30T02:56:05.860Z,2026-07-30T02:57:03.531Z
c5c5470f-4b58-4068-ada2-f17ea1e3e02c,8935136865235,Dầu gội oliv ngăn gãy rụng,2Mart,,Dầu gội-Dầu xả,75000,0,INACTIVE,,,2026-07-30T02:56:05.864Z,2026-07-30T02:57:03.542Z
39629abf-fd61-4fed-b8c6-1c50b117e859,8935136865198,Dầu gội oliv bồng bềnh chai 250ml,2Mart,,Dầu gội-Dầu xả,75000,0,INACTIVE,,,2026-07-30T02:56:05.867Z,2026-07-30T02:57:03.553Z
9098a29c-9d69-4f9c-8e28-002648fa609d,8935136865181,dầu gội olliu chắc khoẻ bồng bềnh 650ML,2Mart,,Dầu gội-Dầu xả,175000,0,INACTIVE,,,2026-07-30T02:56:05.871Z,2026-07-30T02:57:03.559Z
54842dd5-0783-4175-9d83-dca283eed6a6,8935136865297,DẦU XẢ OLIV chắc khoẻ ngăn gãy rụng,2Mart,,Dầu gội-Dầu xả,175000,0,INACTIVE,,,2026-07-30T02:56:05.875Z,2026-07-30T02:57:03.562Z
c3f656b1-71fc-40a9-bcb1-acaf64024ee7,8935136865228,Dầu Gội Ôliv 650ml chắc khoẻ ngăn gãy rụng,2Mart,,Dầu gội-Dầu xả,175000,0,INACTIVE,,,2026-07-30T02:56:05.881Z,2026-07-30T02:57:03.573Z
ce2f9914-cf7b-413e-ae83-b1e5b5b32ac9,8935136862746,Tắm Gội X-men 2in1 Wood 5g,2Mart,,Dầu gội-Dầu xả,18000,0,INACTIVE,,,2026-07-30T02:56:05.887Z,2026-07-30T02:57:03.577Z
14a03633-159f-4626-bc7a-b67413ee1137,8935136865341,sữa tắm oliv dưỡng ẩm mềm mịn,2Mart,,Dầu gội-Dầu xả,75000,0,INACTIVE,,,2026-07-30T02:56:05.895Z,2026-07-30T02:57:03.588Z
f4645e01-9b06-4ef5-8c46-6a824c04eb8a,8935136865389,Sữa tắm oliv dưỡng ẩm sáng da,2Mart,,Dầu gội-Dầu xả,75000,0,INACTIVE,,,2026-07-30T02:56:05.900Z,2026-07-30T02:57:03.590Z
baad756a-2cd1-486f-9802-4a5bd8455904,8936065072251,Sữa Tắm Ôliv Dưỡng Ẩm Sáng Da 650ml,2Mart,,Dầu gội-Dầu xả,180000,0,INACTIVE,,,2026-07-30T02:56:05.904Z,2026-07-30T02:57:03.592Z
103eda0d-2017-4a1a-a64b-41e845871bd2,8935136865334,Sũa tắm ÔLIV Dưỡng ẩm mềm mịn,2Mart,,Dầu gội-Dầu xả,175000,0,INACTIVE,,,2026-07-30T02:56:05.908Z,2026-07-30T02:57:03.601Z
d9555aa2-8ae1-46d3-915e-c4ceeaa988ef,8935136865129,XMEN GÓI,2Mart,,Dầu gội-Dầu xả,18000,0,INACTIVE,,,2026-07-30T02:56:05.912Z,2026-07-30T02:57:03.604Z
fb33a934-6206-4d4a-b02f-046fa5d81bee,8935136873179,Dầu gội nước hoa X-men For Boss Perfumed Shampoo Fragrance No.9 180g,2Mart,,Dầu gội-Dầu xả,81000,0,INACTIVE,,,2026-07-30T02:56:05.916Z,2026-07-30T02:57:03.606Z
ae8a4e0a-4d41-4280-b8dd-01754548b932,8935136860278,Dầu Gội X-Men For Boss Nước Hoa Luxury 180g,2Mart,,Dầu gội-Dầu xả,81000,0,INACTIVE,,,2026-07-30T02:56:05.921Z,2026-07-30T02:57:03.613Z
19d8d167-6ea3-451a-9847-dd159f1a4f7f,8935136860339,Dầu gội XMEN FORBOSS 650g,2Mart,,Dầu gội-Dầu xả,215000,0,INACTIVE,,,2026-07-30T02:56:05.925Z,2026-07-30T02:57:03.628Z
c2664449-d2d5-42fe-887a-f29bf55a9997,8935136860452,Dầu Gội X Men For Boss Nước Hoa Luxury 650g,2Mart,,Dầu gội-Dầu xả,215000,0,INACTIVE,,,2026-07-30T02:56:05.929Z,2026-07-30T02:57:03.638Z
a1acbf11-2fd6-4392-b318-0a6a92a4f17e,8935136860902,DAU GOI NUOC HOA X-MEN WOOD SPORT THOM LAU 180GR 59.0 TG180W,2Mart,,Dầu gội-Dầu xả,72000,0,INACTIVE,,,2026-07-30T02:56:05.934Z,2026-07-30T02:57:03.641Z
30be6b7c-aa87-478b-9c10-e2a619da6dde,8935136863880,HMP. Sữa tắm GỘI TOÀN THÂN XMEN 2 IN 1 FIRE 650G,2Mart,,Dầu gội-Dầu xả,195000,0,INACTIVE,,,2026-07-30T02:56:05.938Z,2026-07-30T02:57:03.644Z
bb83c0ef-e82a-4a44-8913-4b03c9f3eed6,8935136860971,DẦU GỘI X-MEN DẦU GỘI NƯỚC HOA FIRE 12h SẠCH SÂU 180G,x men,,Dầu gội-Dầu xả,72000,0,INACTIVE,,,2026-07-30T02:56:05.942Z,2026-07-30T02:57:03.647Z
3fb8c4de-c5a2-4ce6-a159-dcd037825fc1,8935136860889,Dầu gội nước hoa X-Men Sport Wood 650g,x men,,Dầu gội-Dầu xả,195000,0,INACTIVE,,,2026-07-30T02:56:05.946Z,2026-07-30T02:57:03.650Z
1bd24f38-f668-43a7-a303-593f87fd1f8a,8888336033174,BĂNG VỆ SINH KOTEX BAN ĐÊM DẠNG QUẦN SIZE M-L 2 MIẾNG,2Mart,,Đồ dùng cá nhân,35000,0,INACTIVE,,,2026-07-30T02:56:05.950Z,2026-07-30T02:57:03.653Z
3440d850-ae32-43ac-b663-894d7b689982,8935107201970,BĂNG VỆ SINH KOTEX SIÊU BAN ĐÊM CÓ CANH 35CM 3 MIẾNG,2Mart,,Đồ dùng cá nhân,20000,0,INACTIVE,,,2026-07-30T02:56:05.954Z,2026-07-30T02:57:03.662Z
89831b1b-42ed-425c-a415-d7796deb453f,8935107202250,Kotex Hoa Anh Đào 20 miếng,2Mart,,Đồ dùng cá nhân,45000,0,INACTIVE,,,2026-07-30T02:56:05.957Z,2026-07-30T02:57:03.674Z
42e58fec-07dd-41fe-9f14-3a66d96d17fa,8935107202106,BVS Kotex Maxcool siêu mát 20m 23cm,2Mart,,Đồ dùng cá nhân,45000,0,INACTIVE,,,2026-07-30T02:56:05.961Z,2026-07-30T02:57:03.691Z
8ea2b3b8-3a5c-49d2-a90a-2e03316fc0b2,8935107202397,Băng Vệ Sinh Kotex Hoa Anh Đào Siêu Mỏng Cánh 23cm 8 Miếng,2Mart,,Đồ dùng cá nhân,22500,0,INACTIVE,,,2026-07-30T02:56:05.968Z,2026-07-30T02:57:03.702Z
dc717cf6-b106-4bb6-8c1b-ad6b619fea32,8935107202793,Kotex HN cool 20m,2Mart,,Đồ dùng cá nhân,25000,0,INACTIVE,,,2026-07-30T02:56:05.971Z,2026-07-30T02:57:03.714Z
cc8498d7-4a5a-4c31-92d2-6fdafecea2cd,8888336008080,BĂNG VỆ SINH KOTEX HẰNG NGÀY HƯƠNG TỰ NHIÊN KOTEX DAILY SANITARY PADS NATURAL FLAVOR,Kotex,,Đồ dùng cá nhân,18000,0,INACTIVE,,,2026-07-30T02:56:05.975Z,2026-07-30T02:57:03.723Z
53256881-0b5d-4e35-bb24-302f34530ff3,8938508055470,Bánh Sandwich chà bông VELA,vela,,Bánh mì,8000,0,INACTIVE,,,2026-07-30T02:56:06.517Z,2026-07-30T02:57:04.172Z
a7a05e5e-a10d-4e4a-a0ca-5ff58ee5dbbc,8935136860162,XMEN FORBOSS DẦU GỘI NƯỚC HOA INTENSE SAC 5G,2Mart,,Dầu gội-Dầu xả,18000,0,INACTIVE,,2026-08-06T15:44:38.777Z,2026-07-30T02:56:05.891Z,2026-08-06T15:44:38.804Z
ba3f154d-627f-4a6a-a1f7-504371b47fc1,8850157100533,Jele Beautie Jelly Carrageenan With L glutathione Mixed Fruit juice 150g,2Mart,,Nước trái cây,13000,0,INACTIVE,,,2026-07-30T02:56:05.983Z,2026-07-30T02:57:03.729Z
1e072f23-3b44-46af-809a-282df9897fc3,8850157102674,Nước Ép Trái Cây Jele L-carnitine Vị Vải 150g,2Mart,,Nước trái cây,13000,0,INACTIVE,,,2026-07-30T02:56:05.986Z,2026-07-30T02:57:03.738Z
2f9fdb7e-7603-4ead-befc-dbbcd248ab01,8850157100519,Nước Ép Trái Cây Thạch Jele Beautie Collagen 150g,2Mart,,Nước trái cây,13000,0,INACTIVE,,,2026-07-30T02:56:05.989Z,2026-07-30T02:57:03.740Z
a8cc0fe1-cbc4-42cf-b16f-ea3b2763547c,8850157100557,NƯỚC ÉP TRÁI CÂY THẠCH BLACKCURRANT- 150G,2Mart,,Nước trái cây,13000,0,INACTIVE,,,2026-07-30T02:56:05.993Z,2026-07-30T02:57:03.743Z
1709fc01-a464-4e48-bde0-646b4185b82f,8859470510128,Snack Mực Thái Lan vị sốt cay 100g 510128,2Mart,,Đồ khô nhăm nhi,25000,"18000,05",INACTIVE,,,2026-07-30T02:56:05.996Z,2026-07-30T02:57:03.755Z
4538f00f-96fb-435e-8868-718ebbe3afc2,8859470510135,SNACK MỰC THÁI LAN TALAETHONG GÓI 200G,2Mart,,Đồ khô nhăm nhi,40000,0,INACTIVE,,,2026-07-30T02:56:06.000Z,2026-07-30T02:57:03.762Z
f7d1df08-0538-4b36-b7d1-1ca2e5993699,8859470510081,SNACK MỰC VỊ RONG BIỂN,2Mart,,Đồ khô nhăm nhi,25000,"16000,2",INACTIVE,,,2026-07-30T02:56:06.005Z,2026-07-30T02:57:03.771Z
6b723219-0abd-4bfc-a07e-b5da5d2a902b,8859470510067,BÁNH SNACK MỰC VỊ TRUYỀN THỐNG THÁI LAN TALAETHONG 220G *23*,2Mart,,Đồ khô nhăm nhi,40000,0,INACTIVE,,,2026-07-30T02:56:06.013Z,2026-07-30T02:57:03.785Z
1bceac31-eee8-4206-9c02-5824f3047a47,8859470510050,BÁNH SNACK MỰC THÁI LAN TALAETHONG GÓI 220G TRUYỀN THỐNG,2Mart,,Đồ khô nhăm nhi,40000,0,INACTIVE,,,2026-07-30T02:56:06.016Z,2026-07-30T02:57:03.791Z
afeb6563-8c39-46b8-940b-f73c367191cf,8850157405331,Bento Mực Hải Sản Nướng Muối Ớt,Bento,,Đồ khô nhăm nhi,26000,"13999,83",ACTIVE,,2026-08-16T17:55:33.068Z,2026-07-30T02:56:06.025Z,2026-08-16T17:55:33.112Z
f74024f8-bfac-41a2-8d55-2e6e3f37408d,8936011779197,Sữa Chua Dẻo Vị Phômai,mario,,Kem Ăn,7000,"3862,06",ACTIVE,,2026-08-19T19:52:59.824Z,2026-07-30T02:56:06.175Z,2026-08-19T19:52:59.864Z
a45300c3-9d42-4005-a2c0-22426d6ac670,8850157406956,Bento Mực Sốt Gochujang,Bento,,Đồ khô nhăm nhi,26000,"13999,67",INACTIVE,,2026-08-07T16:36:11.855Z,2026-07-30T02:56:06.020Z,2026-08-07T16:36:11.867Z
443b1407-f858-4141-a540-076c73e18e10,8850157403610,Bento Mực Tẩm Gia Vị Hải Sản Siêu Cay,Bento,,Đồ khô nhăm nhi,26000,"13999,51",ACTIVE,,,2026-07-30T02:56:06.028Z,2026-07-30T02:57:03.821Z
f2df8923-3d9f-4e3d-b8ca-164d037ad9b3,8935342400022,Dorkbua Vị Truyền Thống 60g,2Mart,,Ăn vặt,14000,"6842,19",ACTIVE,,2026-08-19T20:13:43.785Z,2026-07-30T02:56:06.064Z,2026-08-19T20:13:43.803Z
47e44b25-0a63-40eb-9f76-c319e5e7c8ea,8850157400190,Bento mực cam tẩm gia vị,2Mart,,Đồ khô nhăm nhi,26000,0,INACTIVE,,,2026-07-30T02:56:06.035Z,2026-07-30T02:57:03.827Z
02b3b662-64de-4f39-8046-a40792ddb2bf,8850157400022,Bento Mực Tẩm Gia Vị Cay,Bento,,Đồ khô nhăm nhi,26000,0,INACTIVE,,,2026-07-30T02:56:06.038Z,2026-07-30T02:57:03.829Z
8500ea4d-9087-41b9-96a8-c4b4f05c5bb8,8850157514507,Dorkbua Bánh Que Đùi Gà Vị Rong Biển,2Mart,,Ăn vặt,21000,"13999,61",INACTIVE,,,2026-07-30T02:56:06.042Z,2026-07-30T02:57:03.833Z
0dc33f28-1fa3-45e5-a273-3de997b480c6,8936011774031,Merino Superteen Vị Socola,mario,,Kem Ăn>>Kem Merino,15000,10520,ACTIVE,,2026-08-19T14:34:50.866Z,2026-07-30T02:56:06.160Z,2026-08-19T14:34:50.889Z
c5e81bb4-0b2f-4283-bbbe-41470c2f40c4,8935342400060,Dorkbua Vị Tomyum 62g,2Mart,,Ăn vặt,14000,"7900,2",ACTIVE,,2026-08-18T17:43:12.059Z,2026-07-30T02:56:06.051Z,2026-08-18T17:43:12.076Z
5ca3ecaf-6626-444c-84a2-64844d781222,8850157516488,Dorkbua Bánh Que Đùi Gà Vị Cay,2Mart,,Ăn vặt,21000,"13999,61",INACTIVE,,2026-08-14T17:46:59.685Z,2026-07-30T02:56:06.046Z,2026-08-14T17:46:59.695Z
fbf7753d-7aa4-4dd1-8f2c-cb127110c41e,8850157528245,Dorkbua Vị Mực Sốt Cay 62g,2Mart,,Ăn vặt,15000,"7884,83",INACTIVE,,,2026-07-30T02:56:06.073Z,2026-07-30T02:57:03.852Z
36ecd1a0-0be0-470c-9a7a-0ef3c1eafd1a,8935342400084,Dorkbua Vị Thịt Xông Khói 62g,2Mart,,Ăn vặt,14000,"7884,83",ACTIVE,,2026-08-16T13:52:15.206Z,2026-07-30T02:56:06.081Z,2026-08-16T13:52:15.231Z
bd5803c1-71c4-4c3c-8042-2d7896eaa910,8936011772044,Merino Đậu Xanh Hương Sầu Riêng,mario,,Kem Ăn>>Kem Merino,9000,0,INACTIVE,,2026-08-17T07:11:03.716Z,2026-07-30T02:56:06.140Z,2026-08-17T07:11:03.727Z
18121750-1b09-4cd6-9149-3f7f73545ec0,8936011772129,kem NuVi Lúa mạch,mario,,Kem Ăn,12000,0,INACTIVE,,,2026-07-30T02:56:06.089Z,2026-07-30T02:57:03.866Z
50fb7dd3-59fb-485f-96fc-86ce9c59ce5c,8936011770552,Merino Collectione Dừa Bến Tre,mario,,Kem Ăn>>Kem Merino,16000,0,INACTIVE,,,2026-07-30T02:56:06.092Z,2026-07-30T02:57:03.869Z
6ceb3753-1702-42cf-b4dc-aba2dceb2465,8936011775403,Merino Yeah Cacao Socola Đậu Phộng,mario,,Kem Ăn>>Kem Merino,15000,"10383,33",ACTIVE,,,2026-07-30T02:56:06.101Z,2026-07-30T02:57:03.882Z
4620653d-c1af-459c-b95a-d26c79144f5e,8936011776585,Merino X Plus Lõi Xốt Đậu Đỏ,mario,,Kem Ăn>>Kem Merino,15000,9800,INACTIVE,,,2026-07-30T02:56:06.108Z,2026-07-30T02:57:03.890Z
8f575bf3-4c44-48fa-9cea-94c6b428aa19,8936011776578,Merino X Plus Lõi Xốt Đậu Xanh,mario,,Kem Ăn>>Kem Merino,15000,9800,ACTIVE,,,2026-07-30T02:56:06.120Z,2026-07-30T02:57:03.895Z
501f4409-0383-4393-ae0c-7a788ff295dc,8936011775724,Merino Kem Dưa Hấu,mario,,Kem Ăn>>Kem Merino,12000,"4134,38",ACTIVE,,,2026-07-30T02:56:06.127Z,2026-07-30T02:57:03.898Z
3b9e0404-d87c-413f-8ef9-3ee8944eb91d,8936011775908,Merino Gấu Cutie Bear Socola Sữa,mario,,Kem Ăn>>Kem Merino,17000,0,INACTIVE,,,2026-07-30T02:56:06.136Z,2026-07-30T02:57:03.903Z
f9f07b07-9766-4c47-97e8-1a5e46fbf9b4,8850157407007,Bento mực vị sốt cay hàn quốc,Bento,,Đồ khô nhăm nhi,26000,"13999,58",INACTIVE,,2026-08-16T03:43:06.425Z,2026-07-30T02:56:06.022Z,2026-08-16T03:43:06.439Z
c30377a5-16aa-4d29-a7ea-dd3cf1898772,8936011773959,Kem Bánh Cá Trà Sữa Trân Châu,mario,,Kem Ăn,23000,"16333,33",INACTIVE,,,2026-07-30T02:56:06.144Z,2026-07-30T02:57:03.911Z
3a0f78a7-ad42-4531-8d6f-e2fa93ff3b46,8936011773065,Merino Ly Vị Dâu,mario,,Kem Ăn>>Kem Merino,14000,"8791,75",ACTIVE,,,2026-07-30T02:56:06.147Z,2026-07-30T02:57:03.914Z
f759443e-32eb-4a28-927f-99b1d6e7e73f,8936011771177,Kem Ốc Quế Celano Hương Socola,mario,,Kem Ăn>>Kem Merino,22000,"16666,67",ACTIVE,,,2026-07-30T02:56:06.152Z,2026-07-30T02:57:03.918Z
b5566956-0323-47b6-bb18-c83d3f238478,8935342400220,Dorkbua Vị Bò Bít Tết 62g,2Mart,,Ăn vặt,14000,"7700,09",ACTIVE,,2026-08-19T20:09:50.965Z,2026-07-30T02:56:06.058Z,2026-08-19T20:09:51.007Z
aa31d8e7-6eba-4ed1-b828-a844459cf15a,8850157402231,Bento Hải Sản Tẩm Gia Vị Ớt Cực Cay,Bento,,Đồ khô nhăm nhi,26000,"13999,6",ACTIVE,,2026-08-19T14:32:31.771Z,2026-07-30T02:56:06.031Z,2026-08-19T14:32:31.811Z
50ad2c99-4fa8-4d9f-9789-a5faac2de8f2,8936011774024,Merino Superteen Vị Vani Socola,mario,,Kem Ăn>>Kem Merino,15000,"10065,26",ACTIVE,,,2026-07-30T02:56:06.166Z,2026-07-30T02:57:03.930Z
498a8958-2aeb-461e-807b-7d0af00fed81,8935342400237,Dorkbua Vị Thịt Bò Nướng BBQ 62g,2Mart,,Ăn vặt,14000,"7884,81",INACTIVE,,2026-08-16T13:31:17.856Z,2026-07-30T02:56:06.077Z,2026-08-16T13:31:17.873Z
eb9c8b9e-9eed-4a16-af05-8ee3b32bc708,8936136168777,Omachi-Mì Trộn Thịt Xiên Nướng,omachi,,Mì bát-ly-gói-hủ tiếu-phở,19900,0,ACTIVE,,,2026-07-30T02:56:06.184Z,2026-07-30T02:57:03.951Z
d08871ab-c5f1-48dd-9971-c5cc29012f8b,8936136167879,Mì Kokomi Ly Tôm,omachi,,Mì bát-ly-gói-hủ tiếu-phở,13000,0,INACTIVE,,,2026-07-30T02:56:06.188Z,2026-07-30T02:57:03.959Z
53585878-767d-46d8-9adf-68a749104236,8936221041794,Omachi-Mì Hương Xốt Bò Bầm,omachi,,Mì bát-ly-gói-hủ tiếu-phở,19000,"11999,82",ACTIVE,,2026-08-18T17:23:10.642Z,2026-07-30T02:56:06.219Z,2026-08-18T17:23:10.672Z
7e77e46e-7165-4fd9-8896-f9b6f13accc9,8936136160825,Omachi-Mì Trộn Xốt Phômai Trứng Muối (Cũ),omachi,,Mì bát-ly-gói-hủ tiếu-phở,19900,0,INACTIVE,,,2026-07-30T02:56:06.209Z,2026-07-30T02:57:03.974Z
4b48f776-2e26-43aa-8846-2f5be915d58b,8936221041756,Omachi Gói Xốt Bò Hầm,omachi,,Mì bát-ly-gói-hủ tiếu-phở,12000,7000,ACTIVE,,2026-08-15T18:47:26.256Z,2026-07-30T02:56:06.191Z,2026-08-15T18:47:26.285Z
11677500-a9c2-4d44-a8d3-98830672cade,8936221041800,Omachi-Mì Hương Vị Lẩu Tôm Càng,omachi,,Mì bát-ly-gói-hủ tiếu-phở,18000,12000,INACTIVE,,,2026-07-30T02:56:06.223Z,2026-07-30T02:57:03.991Z
c415b3d3-42c8-49c4-8777-f75c28876fa9,8936136167824,Kokomi Đại Mua 1 Tặng 1,omachi,,Mì bát-ly-gói-hủ tiếu-phở,11000,0,INACTIVE,,,2026-07-30T02:56:06.234Z,2026-07-30T02:57:04.003Z
9315b3b7-c3b3-433b-b57d-2817a4e761d0,8936136163239,MÌ KOKOMI 90G,omachi,,Mì bát-ly-gói-hủ tiếu-phở,7500,0,INACTIVE,,,2026-07-30T02:56:06.237Z,2026-07-30T02:57:04.008Z
3065f16f-5448-494e-9d27-1cdd94567754,8935304200783,"RONG BIỂN GIÒN TRỘN ÓC CHÓ, HẠNH NHÂN , HẢI SẢN OFOOD 30G",ofood,,Ăn vặt,42000,0,INACTIVE,,,2026-07-30T02:56:06.240Z,2026-07-30T02:57:04.015Z
0025b3b6-95d1-4b0d-9557-bd383d033c07,8935304200769,RONG BIỂN GIÒN TRỘN KHÔ GÀ 40G,ofood,,Ăn vặt,42000,0,INACTIVE,,,2026-07-30T02:56:06.254Z,2026-07-30T02:57:04.019Z
547cd10b-0a4e-413e-abdf-066809d5d577,8935304200240,RONG BIỂN SẤY GIÒN TRỘN GIA VỊ O'FOOD 30G*30 GÓI,ofood,,Ăn vặt,42000,0,INACTIVE,,,2026-07-30T02:56:06.267Z,2026-07-30T02:57:04.022Z
142f08d1-b0b2-46f2-9a28-e7ce0683ef0f,8935304200134,Tokpokki O’food vị truyền thống 105g,ofood,,Tokpokki,31000,0,INACTIVE,,,2026-07-30T02:56:06.278Z,2026-07-30T02:57:04.029Z
e86916e5-227e-454b-ae6f-0b1d20237382,8935304200622,Tokpokki O’food vị tương đen 105G,ofood,,Tokpokki,31000,0,INACTIVE,,,2026-07-30T02:56:06.284Z,2026-07-30T02:57:04.041Z
0cc431c5-3a10-499d-b0ed-efed27d6164b,8935304200608,Tokpokki O’food tròn vị phô mai 105g,ofood,,Tokpokki,31000,0,INACTIVE,,,2026-07-30T02:56:06.297Z,2026-07-30T02:57:04.048Z
d6ec5297-cc36-43e4-8de2-27918d64e3be,8935304200141,Tokpokki O’food vị phô mai 105g,ofood,,Tokpokki,31000,0,INACTIVE,,,2026-07-30T02:56:06.308Z,2026-07-30T02:57:04.056Z
3f37282b-d17e-4773-9a02-eff2881cd9ba,8936079280208,Muối ơt chanh Nha Trang DH FOODS 200G + HT,DH Food,,Muối chấm,26500,0,INACTIVE,,,2026-07-30T02:56:06.323Z,2026-07-30T02:57:04.069Z
3f6ed026-abd4-49f3-90f3-fc3408273ab9,8936079284824,Muối tôm sấy 110g,DH Food,,Muối chấm,29500,0,INACTIVE,,,2026-07-30T02:56:06.327Z,2026-07-30T02:57:04.074Z
ff3183e4-e970-40f5-a766-928d7c3848b0,SP000156,Muối tôm sấy 110g,DH Food,,Muối chấm,177000,0,INACTIVE,,,2026-07-30T02:56:06.333Z,2026-07-30T02:57:04.089Z
12af4988-2c59-4434-aa57-bcd7c3af6429,8936079280819,MUỐI ỚT TÂY NINH 110g DH,DH Food,,Muối chấm,29000,0,INACTIVE,,,2026-07-30T02:56:06.344Z,2026-07-30T02:57:04.096Z
19c7bb82-3780-4662-a80c-d383cb6ab979,SP000155,MUỐI ỚT TÂY NINH 110g DH,DH Food,,Muối chấm,174000,0,INACTIVE,,,2026-07-30T02:56:06.354Z,2026-07-30T02:57:04.102Z
1bca63cf-bdeb-4e7b-9567-3af24e0a4210,8936079282448,DH-Muối tôm ớt Tây Ninh 120g T24L,DH Food,,Muối chấm,32000,0,INACTIVE,,,2026-07-30T02:56:06.370Z,2026-07-30T02:57:04.106Z
5d662bd8-dc31-44f9-b792-c171e5ce5a5d,SP000154,DH-Muối tôm ớt Tây Ninh 120g T24L,DH Food,,Muối chấm,192000,0,INACTIVE,,,2026-07-30T02:56:06.377Z,2026-07-30T02:57:04.109Z
b6a55b4d-f785-43f8-b0c4-e1af6d243993,8936079287795,Muối chấm hoa qua DH 50g,DH Food,,Muối chấm,15000,0,INACTIVE,,,2026-07-30T02:56:06.390Z,2026-07-30T02:57:04.111Z
a7c8a0db-f177-45b2-9c10-a15e8c8d0db4,SP000153,Muối chấm hoa qua DH 50g,DH Food,,Muối chấm,90000,0,INACTIVE,,,2026-07-30T02:56:06.399Z,2026-07-30T02:57:04.114Z
eb3771bc-24ca-47f6-837e-9cabd7bd632b,8936079282288,MUỐI ỚT HỘT DH FOOD 65G,DH Food,,Muối chấm,18500,0,INACTIVE,,,2026-07-30T02:56:06.407Z,2026-07-30T02:57:04.117Z
b50d125d-10d5-4d2d-a34f-80a2b546947c,SP000152,MUỐI ỚT HỘT DH FOOD 65G,DH Food,,Muối chấm,111000,0,INACTIVE,,,2026-07-30T02:56:06.412Z,2026-07-30T02:57:04.122Z
26be636e-1c05-4b00-ad85-1bba4106f57e,8994834002595,THÙNG 24 GÓI Gemal MÌ ENAAK Extra Hương gà,Kido’s Bakery,,Ăn vặt,7500,0,INACTIVE,,,2026-07-30T02:56:06.415Z,2026-07-30T02:57:04.124Z
a7381ad5-d4ba-4923-a79c-75ea7db775cc,SP000151,THÙNG 24 GÓI Gemal MÌ ENAAK Extra Hương gà,Kido’s Bakery,,Ăn vặt,216000,0,INACTIVE,,,2026-07-30T02:56:06.420Z,2026-07-30T02:57:04.127Z
8f32557e-97a1-4a92-a621-27b049b6f32c,SP000164,THÙNG 24 GÓI Gemal MÌ ENAAK Extra Hương gà,Kido’s Bakery,,Ăn vặt,1296000,0,INACTIVE,,,2026-07-30T02:56:06.430Z,2026-07-30T02:57:04.129Z
53ece7da-15ca-4a1c-8f14-092f23365869,8938508055753,BÁNH MÌ TƯƠI VELA HƯƠNG VỊ DÂu,vela,,Bánh mì,9000,0,INACTIVE,,,2026-07-30T02:56:06.440Z,2026-07-30T02:57:04.131Z
d94dd831-9892-4021-ac03-0c21c6efb232,8938508055258,BÁNH HAMBURGER VỊ SOCOLA VELA 45G VELA CHOCOLATE FLAVORED HAMBURGER 45G,vela,,Bánh mì,9000,0,INACTIVE,,,2026-07-30T02:56:06.454Z,2026-07-30T02:57:04.139Z
e929cbd6-98c7-46ff-855f-34c7991e1186,8938508055609,BÁNH MÌ KEM TRỨNG,vela,,Bánh mì,9000,0,INACTIVE,,,2026-07-30T02:56:06.469Z,2026-07-30T02:57:04.146Z
71e2c9a1-34bb-4a02-a031-a0f970d85bcd,8938508055494,"BÁNH TƯƠI SANDWICH NHÂN SỮA CHUA, VIỆT QUẤT 450G-餅乾",vela,,Bánh mì,8000,0,INACTIVE,,,2026-07-30T02:56:06.477Z,2026-07-30T02:57:04.154Z
3b9fad92-59c4-4c3c-a2a1-beb90a7af99b,8938508055586,BANH MI NHAN SAU RIENG,vela,,Bánh mì,8000,0,INACTIVE,,,2026-07-30T02:56:06.482Z,2026-07-30T02:57:04.156Z
822b505d-1a7c-4c0e-847b-1389d57105f5,8938508055418,BÁNH VELA SANDWICH HƯƠNG DÂU TÂY 45G,vela,,Bánh mì,8000,0,INACTIVE,,,2026-07-30T02:56:06.492Z,2026-07-30T02:57:04.159Z
bdd723aa-f67d-4679-a643-f9133df7e6b1,8938508055388,Bánh mì sữa chua,vela,,Bánh mì,9000,0,INACTIVE,,,2026-07-30T02:56:06.497Z,2026-07-30T02:57:04.163Z
aa1c27c3-4065-4597-ac91-40576acc375c,8938508055593,sandwich nhân kem cốm,vela,,Bánh mì,8000,0,INACTIVE,,,2026-07-30T02:56:06.500Z,2026-07-30T02:57:04.167Z
1f741e0c-873d-40c7-9374-6e85180fd58a,8938508055555,BÁNH MÌ NHÂN KEM CỐM,vela,,Bánh mì,9000,0,INACTIVE,,,2026-07-30T02:56:06.508Z,2026-07-30T02:57:04.170Z
24f4a836-6387-43d1-958f-b8276ba5d5b6,8936136164403,Omachi-Mì Trộn Xốt Spaghetti,omachi,,Mì bát-ly-gói-hủ tiếu-phở,19000,"12989,51",ACTIVE,,2026-08-06T17:18:59.805Z,2026-07-30T02:56:06.198Z,2026-08-06T17:18:59.837Z
bc5387f0-01c3-4b13-9688-8bf5f01b83c8,8994834004728,MỲ ĂN LIỀN TẨM GIÁ VỊ GEMEZ ENAAK ECTRA Cay cấp độ 1,Hàn quốc,,Ăn vặt,7000,"4648,28",ACTIVE,,,2026-07-30T02:56:06.526Z,2026-07-30T02:57:04.182Z
188addea-8a4d-45de-ba2a-e286a9623ae1,SP000150,MỲ ĂN LIỀN TẨM GIÁ VỊ GEMEZ ENAAK ECTRA Cay cấp độ 1,Hàn quốc,,Ăn vặt,1080000,"557793,6",ACTIVE,,,2026-07-30T02:56:06.531Z,2026-07-30T02:57:04.189Z
9544d803-e511-4604-aac4-2df6e6d143ab,8994834006210,Mì tôm Enaak Gemel hương gà BBQ,Hàn quốc,,Ăn vặt,5500,0,INACTIVE,,,2026-07-30T02:56:06.535Z,2026-07-30T02:57:04.192Z
0f76368c-dac6-4ef2-94f5-7568a5232109,SP000149,Mì tôm Enaak Gemel hương gà BBQ,Hàn quốc,,Ăn vặt,504000,0,INACTIVE,,,2026-07-30T02:56:06.540Z,2026-07-30T02:57:04.201Z
a3ef4212-3466-4cf3-ad08-7c34243a101a,8938508055869,BÁNH MÌ VELA BURGER + PLUS SỐT VANG GÓI 70G,vela,,Bánh mì,12000,0,INACTIVE,,,2026-07-30T02:56:06.543Z,2026-07-30T02:57:04.212Z
a8a6306c-c38d-4a64-9071-21b48c0d81a7,8938508055838,BÁNH MÌ LÁT VELA,vela,,Bánh mì,23000,0,INACTIVE,,,2026-07-30T02:56:06.546Z,2026-07-30T02:57:04.216Z
221aef02-815c-4601-a5e0-64b55ee44cd8,8938508055579,BÁNH MÌ MINI KEM TRỨNG,vela,,Bánh mì,12000,0,INACTIVE,,,2026-07-30T02:56:06.552Z,2026-07-30T02:57:04.220Z
21088859-d954-4047-9024-07db8a643f2f,8938508055654,SNACK VELA VỊ DƯA LEO 46G,vela,,Ăn vặt,8000,0,INACTIVE,,,2026-07-30T02:56:06.557Z,2026-07-30T02:57:04.224Z
1d5585d2-04fb-4290-a787-18ae5625cb2c,8938508055692,Snack vị sốt thịt,vela,,Ăn vặt,8000,0,INACTIVE,,,2026-07-30T02:56:06.560Z,2026-07-30T02:57:04.235Z
6da11f4f-5d0a-415a-9067-dacb33864a08,8938508055463,SNACK RONG BIỂN,vela,,Ăn vặt,8000,0,INACTIVE,,,2026-07-30T02:56:06.564Z,2026-07-30T02:57:04.239Z
11de55a6-a625-443b-b039-f59db5bb09a1,8938508055616,GIÒN THƠM CAY,vela,,Ăn vặt,8000,0,INACTIVE,,,2026-07-30T02:56:06.571Z,2026-07-30T02:57:04.255Z
ff53cb5c-3afc-438e-8431-8ee2cb5e8f68,8938508055005,SNACK POTATO VELA VỊ KOAI TÂY 26G,2Mart,,Ăn vặt,8000,0,INACTIVE,,,2026-07-30T02:56:06.585Z,2026-07-30T02:57:04.279Z
5319ec68-802c-4aa3-a31f-62103d9f26f8,9556023227401,Bánh nhân Cracker Fono kem socola Fono 648g,Kido’s Bakery,,Bánh quy-Bánh que,99000,0,INACTIVE,,,2026-07-30T02:56:06.588Z,2026-07-30T02:57:04.291Z
a2d98cd2-368e-4d2a-84b9-d63e7eeff8bc,8938508055807,SNACK VELA 50G,vela,,Ăn vặt,8000,0,INACTIVE,,,2026-07-30T02:56:06.591Z,2026-07-30T02:57:04.297Z
0695ba5a-e3a1-43a3-a8d1-d65c2560c74d,9556291510151,Bánh quy mềm Tatawa nhân mứt vị dâu 96g,Kido’s Bakery,,Bánh quy-Bánh que,28000,0,INACTIVE,,,2026-07-30T02:56:06.597Z,2026-07-30T02:57:04.301Z
2ee2e4d3-cd9c-421b-8f6e-5ce0ab4023fd,9556291510144,TATAWA BÁNH QUY MỀM NHÂN KEM HẠT PHỈ 96G,Kido’s Bakery,,Bánh quy-Bánh que,28000,0,INACTIVE,,,2026-07-30T02:56:06.606Z,2026-07-30T02:57:04.315Z
0a5ad4a4-fbf6-4120-8db9-b06ddb8b8f68,8936117790164,KẸO CỨNG EIKODO VỊ CHANH MUỐI 120G,2Mart,,kẹo,21000,0,INACTIVE,,,2026-07-30T02:56:06.611Z,2026-07-30T02:57:04.325Z
8213c5ca-cbf1-415d-8527-586e400234b1,9556291510137,TATAWA BÁNH QUY MỀM NHÂN CHOCO LAVA Cappu,Kido’s Bakery,,Bánh quy-Bánh que,28000,0,INACTIVE,,,2026-07-30T02:56:06.630Z,2026-07-30T02:57:04.330Z
3890e5bc-df2f-4612-b320-f5f9e363a6a6,9556291800610,Bánh Quy TATAWA nhân mứt Việt quất,Kido’s Bakery,,Bánh quy-Bánh que,28000,0,INACTIVE,,,2026-07-30T02:56:06.641Z,2026-07-30T02:57:04.336Z
6b7c5d85-d5f8-446d-9bcc-e63c3eadbef4,9556291800726,B.QUY Tatawa nhân choco lava Tiramisu,Kido’s Bakery,,Bánh quy-Bánh que,30000,0,INACTIVE,,,2026-07-30T02:56:06.650Z,2026-07-30T02:57:04.341Z
890172f4-2251-4b69-b092-c771db5aa3c7,8936117790089,THỰC PHẨM BỔ SUNG KẸO TRÁI CÂY,2Mart,,kẹo,21000,0,INACTIVE,,,2026-07-30T02:56:06.656Z,2026-07-30T02:57:04.344Z
26dc65d4-225d-48a2-94d8-7a12ba581689,8936117790805,KẸO VẢI THIỀU MUỐI EIKODO GÓI 120G,2Mart,,kẹo,21000,0,INACTIVE,,,2026-07-30T02:56:06.668Z,2026-07-30T02:57:04.347Z
edc19bdc-6219-4491-b1d0-d68cb5af2cd8,8936117790034,Kẹo Matcha Sữa Nhật Bản Eikodo 120g,2Mart,,kẹo,21000,0,INACTIVE,,,2026-07-30T02:56:06.678Z,2026-07-30T02:57:04.357Z
f1a03eb1-bfce-40b6-b3a5-efa458152e7d,8936117790881,KẸO DẺO XOÀI SẤY MOGU,mogu,,kẹo,23000,0,INACTIVE,,,2026-07-30T02:56:06.684Z,2026-07-30T02:57:04.360Z
cc1462d9-8c7a-4d22-ab8b-2fe677b8aadf,9556291800627,Q.BÁNH QUY TATAWA STRAWBERRY 120G nhân mứt dâu tươi,Kido’s Bakery,,Bánh quy-Bánh que,30000,0,INACTIVE,,,2026-07-30T02:56:06.698Z,2026-07-30T02:57:04.363Z
16e9f9d6-c009-449d-8c7e-a5ef042cec04,8936117790744,KẸO DẺO MOGU KIWI & HẠT CHIA NHẬT BẢN100G,mogu,,kẹo,22000,0,INACTIVE,,,2026-07-30T02:56:06.708Z,2026-07-30T02:57:04.373Z
2b817b89-507b-4a4d-b206-b94d0b26ae21,9556291800665,BÁNH Quy nhân Chocolava Hạt Phì,Kido’s Bakery,,Bánh quy-Bánh que,30000,0,INACTIVE,,,2026-07-30T02:56:06.718Z,2026-07-30T02:57:04.378Z
c62dd35f-dd64-4816-b8d4-017c03b9e5bd,9556398700035,BÁNH Quy nhân Choco Lava Cappuccinno,Kido’s Bakery,,Bánh quy-Bánh que,30000,0,INACTIVE,,,2026-07-30T02:56:06.730Z,2026-07-30T02:57:04.393Z
f6ff2649-0aa8-4e1e-8a37-8e16e7d702b5,8936114081098,KẸO COOLAIR HỘP MỚI,Basha,,kẹo,41000,30000,ACTIVE,,,2026-07-30T02:56:06.744Z,2026-07-30T02:57:04.407Z
2436b5e7-01b7-49c9-bcfe-1231cd4fdf19,SP000148,KẸO COOLAIR HỘP MỚI,Basha,,kẹo,210000,180000,ACTIVE,,,2026-07-30T02:56:06.758Z,2026-07-30T02:57:04.415Z
c66c3d05-a4ef-4a4a-bc3d-4e5a7fb7c74c,8938520490280,BÁNH MÌ TƯƠI KEM SỮA CHUA SHIKA 85G T/18G,Shika,,Ăn vặt,12000,8888,INACTIVE,,,2026-07-30T02:56:06.769Z,2026-07-30T02:57:04.421Z
3e32525e-ea85-4d34-a692-281669508063,8934952007362,Bánh doraemon chà bông -kido,Kido’s Bakery,,Bánh mì,37500,0,INACTIVE,,,2026-07-30T02:56:06.777Z,2026-07-30T02:57:04.426Z
de814fbe-907c-485f-abf5-f2ca9910d837,SP000147,Bánh doraemon chà bông -kido,Kido’s Bakery,,Bánh mì,420000,0,INACTIVE,,,2026-07-30T02:56:06.785Z,2026-07-30T02:57:04.437Z
b16df314-0bf1-461a-b2f9-943ad8cff39c,8936210940855,bánh nue thanh cơm lứt túi,NUE,,Ăn vặt,32500,0,INACTIVE,,,2026-07-30T02:56:06.793Z,2026-07-30T02:57:04.441Z
d213274f-1b08-4e1c-860d-a2ae260aa49a,8938551654255,BIM ĐÙI GÀ PHÔ MAI BÀ TUYẾT,Ăn cùng Bà Tuyết,,Ăn vặt,8000,0,INACTIVE,,,2026-07-30T02:56:06.799Z,2026-07-30T02:57:04.450Z
4deebe45-9e8b-4e5e-8273-2a39d5abe30c,8938551654286,Đùi Gà Bơ Sữa Ăn cùng Bà Tuyết 45gr*12,Ăn cùng Bà Tuyết,,Ăn vặt,8000,0,INACTIVE,,,2026-07-30T02:56:06.805Z,2026-07-30T02:57:04.454Z
f1585849-e937-407c-a391-74d3c463211e,8936079120726,Đậu Phộng Da Cá Poca Vị Nước Cốt Dừa 47GR,lays,,Ăn vặt,8000,0,INACTIVE,,,2026-07-30T02:56:06.809Z,2026-07-30T02:57:04.462Z
b344d151-0b35-4d6b-a8b9-ec1ca8cc8922,8938551654668,AV BÀ TUYẾT Đùi gà rong biển,Ăn cùng Bà Tuyết,,Ăn vặt,8000,0,INACTIVE,,,2026-07-30T02:56:06.817Z,2026-07-30T02:57:04.468Z
62c45753-c305-4c4e-acfd-93d32eab3c09,8938551654583,BIM BIM MÁI NGÓI,Ăn cùng Bà Tuyết,,Ăn vặt,8000,0,INACTIVE,,,2026-07-30T02:56:06.826Z,2026-07-30T02:57:04.471Z
e7db7ad7-65ae-473a-a8fc-534690c15c45,8936079120733,POCA NUTS ĐẬU PHỌNG FOMAI,lays,,Ăn vặt,8000,0,INACTIVE,,,2026-07-30T02:56:06.850Z,2026-07-30T02:57:04.492Z
495e38ca-9c0d-4d25-a5cb-110bb89b51c3,8936079123284,POCA-ĐẬU PHỘNG DA CÁ VỊ MỰC CAY 28G,lays,,Ăn vặt,8000,0,INACTIVE,,,2026-07-30T02:56:06.855Z,2026-07-30T02:57:04.505Z
5e8edfd8-e714-41b6-93fd-7e46a890bd9b,8938551654989,BIM BIM MÁI BỜ LÔ,Ăn cùng Bà Tuyết,,Ăn vặt,8000,0,INACTIVE,,,2026-07-30T02:56:06.864Z,2026-07-30T02:57:04.510Z
fa5e110c-5758-44a0-bf0b-62fdec6af238,8938520490211,BÁNH SỮA CHUA SIÊU MỀM SHIKA 160GR*T20,Shika,,Ăn vặt,5500,0,INACTIVE,,,2026-07-30T02:56:06.869Z,2026-07-30T02:57:04.515Z
b575f444-35a7-4b2d-8fea-f7b2aef31174,8938551654453,thạch nho thạch bà tuyết,Ăn cùng Bà Tuyết,,Ăn vặt,7000,0,INACTIVE,,,2026-07-30T02:56:06.873Z,2026-07-30T02:57:04.520Z
926b31af-f3cd-44af-b84a-ae68106d4d58,SP000145,COOL AIR WRIGLEY'S kẹo lẻ,2Mart,,kẹo,1000,0,INACTIVE,,,2026-07-30T02:56:06.891Z,2026-07-30T02:57:04.523Z
2913cfec-daea-4fa1-849a-282bdc2b4931,SP000146,COOL AIR WRIGLEY'S kẹo lẻ,2Mart,,kẹo,110000,0,INACTIVE,,,2026-07-30T02:56:06.907Z,2026-07-30T02:57:04.525Z
e20c6ef4-c806-4242-bd17-a8740c5ae70c,8938551654040,BIM BIM BÀ TUYẾT,Ăn cùng Bà Tuyết,,Ăn vặt,8000,0,INACTIVE,,,2026-07-30T02:56:06.913Z,2026-07-30T02:57:04.528Z
474a9b31-9e67-41f3-b320-ea961af06474,8938551654361,SNACK ĐÙI BÒ BÀ TUYẾT,Ăn cùng Bà Tuyết,,Ăn vặt,1500,0,INACTIVE,,,2026-07-30T02:56:06.919Z,2026-07-30T02:57:04.531Z
bdddbe68-92f0-4996-ba99-3046b3515dc3,8936114081005,GUM COOL AIR TÍM,2Mart,,kẹo,1000,0,INACTIVE,,,2026-07-30T02:56:06.934Z,2026-07-30T02:57:04.538Z
f075b3e5-8c93-421a-9158-8de848f1d876,SP000144,GUM COOL AIR TÍM,2Mart,,kẹo,50000,0,INACTIVE,,,2026-07-30T02:56:06.947Z,2026-07-30T02:57:04.548Z
9ab69f50-2479-461e-abc8-90a7270092c0,8938551654415,Cá Cơm Bà Tuyết,Ăn cùng Bà Tuyết,,Ăn vặt,6900,0,INACTIVE,,,2026-07-30T02:56:06.954Z,2026-07-30T02:57:04.555Z
3c23c8dd-fbfb-4995-bb98-2617abb14e5a,8938551654309,SNACK SASHIMI BÀ TUYẾT,Ăn cùng Bà Tuyết,,Ăn vặt,3900,0,INACTIVE,,,2026-07-30T02:56:06.958Z,2026-07-30T02:57:04.560Z
40d1ab8a-c136-4664-bce9-71720b10ee66,8857200550004,Snack rong biển cuộn vị cay,Ăn cùng Bà Tuyết,,Ăn vặt,6500,0,INACTIVE,,,2026-07-30T02:56:06.961Z,2026-07-30T02:57:04.573Z
485c696a-960b-4095-a4a3-ff90ff009183,93682961,Kẹo M&m Chocolate 40g,M&M,,kẹo,22000,0,INACTIVE,,,2026-07-30T02:56:06.964Z,2026-07-30T02:57:04.579Z
68c6fa41-6cec-4037-8ef0-687870fb070c,SP000143,Kẹo M&m Chocolate 40g,M&M,,kẹo,528000,0,INACTIVE,,,2026-07-30T02:56:06.967Z,2026-07-30T02:57:04.592Z
e3e99746-7702-4c7c-9301-7da922ccd0c4,8938551654033,NEM NƯỚNG PHÊN BÀ TUYẾT,Ăn cùng Bà Tuyết,,Ăn vặt,3900,0,INACTIVE,,,2026-07-30T02:56:06.974Z,2026-07-30T02:57:04.600Z
dfd311c0-e718-47b3-8a81-45cb9fe7de3b,8938551654064,SNACK BÒ KOBE,Ăn cùng Bà Tuyết,,Ăn vặt,3900,0,INACTIVE,,,2026-07-30T02:56:06.978Z,2026-07-30T02:57:04.606Z
4adc283e-1086-41c5-aeeb-fdf18642f067,6914973603516,KẸO SOCOLA M&M,M&M,,kẹo,5000,"3333,33",ACTIVE,,,2026-07-30T02:56:06.982Z,2026-07-30T02:57:04.614Z
800baedc-85fc-4fb0-aa2b-f1fe4c37a6a1,SP000142,KẸO SOCOLA M&M,M&M,,kẹo,50000,"33333,3",ACTIVE,,,2026-07-30T02:56:06.991Z,2026-07-30T02:57:04.620Z
10da0469-115a-492f-9cf0-98e1a9535bbc,8857200550001,"Snack rong biển cuộn vị mè tương đen 3,6gr",Basha,,Ăn vặt,6500,0,INACTIVE,,,2026-07-30T02:56:07.013Z,2026-07-30T02:57:04.628Z
70acc198-372e-4b21-9bf2-7ad86098fae4,8936079121020,Lay’s Vị Tảo Biển Nori 90g,lays,,Poca-Lay’s-Ostar-Swing-Orion,24000,16500,ACTIVE,,2026-08-19T17:51:36.675Z,2026-07-30T02:56:07.060Z,2026-08-19T17:51:36.705Z
2b658955-dc64-4acf-9953-04b962c1eb05,SP000141,MJK22701 SKITTLES SKITTLES ORIGINAL FRUIT CHEWS CANDY 9 DÂY *10 GÓIKEO,M&M,,kẹo,50000,40000,ACTIVE,,,2026-07-30T02:56:07.045Z,2026-07-30T02:57:04.638Z
624984d4-dabb-4722-bf85-44742f239de3,8936079121778,Lay’s Wavy Vị Thăn Bò Nướng Texas 90g,lays,,Poca-Lay’s-Ostar-Swing-Orion,24000,16500,ACTIVE,,,2026-07-30T02:56:07.052Z,2026-07-30T02:57:04.643Z
2ff31e90-d775-4f37-a775-ea3d7b28e076,8936079124977,Lay's Max Vị Tảo Biển Kiểu Nhật Bản 75g,lays,,Poca-Lay’s-Ostar-Swing-Orion,24000,0,INACTIVE,,,2026-07-30T02:56:07.056Z,2026-07-30T02:57:04.648Z
3c89b1a7-2435-4ada-93b1-9fb780438230,8857099003885,Kokozo Thạch Dừa Vị Dưa Gang 320ml,2Mart,,Nước topping thạch dừa,18000,0,INACTIVE,,,2026-07-30T02:56:07.071Z,2026-07-30T02:57:04.660Z
00b3e91b-bb96-400d-b313-a0d64fd1a733,8857099003274,Kokozo Thạch Dừa Vị Nho 320ml,2Mart,,Nước topping thạch dừa,18000,0,INACTIVE,,,2026-07-30T02:56:07.079Z,2026-07-30T02:57:04.680Z
ba201de0-5e5e-48ba-b3b9-0bf7a4f9dc20,8936079123840,Lay’s Max Vị Nấm Truffle 42g,lays,,Poca-Lay’s-Ostar-Swing-Orion,15000,0,INACTIVE,,,2026-07-30T02:56:07.088Z,2026-07-30T02:57:04.690Z
2a601b2b-e549-4e97-ac60-bf1ae2523d3f,8857099003755,Kokozo Thạch Dừa Vị Dâu 320ml,2Mart,,Nước topping thạch dừa,18000,0,INACTIVE,,,2026-07-30T02:56:07.097Z,2026-07-30T02:57:04.699Z
63040d05-82d3-4bdf-8933-3abf177f0a1e,8936079123826,Lay’s Max Vị Bò Wagyu 42g,lays,,Poca-Lay’s-Ostar-Swing-Orion,15000,0,INACTIVE,,,2026-07-30T02:56:07.108Z,2026-07-30T02:57:04.710Z
6c92cc38-8401-461b-a01b-5fb8f5aae110,SP000140,Sáp thơm premium,2Mart,,Đồ dùng nhà cửa,12000,0,INACTIVE,,,2026-07-30T02:56:07.120Z,2026-07-30T02:57:04.716Z
ed14496b-d570-48bf-a5ec-7b07512c20d0,8936079124960,Lay’s Max Vị Tảo Biển Nhật Bản 42g,lays,,Poca-Lay’s-Ostar-Swing-Orion,15000,0,INACTIVE,,,2026-07-30T02:56:07.131Z,2026-07-30T02:57:04.722Z
1b62f8dc-a56f-4718-993b-e2f922f269dd,8857099003243,Kokozo Thạch Dừa Vị Cam 320ml,2Mart,,Nước topping thạch dừa,18000,0,INACTIVE,,,2026-07-30T02:56:07.141Z,2026-07-30T02:57:04.724Z
8c02b594-e8a7-4495-9864-4f005ed2e239,8801056093181,"Nước giải khác Daily-C Bổ sung vitamin C, D vị Xoài chai 140ml",2Mart,,Nước trái cây,24000,0,INACTIVE,,,2026-07-30T02:56:07.152Z,2026-07-30T02:57:04.727Z
211bc01c-2876-4080-95a7-1c9e6c286224,9555192506256,MJK22701 SKITTLES SKITTLES ORIGINAL FRUIT CHEWS CANDY 9 DÂY *10 GÓIKEO,M&M,,kẹo,5000,4000,ACTIVE,,2026-08-19T18:37:58.627Z,2026-07-30T02:56:07.035Z,2026-08-19T18:37:58.719Z
eb6654a7-2fdd-4103-b4c0-589a83a4220a,8801056086770,Nước giải khát Daily C Bổ sung vitamin C vị chanh chai 140ml,2Mart,,Nước uống có gas,24000,0,INACTIVE,,,2026-07-30T02:56:07.181Z,2026-07-30T02:57:04.740Z
0071143d-f019-47a7-8abc-2995aa713d55,8936079123864,Lay’s Max Kem Chua Hành 42g,lays,,Poca-Lay’s-Ostar-Swing-Orion,15000,0,INACTIVE,,,2026-07-30T02:56:07.190Z,2026-07-30T02:57:04.743Z
eb860df7-4f08-41f7-9b2d-ac12f9442615,8936079121013,Lay's Vị Sườn Nướng BBQ 90g,lays,,Poca-Lay’s-Ostar-Swing-Orion,24000,16500,ACTIVE,,2026-08-18T19:28:35.837Z,2026-07-30T02:56:07.025Z,2026-08-18T19:28:35.867Z
2a9243b8-90bc-4308-acd4-de3e263eb188,8801147124176,Rượu Soju Vị Mận 360ml,Soju,,Nước uống chứa cồn,67000,0,INACTIVE,,,2026-07-30T02:56:07.209Z,2026-07-30T02:57:04.761Z
f60f553b-3661-450a-8150-4b550e832013,8801147123865,Rượu Soju Vị Mâm Xôi 360ml,Soju,,Nước uống chứa cồn,67000,0,INACTIVE,,,2026-07-30T02:56:07.230Z,2026-07-30T02:57:04.782Z
78f20381-b769-4e33-bff2-5ed0b47a2b6a,8801147125456,Rượu Soju Vị Dâu 360ml,Soju,,Nước uống chứa cồn,67000,0,INACTIVE,,,2026-07-30T02:56:07.239Z,2026-07-30T02:57:04.787Z
5f2d4208-013c-4b5d-bcfa-47702e610e61,8801147123643,Rượu Soju Vị Truyền Thống 360ml,Soju,,Nước uống chứa cồn,67000,0,INACTIVE,,,2026-07-30T02:56:07.243Z,2026-07-30T02:57:04.790Z
9cb6e3b4-9cb9-4caf-b2ef-241afcad5aa0,8801147123667,Rượu Soju Vị Đào 360ml,Soju,,Nước uống chứa cồn,67000,0,INACTIVE,,,2026-07-30T02:56:07.250Z,2026-07-30T02:57:04.793Z
432f2b9b-1fcc-4969-af3e-7e3bf6f975f3,8888336008073,Băng Vệ Sinh Kotex Hằng Ngày Hương Tự Nhiên Kháng Khuẩn 8 miếng,Kotex,,Đồ dùng cá nhân,12000,6000,ACTIVE,,,2026-07-30T02:56:07.259Z,2026-07-30T02:57:04.804Z
2d200498-8723-4b1c-a945-f93e370c4cca,SP000139,Băng Vệ Sinh Kotex Hằng Ngày Hương Tự Nhiên Kháng Khuẩn 8 miếng,Kotex,,Đồ dùng cá nhân,80000,48000,ACTIVE,,,2026-07-30T02:56:07.271Z,2026-07-30T02:57:04.811Z
19f50572-c463-41b8-9874-58f928463539,8801147123674,Rượu Soju Vị Táo 360ml,Soju,,Nước uống chứa cồn,67000,0,INACTIVE,,,2026-07-30T02:56:07.275Z,2026-07-30T02:57:04.817Z
d4c3a29a-a712-45fe-a826-bd1f51b0310a,8809298833732,Tăm chỉ nha khoa BisUp 30psc,bis up,,Đồ dùng cá nhân,19500,0,INACTIVE,,,2026-07-30T02:56:07.281Z,2026-07-30T02:57:04.820Z
a55430bb-1d17-4b77-9018-95a5e2aaf710,8801147124183,Rượu Soju Vị Cherry 360ml,Soju,,Nước uống chứa cồn,67000,0,INACTIVE,,,2026-07-30T02:56:07.295Z,2026-07-30T02:57:04.825Z
523c20e1-7dec-40c7-976c-603fe7f4cbcb,8936079124915,Bánh Snack POCA CUA vị sườn nướng 30g,lays,,Poca-Lay’s-Ostar-Swing-Orion,8000,0,INACTIVE,,,2026-07-30T02:56:07.307Z,2026-07-30T02:57:04.837Z
26f31951-b9cd-49c4-8b2d-dcae6a5e2f5f,8935107200324,Băng Vệ Sinh Kotex Siêu Ban Đêm Cánh 28cm 4 Miếng,Kotex,,Đồ dùng cá nhân,22000,13750,ACTIVE,,,2026-07-30T02:56:07.326Z,2026-07-30T02:57:04.844Z
3a6a4c95-cf96-4401-9cbd-f70e32af6889,SP000138,Băng Vệ Sinh Kotex Siêu Ban Đêm Cánh 28cm 4 Miếng,Kotex,,Đồ dùng cá nhân,160000,110000,ACTIVE,,,2026-07-30T02:56:07.332Z,2026-07-30T02:57:04.854Z
690fbb91-efe5-4bb3-aa1b-002b3884a7ad,8801147123872,Rượu Soju Vị Nho 360ml,Soju,,Nước uống chứa cồn,67000,0,INACTIVE,,,2026-07-30T02:56:07.340Z,2026-07-30T02:57:04.857Z
fb8e8894-bd87-42ed-92dd-f3e0efad762d,8935107202823,KOTEX NGÀY NHIỀU VÀ ĐÊM 6M 28CM,Kotex,,Đồ dùng cá nhân,22500,0,INACTIVE,,,2026-07-30T02:56:07.349Z,2026-07-30T02:57:04.861Z
13696a06-786a-43c9-8127-2b6e40aadac2,SP000137,KOTEX NGÀY NHIỀU VÀ ĐÊM 6M 28CM,Kotex,,Đồ dùng cá nhân,180000,0,INACTIVE,,,2026-07-30T02:56:07.359Z,2026-07-30T02:57:04.865Z
18d90a1d-f5d4-49ae-a462-4a2422e47dae,8809055952157,HỘP TĂM CHỈ NHA KHOA BIS UP HÀN QUỐC FLOSS PICK 50 CÂY,bis up,,Đồ dùng cá nhân,32000,0,INACTIVE,,,2026-07-30T02:56:07.366Z,2026-07-30T02:57:04.875Z
98e06ba2-656b-4093-95ba-68dc54206e82,9555030107089,KẸO CHANH MUỐI BIỂN SEA SALT LEMON CANDY 150G- NHẬT,2Mart,,kẹo,33000,0,INACTIVE,,,2026-07-30T02:56:07.378Z,2026-07-30T02:57:04.880Z
4df7b799-2c7d-4f2c-b7d5-27c91d4461a5,8938504294637,"Tăm bông cao cấp Hana 100% bông tự nhiên, 200 chiếc",Hana,,Đồ dùng cá nhân,29000,0,INACTIVE,,,2026-07-30T02:56:07.391Z,2026-07-30T02:57:04.882Z
35b99278-ad3d-47d3-acd4-11e667dd3084,9555030107614,KẸO NGẬM BẠC HÀ HƯƠNG CHANH MUỐI THE MÁT HIMALAYA SALT EXTRA COOL,2Mart,,kẹo,9000,0,INACTIVE,,,2026-07-30T02:56:07.403Z,2026-07-30T02:57:04.887Z
4c2f38f6-735b-464e-9a8e-cc57df264b80,8938504294606,TĂM BÔNG HANA THÂN GỖ 100 CHIẾC,Hana,,Đồ dùng cá nhân,12000,0,INACTIVE,,,2026-07-30T02:56:07.411Z,2026-07-30T02:57:04.901Z
fa967467-714a-46a7-9f7f-d9770266e5bf,9555030107836,Kẹo chanh muối Big Foot,2Mart,,kẹo,8500,0,INACTIVE,,,2026-07-30T02:56:07.417Z,2026-07-30T02:57:04.906Z
8825f62f-dad9-4dcb-b0de-056a85f9482b,8936102320703,KHĂN ƯỚT GẤU KHÔNG HƯƠNG,Thái Lan,,Đồ dùng cá nhân,20000,0,INACTIVE,,,2026-07-30T02:56:07.422Z,2026-07-30T02:57:04.908Z
2eafc27f-13c2-4fb5-a522-7faee0ba0c2d,8809055952317,Bàn chải Marmaid nano silver,Imexco,,Kem-bàn chải đánh răng,25000,0,INACTIVE,,,2026-07-30T02:56:07.427Z,2026-07-30T02:57:04.911Z
0a8240c8-3d26-41bc-ab60-c6112524953d,8809041429809,OKF-Nước uống vị Dưa Hấu 350ml,2Mart,,Nước uống có gas,25000,0,INACTIVE,,2026-08-16T16:26:09.216Z,2026-07-30T02:56:07.465Z,2026-08-16T16:26:09.241Z
34235315-6601-4d5c-93be-ddd41f20992c,9555904701955,SÁP THƠM CLEAN & FRESH HƯƠNG COOL AIR 180G,Imexco,,Đồ dùng nhà cửa,60000,0,INACTIVE,,,2026-07-30T02:56:07.437Z,2026-07-30T02:57:04.921Z
659b7fb1-b58e-4c98-bdec-5a5d887ed772,9555904703454,Sáp thơm Clean&fresh hương chanh sả,Imexco,,Đồ dùng nhà cửa,60000,0,INACTIVE,,,2026-07-30T02:56:07.442Z,2026-07-30T02:57:04.937Z
b6ee9e2e-abcf-41f1-960f-40f83a403162,8936102320406,KHĂN ƯỚT BABY WIPES 100GR,Baby Wipes,,Đồ dùng cá nhân,14000,0,INACTIVE,,2026-08-08T17:55:38.049Z,2026-07-30T02:56:07.432Z,2026-08-08T17:55:38.062Z
d6576ff9-efb7-4416-bda9-37526bbdbb0d,SP000132,Áo mưa su,Không có,,Đồ dùng cá nhân,40000,0,INACTIVE,,,2026-07-30T02:56:07.452Z,2026-07-30T02:57:04.950Z
072e9559-fd18-463b-986d-092a862eb3a8,SP000133,Áo mưa su,Không có,,Đồ dùng cá nhân,400000,0,INACTIVE,,,2026-07-30T02:56:07.457Z,2026-07-30T02:57:04.953Z
08e30298-392d-45f9-9540-8c3587ae7079,8809344661234,VTALK-Soda vị Chanh 350ml,2Mart,,Nước uống có gas,30000,20000,INACTIVE,,2026-08-18T14:19:46.535Z,2026-07-30T02:56:07.447Z,2026-08-18T14:19:46.554Z
22378d07-f82c-4a49-8ea2-5890d9c61fec,SP000130,Áo mưa tiện lợi 10k,Không có,,Đồ dùng cá nhân,10000,3600,ACTIVE,,,2026-07-30T02:56:07.472Z,2026-07-30T02:57:04.975Z
ececad08-af35-414d-9087-29979816c995,SP000131,Áo mưa tiện lợi 10k,Không có,,Đồ dùng cá nhân,480000,172800,ACTIVE,,,2026-07-30T02:56:07.477Z,2026-07-30T02:57:04.979Z
ffea7f45-d25b-4b5c-94c0-40fc1a98c67c,8809713910192,OKF-Nước uống vị Dâu 350ml,2Mart,,Nước uống có gas,25000,14000,INACTIVE,,,2026-07-30T02:56:07.482Z,2026-07-30T02:57:04.982Z
58b70545-b60b-4875-959a-b7accf254c97,8809713915630,OKF-Nước uống vị Chanh Dây 350ml,2Mart,,Nước uống có gas,25000,14000,INACTIVE,,,2026-07-30T02:56:07.487Z,2026-07-30T02:57:04.987Z
ca097849-7bc0-4020-a6dd-4732093608a2,8809041429823,OKF-Nước uống vị Nho 350ml,2Mart,,Nước uống có gas,25000,0,INACTIVE,,,2026-07-30T02:56:07.493Z,2026-07-30T02:57:04.996Z
08fc2fdc-00c1-42b1-acd5-6f6747aa3050,8936079124939,Bánh phồng tảo biển,lays,,Bánh quy-Bánh que,8000,0,INACTIVE,,,2026-07-30T02:56:07.497Z,2026-07-30T02:57:05.001Z
ee6e7394-89a1-4c73-9474-aa5382c7b1c5,8809713915579,OKF-Nước uống vị Cherry 350ml,2Mart,,Nước uống có gas,25000,0,INACTIVE,,,2026-07-30T02:56:07.504Z,2026-07-30T02:57:05.007Z
be2da462-fce2-4067-a2f3-fcd78f6597f3,8938527175814,Khẩu Trang KF94 4D,Hàn quốc,,Đồ dùng cá nhân,10000,0,INACTIVE,,,2026-07-30T02:56:07.508Z,2026-07-30T02:57:05.016Z
4459f175-0d14-4171-8bbf-86de8fbf215c,SP000129,Khẩu Trang KF94 4D,Hàn quốc,,Đồ dùng cá nhân,320000,0,INACTIVE,,,2026-07-30T02:56:07.513Z,2026-07-30T02:57:05.027Z
6c6bcbfd-2b12-4cb6-8a5f-262735ebab7d,8936079120092,Lay’s Vị Khoai Tây Tự Nhiên 54g,lays,,Poca-Lay’s-Ostar-Swing-Orion,15000,0,INACTIVE,,,2026-07-30T02:56:07.517Z,2026-07-30T02:57:05.032Z
4e0814e0-f3f7-43fd-aa0d-a4c0d2c39ad8,8938553718078,Nước hạt é vị Dừa 290ml,vita food,,Nước é hạt chia,24000,"13568,83",ACTIVE,,,2026-07-30T02:56:07.524Z,2026-07-30T02:57:05.035Z
fa44d776-a8b9-433f-bbbd-038eb457cb13,SP000121,Bật Lửa Khò,Hoa Việt,,Đồ dùng cá nhân,350000,113975,ACTIVE,,2026-08-08T17:51:23.765Z,2026-07-30T02:56:07.730Z,2026-08-08T17:51:23.792Z
5cc0f3e4-7c81-4d82-bb6c-f04614746ee1,9555904701962,SÁP THƠM DƯA LƯỚI CLEAN&FRESH,Imexco,,Đồ dùng nhà cửa,60000,0,INACTIVE,,,2026-07-30T02:56:07.545Z,2026-07-30T02:57:05.052Z
a2279366-4f72-4850-9ae1-391fd8e87a7d,8938553718092,Nước hạt é vị Việt Quất 290ml,vita food,,Nước é hạt chia,24000,"14166,66",ACTIVE,,2026-08-19T14:34:50.866Z,2026-07-30T02:56:07.563Z,2026-08-19T14:34:50.889Z
59fc0712-625b-407b-950e-d06930934bee,8938553718085,Nước hạt é vị Xoài 290ml,vita food,,Nước é hạt chia,24000,"13988,09",ACTIVE,,2026-08-12T18:35:10.445Z,2026-07-30T02:56:07.566Z,2026-08-12T18:35:10.457Z
5c3aa7f8-425b-4953-8e98-8530ee45722a,8938553718061,Nước hạt é vị Coctail 290ml,vita food,,Nước é hạt chia,24000,"14166,66",ACTIVE,,,2026-07-30T02:56:07.557Z,2026-07-30T02:57:05.066Z
e5e07caa-8d4e-45bb-a9e2-43642463c2c9,8938504294712,Sữa rửa tay ultra spa hương dâu,"Ultra Spa, Imexco",,Đồ dùng nhà cửa,61000,0,INACTIVE,,,2026-07-30T02:56:07.560Z,2026-07-30T02:57:05.076Z
652dffbd-dd40-4bc5-8722-16f188e964b1,8938506653234,Bật Lửa Khò,Hoa Việt,,Đồ dùng cá nhân,7000,"2279,5",ACTIVE,,2026-08-17T18:37:53.333Z,2026-07-30T02:56:07.717Z,2026-08-17T18:37:53.355Z
3e59a226-d711-40c1-ba01-55b147d56163,8938553718108,Nước hạt é vị Nho Đen 290ml,vita food,,Nước é hạt chia,24000,"14166,66",ACTIVE,,2026-08-12T16:12:15.400Z,2026-07-30T02:56:07.553Z,2026-08-12T16:12:15.417Z
571fd797-b7df-4176-9c62-a8ac61f240ac,8931234567897,Bông ngoáy tai thân gỗ,Thành Đạt,,Đồ dùng cá nhân,9000,0,INACTIVE,,,2026-07-30T02:56:07.570Z,2026-07-30T02:57:05.108Z
c7543030-0680-457d-9a6c-9c83a084dd1a,SP000127,Bông ngoáy tai thân gỗ,Thành Đạt,,Đồ dùng cá nhân,168000,0,INACTIVE,,,2026-07-30T02:56:07.584Z,2026-07-30T02:57:05.114Z
9e5bfc2c-c15b-4159-b0d3-1976eae07561,8936079121105,Lay’s Wavy Vị Phômai Cheddar 28g,lays,,Poca-Lay’s-Ostar-Swing-Orion,9000,0,INACTIVE,,,2026-07-30T02:56:07.597Z,2026-07-30T02:57:05.120Z
8be54e2c-b562-4c5b-a84d-ccebaf9f9571,8938553718016,Nước hạt é vị Cam 290ml,vita food,,Nước é hạt chia,24000,"13516,66",ACTIVE,,2026-08-14T19:31:39.329Z,2026-07-30T02:56:07.548Z,2026-08-14T19:31:39.351Z
d366b91e-35bc-4f82-b677-71c896b16d4e,4902430481342,DAO CẠO RÂU 4 CÁN VÀNG + 2 CÁN XANH GILLETTE SUPER THIN LẺ 1 cái,Gillette,,Đồ dùng cá nhân,10000,3750,INACTIVE,,,2026-07-30T02:56:07.613Z,2026-07-30T02:57:05.125Z
37fd87e8-f4e6-4985-80c6-04758a4f6abf,SP000126,DAO CẠO RÂU 4 CÁN VÀNG + 2 CÁN XANH GILLETTE SUPER THIN LẺ 1 cái,Gillette,,Đồ dùng cá nhân,240000,90000,INACTIVE,,,2026-07-30T02:56:07.621Z,2026-07-30T02:57:05.127Z
dfa4b4fa-9c20-4119-bce9-f97767ec5cfd,8936079120061,Bim Bim Poca Vị Tảo Biển nori Gói 33g,lays,,Poca-Lay’s-Ostar-Swing-Orion,9000,0,INACTIVE,,,2026-07-30T02:56:07.625Z,2026-07-30T02:57:05.130Z
2028e3c2-61c6-48aa-bdd2-82ba43c91a7a,8938516891107,Khẩu trang y tế 5D Mask Quyền Anh,Quyền Anh,,Đồ dùng cá nhân,10000,3500,ACTIVE,,2026-08-06T16:55:58.312Z,2026-07-30T02:56:07.531Z,2026-08-06T16:55:58.324Z
eeaa7712-43a3-45ff-b80a-8d28e97ce676,8936079120054,Lay’s VỊ SƯỜN NƯỚNG BBQ GÓI 32G,lays,,Poca-Lay’s-Ostar-Swing-Orion,9000,0,INACTIVE,,,2026-07-30T02:56:07.632Z,2026-07-30T02:57:05.154Z
dde2d58a-516f-49d8-8ae6-70273c96fb2d,8887549053740,Pin Panasonic Aaa Neo 1.5v,panasonic,,Đồ dùng nhà cửa,9000,5167,ACTIVE,,,2026-07-30T02:56:07.638Z,2026-07-30T02:57:05.164Z
f84236bc-7375-4946-8510-53316d02e4cb,SP000125,Pin Panasonic Aaa Neo 1.5v,panasonic,,Đồ dùng nhà cửa,270000,155010,ACTIVE,,,2026-07-30T02:56:07.642Z,2026-07-30T02:57:05.168Z
30ce2e93-689d-435e-ba88-2c8377224974,4897119513172,NƯỚC SỮA CHUA 258ml vị đào,Trung Quốc,,Sữa-Sữa chua-Sữa dừa,20000,0,INACTIVE,,,2026-07-30T02:56:07.644Z,2026-07-30T02:57:05.173Z
7d336a85-e2a8-48f2-bb12-0c8bbc93afa1,8887549037214,Pin Panasonic Aa 4 Viên,panasonic,,Đồ dùng nhà cửa,15000,10000,ACTIVE,,,2026-07-30T02:56:07.647Z,2026-07-30T02:57:05.178Z
c3b0faf0-5e0a-4122-b19d-370dcfc1faf3,SP000124,Pin Panasonic Aa 4 Viên,panasonic,,Đồ dùng nhà cửa,225000,150000,ACTIVE,,,2026-07-30T02:56:07.661Z,2026-07-30T02:57:05.184Z
b5453d15-a502-4ba7-a630-0b94ee48facc,4897119513189,Sữa chua Lactic 258ml vị nho,Trung Quốc,,Sữa-Sữa chua-Sữa dừa,20000,0,INACTIVE,,,2026-07-30T02:56:07.675Z,2026-07-30T02:57:05.200Z
44bc733c-2b47-44aa-9b25-544606427d69,8936079124212,Lay’s Vị Tôm Càng Đút Lò Phômai 33g,lays,,Poca-Lay’s-Ostar-Swing-Orion,9000,0,INACTIVE,,,2026-07-30T02:56:07.680Z,2026-07-30T02:57:05.202Z
b21673d4-e62f-4776-a785-d335200e6a7d,4897119513196,nuoc sua chua xach 4hop vị dừa,Trung Quốc,,Sữa-Sữa chua-Sữa dừa,20000,0,INACTIVE,,,2026-07-30T02:56:07.686Z,2026-07-30T02:57:05.205Z
00366ece-07ac-4d39-b678-f846b7586fe9,4897119513165,nuoc sua chua xach 4hop vị dâu,Trung Quốc,,Sữa-Sữa chua-Sữa dừa,20000,0,INACTIVE,,,2026-07-30T02:56:07.690Z,2026-07-30T02:57:05.208Z
edd4f11a-4bf6-45d1-aaa1-5a40cdc501e3,SP000123,nuoc sua chua xach 4hop vị dâu,Trung Quốc,,Sữa-Sữa chua-Sữa dừa,600000,0,INACTIVE,,,2026-07-30T02:56:07.693Z,2026-07-30T02:57:05.222Z
ed88f4b7-c2e0-46f9-b85a-0c2084a39855,6943282800170,Quẹt khò sắt vuông,Không có,,Đồ dùng cá nhân,25000,0,INACTIVE,,,2026-07-30T02:56:07.701Z,2026-07-30T02:57:05.234Z
9482587e-a8d1-4a02-8c03-867de873c29a,SP000122,Quẹt khò sắt vuông,Không có,,Đồ dùng cá nhân,625000,0,INACTIVE,,,2026-07-30T02:56:07.704Z,2026-07-30T02:57:05.239Z
ea9a6703-4d3d-4d88-bc62-b1981e67c87a,8936079121754,Lay's Vị Thăn Bò Nướng Texas 35g,lays,,Poca-Lay’s-Ostar-Swing-Orion,9000,0,INACTIVE,,,2026-07-30T02:56:07.706Z,2026-07-30T02:57:05.245Z
9d681c76-ac0d-4519-97fc-ca4318b6ab8e,8938553718047,Nước hạt é vị Thơm 290ml,vita food,,Nước é hạt chia,24000,0,INACTIVE,,2026-08-17T10:05:08.337Z,2026-07-30T02:56:07.540Z,2026-08-17T10:05:08.387Z
caeb9184-acd7-4f8d-9a4a-2b6b4ef72519,8801382124528,Nước Gạo Rang Woongjin 500ml,2Mart,,Sữa-Sữa chua-Sữa dừa,33000,0,INACTIVE,,2026-08-19T12:49:23.261Z,2026-07-30T02:56:07.629Z,2026-08-19T12:49:23.282Z
69ffa183-4835-4e4b-b81e-bf93bde95592,8936079123888,BIM BIM YUMMY SCD,lays,,Bánh quy-Bánh que,9000,0,INACTIVE,,,2026-07-30T02:56:07.746Z,2026-07-30T02:57:05.264Z
ae26e50c-745b-496d-80a4-6d85e5f72399,8801043055659,INSTANT BOWL NOODLE SPICY CHICKEN 100 GR NONGSHIM,NONGSHIM,,Mì bát-ly-gói-hủ tiếu-phở,32000,0,INACTIVE,,,2026-07-30T02:56:07.753Z,2026-07-30T02:57:05.267Z
a1992174-ef62-4e89-970d-7162669c970e,8801043055604,Mì Nongshim BowlNodle Soup,NONGSHIM,,Mì bát-ly-gói-hủ tiếu-phở,32000,0,INACTIVE,,,2026-07-30T02:56:07.774Z,2026-07-30T02:57:05.272Z
9a9f7484-35ab-4040-bdc9-6692c07c9cce,8801043049566,Mì ly Shin siêu cay 68g,NONGSHIM,,Mì bát-ly-gói-hủ tiếu-phở,24900,0,INACTIVE,,,2026-07-30T02:56:07.782Z,2026-07-30T02:57:05.278Z
d1f431fc-294f-4e17-8049-bb9d84743d15,8801043028158,TPK PT Mì Nongshim Ramyun vị kim chi ly 75g,NONGSHIM,,Mì bát-ly-gói-hủ tiếu-phở,26000,0,INACTIVE,,,2026-07-30T02:56:07.794Z,2026-07-30T02:57:05.294Z
e8418c38-29b7-4aaa-83cb-f66a1c9797af,8850718819102,Bánh Lays Snack Khoai Tây Vị Sườn Nướng BBQ,lays,,Poca-Lay’s-Ostar-Swing-Orion,37000,0,INACTIVE,,,2026-07-30T02:56:07.806Z,2026-07-30T02:57:05.303Z
bcdfebfc-1957-48dc-bcab-38850b0b428d,8850718820580,Lay’s Stax Ống Vị Tôm Hùm 65g,lays,,Poca-Lay’s-Ostar-Swing-Orion,30000,0,INACTIVE,,,2026-07-30T02:56:07.817Z,2026-07-30T02:57:05.307Z
ba01a47f-18dc-43ae-939d-be9b83712b36,31146270606,Mỳ ly Shincup,NONGSHIM,,Mì bát-ly-gói-hủ tiếu-phở,25000,0,INACTIVE,,,2026-07-30T02:56:07.831Z,2026-07-30T02:57:05.310Z
bb75cf53-6438-4ec8-be23-196fef8f613f,8850718820573,Lay’s Stax Ống Vị Tự Nhiên 65g,lays,,Poca-Lay’s-Ostar-Swing-Orion,30000,0,INACTIVE,,,2026-07-30T02:56:07.843Z,2026-07-30T02:57:05.318Z
fc27b111-2167-454c-be9d-3b2d98ae995e,SP000117,Mỳ Tô Hàn Quốc Shin 114g,NONGSHIM,,Mì bát-ly-gói-hủ tiếu-phở,33900,0,INACTIVE,,,2026-07-30T02:56:07.848Z,2026-07-30T02:57:05.338Z
e079cf05-cd17-4d49-966c-9f82d8ca2c23,8934755020049,Băng Vệ Sinh Diana Cool Fresh Siêu Mỏngg,Diana,,Đồ dùng cá nhân,35000,18333,ACTIVE,,,2026-07-30T02:56:07.860Z,2026-07-30T02:57:05.345Z
83d94a35-99a8-4c15-a35e-0c59e307cb2e,SP000116,Băng Vệ Sinh Diana Cool Fresh Siêu Mỏngg,Diana,,Đồ dùng cá nhân,210000,109998,ACTIVE,,,2026-07-30T02:56:07.869Z,2026-07-30T02:57:05.351Z
8c695c92-1c37-4101-a5fb-a4b762b60c57,8850718804573,Lay’s Stax Ống Vị Kem Chua & Hành Tây 100g,lays,,Poca-Lay’s-Ostar-Swing-Orion,37000,0,INACTIVE,,,2026-07-30T02:56:07.883Z,2026-07-30T02:57:05.354Z
5e4e0085-1f8b-4c63-be58-1ec642f0e777,8850718808410,Lay's Stax Ống Vị Mực Cay 100g,lays,,Poca-Lay’s-Ostar-Swing-Orion,37000,0,INACTIVE,,,2026-07-30T02:56:07.889Z,2026-07-30T02:57:05.358Z
99c396e2-303e-4bdd-9db2-4cb91a69ca1d,8850718820597,Lay’s Stax Ống Vị Kem Chua & Hành Tây 65g,lays,,Poca-Lay’s-Ostar-Swing-Orion,30000,0,INACTIVE,,,2026-07-30T02:56:07.895Z,2026-07-30T02:57:05.362Z
edf9c7da-7f24-4d1a-9b43-5c348a2108ca,8934755014147,Diana Hàng Ngày Kháng Khuẩn 8 Miếng,Diana,,Đồ dùng cá nhân,12000,0,INACTIVE,,,2026-07-30T02:56:07.917Z,2026-07-30T02:57:05.370Z
99985d36-813a-44e1-9b93-d02326e1d64c,SP000115,Diana Hàng Ngày Kháng Khuẩn 8 Miếng,Diana,,Đồ dùng cá nhân,60000,0,INACTIVE,,,2026-07-30T02:56:07.932Z,2026-07-30T02:57:05.373Z
b4e2b933-f1d1-4fda-b585-1c9351cf6800,8850718803347,Snack Khoai Tây Lays Stax Vị Tự Nhiên Lon 100g,lays,,Poca-Lay’s-Ostar-Swing-Orion,37000,0,INACTIVE,,,2026-07-30T02:56:07.944Z,2026-07-30T02:57:05.376Z
a91ee81c-4045-4f62-83f6-fb126422c534,8938506653043,Bật Lửa Thường,2Mart,,Đồ dùng cá nhân,5000,"1962,95",ACTIVE,,2026-08-18T17:57:21.621Z,2026-07-30T02:56:07.739Z,2026-08-18T17:57:21.654Z
6f7d15ce-737f-4ab5-a5a6-1a2d20680c52,SP000114,Băng vệ sinh Diana super night 35cm,Diana,,Đồ dùng cá nhân,150000,103002,INACTIVE,,,2026-07-30T02:56:07.962Z,2026-07-30T02:57:05.391Z
ddd23f00-864a-4a3e-9f77-768f6aea97b4,8936111730203,Khăn giấy slisoft 500 trắng,Doctor Care,,Khăn giấy,22000,0,INACTIVE,,,2026-07-30T02:56:07.967Z,2026-07-30T02:57:05.406Z
98ed8292-8513-4402-8888-c2720c53192a,8934755010033,DIANA BVS SUPWER ĐÊM 28CM X48,Diana,,Đồ dùng cá nhân,25000,15833,INACTIVE,,,2026-07-30T02:56:07.970Z,2026-07-30T02:57:05.417Z
77ca58b8-3c16-4496-ba06-c1f8dd0fc539,SP000112,DIANA BVS SUPWER ĐÊM 28CM X48,Diana,,Đồ dùng cá nhân,132000,94998,INACTIVE,,,2026-07-30T02:56:07.979Z,2026-07-30T02:57:05.421Z
72a71369-7bea-4619-bdc2-640680bc1f27,8936111730074,Khăn giấy rút Slisoft yellow 450 Mã hàng hóa: SLI450Y,Doctor Care,,Khăn giấy,22000,0,INACTIVE,,,2026-07-30T02:56:07.984Z,2026-07-30T02:57:05.426Z
fb266168-ce3c-48ef-a9af-086ccf6ec006,8934755010255,Diana Sensi khô thoáng cho làn da,Diana,,Đồ dùng cá nhân,29000,9000,ACTIVE,,,2026-07-30T02:56:07.993Z,2026-07-30T02:57:05.430Z
50a377bb-a3ce-46f6-91ef-f69881f1ee80,SP000111,Diana Sensi khô thoáng cho làn da,Diana,,Đồ dùng cá nhân,87000,27000,ACTIVE,,,2026-07-30T02:56:08.010Z,2026-07-30T02:57:05.432Z
e972b445-47a4-4b52-9d57-748b5bdc88ed,8936111730173,Giấy ăn Slisoft trắng 300t,Doctor Care,,Khăn giấy,13000,0,INACTIVE,,,2026-07-30T02:56:08.017Z,2026-07-30T02:57:05.435Z
6671a354-6dbc-4af0-8b15-82214fe4a407,8936111730128,Băng vệ sinh Glamiss cool ban đêm,Doctor Care,,Đồ dùng cá nhân,16500,0,INACTIVE,,,2026-07-30T02:56:08.023Z,2026-07-30T02:57:05.439Z
d03446be-f771-41ac-afd1-e1c2cd0f44be,8934677014720,XYLITOL XANH GÓI TO 319G,lotte,,kẹo,120000,0,INACTIVE,,,2026-07-30T02:56:08.026Z,2026-07-30T02:57:05.451Z
5357e0f1-e2ba-4687-9a9e-de6e7347ca4a,8934755010231,Băng vệ sinh Diana super night 35cm,Diana,,Đồ dùng cá nhân,28000,17167,INACTIVE,,2026-08-16T16:38:14.617Z,2026-07-30T02:56:07.956Z,2026-08-16T16:38:14.638Z
9a84c539-1e17-464a-a81c-7bacddeb95bc,SP000109,Băng vệ sinh siêu mỏng cánh Diana siêu thấm 8 miếng,Diana,,Đồ dùng cá nhân,150000,112998,ACTIVE,,,2026-07-30T02:56:08.042Z,2026-07-30T02:57:05.466Z
9bb5e20b-412b-4e77-bf6b-467d0f31db3b,8934677014515,KẸO XYLITOL BLUEBERRY GÓI 159G,lotte,,kẹo,60000,0,INACTIVE,,,2026-07-30T02:56:08.052Z,2026-07-30T02:57:05.468Z
3d6cea25-6897-46ac-87c2-36103c84b424,8934677020820,"KẸO GUM KHÔNG ĐƯỜNG XYLITOL COOL LOTTE GÓI 159,5G XANH BLUE",lotte,,kẹo,60000,0,INACTIVE,,,2026-07-30T02:56:08.055Z,2026-07-30T02:57:05.472Z
723ff8ef-98ec-41be-bbe5-a7e3edcd349c,8934755014314,BVS DIANA HÀNG NGÀY SENSI COOL FRESH,Diana,,Đồ dùng cá nhân,29000,19667,ACTIVE,,,2026-07-30T02:56:08.058Z,2026-07-30T02:57:05.480Z
94eeca8b-df6b-4cc5-a3c1-14f5aae4f124,SP000108,BVS DIANA HÀNG NGÀY SENSI COOL FRESH,Diana,,Đồ dùng cá nhân,150000,118002,ACTIVE,,,2026-07-30T02:56:08.062Z,2026-07-30T02:57:05.483Z
c7c027cd-bbb3-4218-9cb7-eeb7935c563f,8852008510225,BÁNH QUE LOTTE TOPPO NHÂN SOCOLA 132G スティックトッポ,lotte,,Bánh quy-Bánh que,58000,0,INACTIVE,,,2026-07-30T02:56:08.066Z,2026-07-30T02:57:05.491Z
344cb3e1-f03f-4980-b07c-6294afa390c7,8934755010156,Băng vệ sinh siêu mỏng cánh Diana siêu thấm 8 miếng,Diana,,Đồ dùng cá nhân,29000,18833,ACTIVE,,2026-08-09T15:46:10.800Z,2026-07-30T02:56:08.032Z,2026-08-09T15:46:10.829Z
cdde1d98-43db-40c9-8e28-cb5d6c751b6b,8936111730012,Băng vệ sinh thảo dược Glamiss ban ngày gói 8 miếng,Doctor Care,,Đồ dùng cá nhân,25000,0,INACTIVE,,,2026-07-30T02:56:08.076Z,2026-07-30T02:57:05.505Z
9f211132-4d50-4077-b09e-a1f084a09bd4,8935342400480,Bento Hải Sản Cay Ngọt,Bento,,Đồ khô nhăm nhi,26000,"12923,08",INACTIVE,,2026-08-19T12:42:05.507Z,2026-07-30T02:56:08.383Z,2026-08-19T12:42:05.527Z
a409de84-210b-4e62-a171-0ee039d853d0,8852008510492,Bánh Toppo Que Vị Socola,lotte,,Bánh quy-Bánh que,22000,13000,INACTIVE,,,2026-07-30T02:56:08.098Z,2026-07-30T02:57:05.514Z
e83680e1-9c9e-4108-918d-8f54f69850fc,8938535829051,Snack bắp,Lyna Food,,Ăn vặt,14000,0,INACTIVE,,,2026-07-30T02:56:08.103Z,2026-07-30T02:57:05.525Z
1b25f574-80fa-4770-813e-88d58bcb4c7f,8938535829365,"Snack thèo lèo, nui, bắp ....",Lyna Food,,Ăn vặt,14000,0,INACTIVE,,,2026-07-30T02:56:08.106Z,2026-07-30T02:57:05.531Z
ccae4025-4125-4838-8503-c31ea74adbf0,SP000107,"Snack thèo lèo, nui, bắp ....",Lyna Food,,Ăn vặt,100000,0,INACTIVE,,,2026-07-30T02:56:08.110Z,2026-07-30T02:57:05.543Z
2bb4d722-847f-4102-8b14-5cff95c8485d,8938535829334,Bánh Snack chuối khô,Lyna Food,,Ăn vặt,12000,0,INACTIVE,,,2026-07-30T02:56:08.113Z,2026-07-30T02:57:05.551Z
2dd9c1e3-d0fb-4605-9246-1a678ca585d8,SP000106,Bánh Snack chuối khô,Lyna Food,,Ăn vặt,120000,0,INACTIVE,,,2026-07-30T02:56:08.116Z,2026-07-30T02:57:05.555Z
0f5751df-f53b-4596-b883-b17e2436e144,8934964122541,GIẤY RÚT BLESS YOU SELECTION HOẠT HÌNH,Bless You,,Khăn giấy,18000,0,INACTIVE,,,2026-07-30T02:56:08.120Z,2026-07-30T02:57:05.565Z
29bbf954-8719-4867-95dd-03bf5011f4c1,SP000105,GIẤY RÚT BLESS YOU SELECTION HOẠT HÌNH,Bless You,,Khăn giấy,45000,0,INACTIVE,,,2026-07-30T02:56:08.123Z,2026-07-30T02:57:05.569Z
a13ccafb-e2d8-41ab-8a15-d221a36962f5,8934964120127,Giấy rút bỏ túi bless you hồng lốc 10g,Bless You,,Khăn giấy,3500,0,INACTIVE,,,2026-07-30T02:56:08.134Z,2026-07-30T02:57:05.575Z
84c17327-7458-4d64-a762-d6d43ddd5926,SP000103,Giấy rút bỏ túi bless you hồng lốc 10g,Bless You,,Khăn giấy,30000,0,INACTIVE,,,2026-07-30T02:56:08.145Z,2026-07-30T02:57:05.581Z
20e9247d-b125-4bc8-b46f-a152d92df2bc,8934680113847,BÁNH QUY SỮA COSY MARIE 192G X 16,Kinh Đô,,Bánh quy-Bánh que,29500,0,INACTIVE,,,2026-07-30T02:56:08.149Z,2026-07-30T02:57:05.584Z
cba9dc29-ecaf-49c1-b529-3f36bfe51008,8934964120639,GIẤY RÚT SÀI GÒN CARE,Saigon care,,Khăn giấy,13000,0,INACTIVE,,,2026-07-30T02:56:08.159Z,2026-07-30T02:57:05.586Z
e1463a1b-e202-4146-862e-ddd704c30c43,SP000101,GIẤY RÚT SÀI GÒN CARE,Saigon care,,Khăn giấy,52000,0,INACTIVE,,,2026-07-30T02:56:08.164Z,2026-07-30T02:57:05.589Z
2272300d-684b-4681-b2eb-3c4083339c89,4897010448023,Kẹo Viên Trái Cây Skittles Original Fruit Flavour Candies 100g,2Mart,,kẹo,45000,0,INACTIVE,,,2026-07-30T02:56:08.172Z,2026-07-30T02:57:05.591Z
fefd111a-4dc4-4bcf-a45d-187c2e22e7a5,SP000100,Kẹo Viên Trái Cây Skittles Original Fruit Flavour Candies 100g,2Mart,,kẹo,252000,0,INACTIVE,,,2026-07-30T02:56:08.180Z,2026-07-30T02:57:05.602Z
d06d6792-3c33-43fa-bdbd-9f1fc2db6c32,SP000097,Mì Ly Cung Đình Vị Lẩu Tôm Chua Cay,Cung đình,,Mì bát-ly-gói-hủ tiếu-phở,328800,0,INACTIVE,,,2026-07-30T02:56:08.201Z,2026-07-30T02:57:05.609Z
63cfb4e1-7ef2-43e7-8b09-70bfd6438554,8934964124514,GIẤY RÚT BLESS YOU 250 tờ hồng,Bless You,,Khăn giấy,23000,0,INACTIVE,,,2026-07-30T02:56:08.210Z,2026-07-30T02:57:05.612Z
f2b617f2-2ccf-4168-98a8-aa12640fd812,8934680042765,BÁNH BÔNG LAN CUỘN KEM VỊ BƠ SỮA SOLITE HỘP 20 CÁI 360G,Kinh Đô,,Bánh quy-Bánh que,50000,0,INACTIVE,,,2026-07-30T02:56:08.217Z,2026-07-30T02:57:05.614Z
fd0ab40f-3788-4975-b725-f9e1f7c27111,SP000096,BÁNH BÔNG LAN CUỘN KEM VỊ BƠ SỮA SOLITE HỘP 20 CÁI 360G,Kinh Đô,,Bánh quy-Bánh que,600000,0,INACTIVE,,,2026-07-30T02:56:08.228Z,2026-07-30T02:57:05.617Z
6bfca2e7-3ab8-4d45-8477-bdd4ef8b8728,69024894,Snicker Sandwich Chocolate Temporary Products 35g,2Mart,,Bánh quy-Bánh que,19000,0,INACTIVE,,,2026-07-30T02:56:08.234Z,2026-07-30T02:57:05.619Z
667d4543-3051-4452-b62a-62abba4c2ca6,SP000095,Snicker Sandwich Chocolate Temporary Products 35g,2Mart,,Bánh quy-Bánh que,360000,0,INACTIVE,,,2026-07-30T02:56:08.248Z,2026-07-30T02:57:05.621Z
1c3892a3-a1be-4709-bc98-40b1e8820fb9,8934680033107,Hộp bánh Quế Cosy vị dứa 132gr,Kinh Đô,,Bánh quy-Bánh que,18000,"10833,33",INACTIVE,,,2026-07-30T02:56:08.259Z,2026-07-30T02:57:05.636Z
643b6370-3f95-4784-ac68-71af38b78923,SP000094,Hộp bánh Quế Cosy vị dứa 132gr,Kinh Đô,,Bánh quy-Bánh que,384000,"259999,92",INACTIVE,,,2026-07-30T02:56:08.267Z,2026-07-30T02:57:05.650Z
60aeadcc-947b-4075-8025-1855a6cd4d38,8992760223015,Oreo Bánh Quy Vị Socola,Oreo,,Bánh quy-Bánh que,19000,0,INACTIVE,,,2026-07-30T02:56:08.277Z,2026-07-30T02:57:05.659Z
652e8056-30c8-4a0f-85f9-ad9c75946bfd,SP000093,Oreo Bánh Quy Vị Socola,Oreo,,Bánh quy-Bánh que,480000,0,INACTIVE,,,2026-07-30T02:56:08.284Z,2026-07-30T02:57:05.663Z
4fa623d1-6762-439c-b4ce-7cb304bb84d6,8936114080558,Kẹo Cool Air Bạc Hà Mật Ong Chanh 58.4g,2Mart,,kẹo,28000,0,INACTIVE,,,2026-07-30T02:56:08.290Z,2026-07-30T02:57:05.667Z
93a9065d-1712-4371-a5e2-0b2cf986387d,SP000092,Kẹo Cool Air Bạc Hà Mật Ong Chanh 58.4g,2Mart,,kẹo,168000,0,INACTIVE,,,2026-07-30T02:56:08.295Z,2026-07-30T02:57:05.672Z
e0ec6da3-0c39-458a-8ae2-4d6228554ec5,8936114080961,KẸO COOLAIR,2Mart,,kẹo,30000,21000,ACTIVE,,,2026-07-30T02:56:08.305Z,2026-07-30T02:57:05.681Z
8a144ca5-8081-4fa6-9dab-e0df4076a34a,SP000091,KẸO COOLAIR,2Mart,,kẹo,150000,126000,ACTIVE,,,2026-07-30T02:56:08.310Z,2026-07-30T02:57:05.684Z
574362cd-ac09-4477-b982-7360b04f344a,8936114080022,Kẹo Sing gum Cool Air bạc hà khuynh diệp hũ 40viên 58.4g,2Mart,,kẹo,30000,21000,INACTIVE,,,2026-07-30T02:56:08.324Z,2026-07-30T02:57:05.694Z
835a804a-a0cd-44bb-89ff-a0c7491fbac8,SP000090,Kẹo Sing gum Cool Air bạc hà khuynh diệp hũ 40viên 58.4g,2Mart,,kẹo,120000,126000,INACTIVE,,,2026-07-30T02:56:08.338Z,2026-07-30T02:57:05.700Z
14eddc80-9f85-407c-9157-9c1bcb332d84,8936114080084,Kẹo Sing Gum Doublemint Bạc Hà 40 Viên 58.4GR,2Mart,,kẹo,30000,21000,INACTIVE,,,2026-07-30T02:56:08.348Z,2026-07-30T02:57:05.709Z
ebb7b1cd-1bb3-4e85-aa08-053e58b25b4b,SP000089,Kẹo Sing Gum Doublemint Bạc Hà 40 Viên 58.4GR,2Mart,,kẹo,120000,126000,INACTIVE,,,2026-07-30T02:56:08.354Z,2026-07-30T02:57:05.713Z
455753b7-80e1-47c5-82be-82062ddfca7b,8934964124507,Giấy rút blessyou 200 tờ xanh,Bless You,,Khăn giấy,23000,0,INACTIVE,,,2026-07-30T02:56:08.361Z,2026-07-30T02:57:05.727Z
9a988cc3-062d-4545-8326-3ce90668c134,SP000088,Giấy rút blessyou 200 tờ xanh,Bless You,,Khăn giấy,405000,0,INACTIVE,,,2026-07-30T02:56:08.372Z,2026-07-30T02:57:05.737Z
09ff11c3-f841-4b33-9b50-8bb2221d76ec,8852008510010,Bánh Toppo Que Vị Vani Socola,lotte,,Bánh quy-Bánh que,22000,13000,ACTIVE,,2026-08-15T18:58:38.341Z,2026-07-30T02:56:08.081Z,2026-08-15T18:58:38.380Z
4a01bbbd-a15b-49a9-96d7-bd544bffad52,SP000086,Bento Hải Sản Cay Ngọt,Bento,,Đồ khô nhăm nhi,250000,"129230,8",INACTIVE,,,2026-07-30T02:56:08.394Z,2026-07-30T02:57:05.748Z
a503504e-bbe4-49f9-9708-6c77974c87f4,SP000085,Hủ Tiếu Sườn Heo Cung Đình 84g,Cung đình,,Mì bát-ly-gói-hủ tiếu-phở,435000,0,INACTIVE,,,2026-07-30T02:56:08.413Z,2026-07-30T02:57:05.754Z
a161b6af-5159-4cc2-b1aa-d93edc545e18,8851929011613,Kẹo mềm Sugus hương cam thanh 30g,2Mart,,kẹo,8000,0,INACTIVE,,,2026-07-30T02:56:08.420Z,2026-07-30T02:57:05.756Z
d7cbf33a-ed53-4dd0-ae17-70b5789d1d5b,SP000084,Kẹo mềm Sugus hương cam thanh 30g,2Mart,,kẹo,168000,0,INACTIVE,,,2026-07-30T02:56:08.426Z,2026-07-30T02:57:05.759Z
1a9fc715-d10f-45a5-a044-a19f2f57a9de,8851929011590,Kẹo Sugus kẹo mềm dâu,2Mart,,kẹo,8000,0,INACTIVE,,,2026-07-30T02:56:08.430Z,2026-07-30T02:57:05.763Z
fdc76ee7-f7f2-449d-8206-1724ead4cee2,SP000083,Kẹo Sugus kẹo mềm dâu,2Mart,,kẹo,168000,0,INACTIVE,,,2026-07-30T02:56:08.434Z,2026-07-30T02:57:05.771Z
c83a4826-c3d6-49ba-8383-ed069b3dafd1,9555192501107,WRIGLEYS DOUBLEMINT CHEWING GUM,2Mart,,kẹo,8000,0,INACTIVE,,,2026-07-30T02:56:08.441Z,2026-07-30T02:57:05.774Z
59be7e76-9b41-4ee9-8a15-fbe208cf3eb4,SP000081,WRIGLEYS DOUBLEMINT CHEWING GUM,2Mart,,kẹo,0,0,INACTIVE,,,2026-07-30T02:56:08.445Z,2026-07-30T02:57:05.780Z
88489a0a-8454-4bc1-8e34-97f8268535e8,8934677000440,Kẹo Cao Su Xylitol Strawberry 12g,lotte,,kẹo,10000,4000,ACTIVE,,2026-08-17T17:09:24.987Z,2026-07-30T02:56:08.457Z,2026-08-17T17:09:24.999Z
a9b53cc8-6f7a-4fa7-82e5-75a0fff19b2e,8934677020110,"Gum Xylitol Coolmint 11,6g",lotte,,kẹo,10000,4000,ACTIVE,,2026-08-15T13:44:32.968Z,2026-07-30T02:56:08.448Z,2026-08-15T13:44:32.982Z
a742d989-76c6-41e8-8aaa-b9ec40582483,8934677000310,Kẹo Sing Gum Không Đường Xylitol Blueberrym 11.6gr,lotte,,kẹo,10000,4000,ACTIVE,,2026-08-18T17:02:08.139Z,2026-07-30T02:56:08.453Z,2026-08-18T17:02:08.171Z
210afb4b-0285-4690-888d-49624120859a,8936010680906,Kool-Thịt Bò Bằm Và Cà Chua,Cung đình,,Mì bát-ly-gói-hủ tiếu-phở,18000,0,INACTIVE,,2026-08-18T16:01:34.132Z,2026-07-30T02:56:08.585Z,2026-08-18T16:01:34.158Z
3e5638c8-2e70-4e48-ab58-5c9e222cd674,8934677000334,"Kẹo gum xylitol blueberry mint 55,1g",lotte,,kẹo,35000,24000,INACTIVE,,2026-08-17T17:41:17.890Z,2026-07-30T02:56:08.462Z,2026-08-17T17:41:17.911Z
3ee8e947-87bf-4a1c-bc31-8fa7a0894968,8936010681545,Kool-Sườn Nướng Kiểu Hàn Quốc,Cung đình,,Mì bát-ly-gói-hủ tiếu-phở,18000,0,INACTIVE,,2026-08-17T16:36:27.385Z,2026-07-30T02:56:08.602Z,2026-08-17T16:36:27.424Z
fde2c0a5-17a7-492a-9dca-1ff5dd96dbf2,8938507729303,KHĂN GIẤY LỤA PREMIER VINATISSUE 2 LỚP GÓI 280 TỜ,Premier,,Khăn giấy,20000,0,INACTIVE,,,2026-07-30T02:56:08.478Z,2026-07-30T02:57:05.831Z
a868a1c6-6eb3-4259-b97d-d808386ec40e,8934677000341,"KẸO GUM lime mint XYLITOL 55,1g",lotte,,kẹo,35000,24000,ACTIVE,,2026-08-17T07:17:43.270Z,2026-07-30T02:56:08.475Z,2026-08-17T07:17:43.716Z
a7332b7c-b3f3-4655-84fd-2424b4867dd6,8934677020219,"KẸO GUM Xylitol cool 55,1g",lotte,,kẹo,35000,24000,ACTIVE,,,2026-07-30T02:56:08.496Z,2026-07-30T02:57:05.837Z
67c7d0a1-1295-4744-a27a-0d70e6ef5322,8936114080107,Wrigley's Doublemint Chewing Gum 11.6g,2Mart,,kẹo,10000,4000,INACTIVE,,,2026-07-30T02:56:08.506Z,2026-07-30T02:57:05.848Z
c7186c0c-903a-4526-b9c3-76e57ebde584,8936114080046,"Kẹo Cool Air Bạc Hà 11,6g",2Mart,,kẹo,10000,4000,INACTIVE,,,2026-07-30T02:56:08.520Z,2026-07-30T02:57:05.859Z
6b51a042-23c7-4e22-a77d-167939bae6e1,8852008300017,Bánh Gấu Koala's March Socola,lotte,,Bánh quy-Bánh que,22000,13000,ACTIVE,,,2026-07-30T02:56:08.536Z,2026-07-30T02:57:05.865Z
948764f5-ff11-4340-8bb1-a597dbb383dd,8938507729709,Combo 3 Khăn giấy rút Vinatissue 200 tờ,Premier,,Khăn giấy,30000,0,INACTIVE,,,2026-07-30T02:56:08.548Z,2026-07-30T02:57:05.868Z
798da343-31ef-4ccb-b1db-371f1bce7246,8852008300048,Bánh Gấu Koala’s March Dâu,lotte,,Bánh quy-Bánh que,22000,13000,ACTIVE,,,2026-07-30T02:56:08.556Z,2026-07-30T02:57:05.875Z
f9bf9154-38a9-45da-be7c-02e4624879fd,8852008304886,Bánh Gấu Koala’s March Sữa,lotte,,Bánh quy-Bánh que,22000,13000,ACTIVE,,,2026-07-30T02:56:08.562Z,2026-07-30T02:57:05.884Z
d242216c-3abe-41c2-a93f-bc860f90821c,8938507729617,Khăn giấy bỏ túi Vinatissue,Premier,,Khăn giấy,4000,0,INACTIVE,,,2026-07-30T02:56:08.566Z,2026-07-30T02:57:05.894Z
62a81962-9ace-46d6-a11f-7b4b28b18fa7,SP000079,Khăn giấy bỏ túi Vinatissue,Premier,,Khăn giấy,35000,0,INACTIVE,,,2026-07-30T02:56:08.570Z,2026-07-30T02:57:05.905Z
7c5a5b28-6ffb-4ebe-ac75-1d20949b635b,8852008304855,Bánh Gấu Koala’s March Vỏ Nhân Socola,lotte,,Bánh quy-Bánh que,22000,13000,ACTIVE,,,2026-07-30T02:56:08.573Z,2026-07-30T02:57:05.915Z
87f3dc42-4051-41ba-82b6-9ea9a30cfb3c,8938507729044,KHĂN GIẤY BẾP VINAROLL,Premier,,Khăn giấy,25000,0,INACTIVE,,,2026-07-30T02:56:08.577Z,2026-07-30T02:57:05.924Z
4c38da5a-63f5-4234-92c4-4b2e7c3b9392,8938533595804,GIẤY VUÔNG VINATISSUE,Premier,,Khăn giấy,16000,0,INACTIVE,,,2026-07-30T02:56:08.581Z,2026-07-30T02:57:05.928Z
ddd56de2-b804-4200-8997-02e60739cf11,8936092552726,Bánh Potatos Khoai Tây Gói,Kico,,Bánh quy-Bánh que,3000,0,INACTIVE,,,2026-07-30T02:56:08.588Z,2026-07-30T02:57:05.944Z
5b896ae8-a5d5-48cc-be6c-75661bdaf397,8934677000457,KẸO CAO SU XYLITOL DÂU 58GR,lotte,,kẹo,35000,24000,INACTIVE,,2026-08-15T18:58:38.341Z,2026-07-30T02:56:08.486Z,2026-08-15T18:58:38.380Z
c2f95421-d9bc-494e-a5dd-ce2e7606c9af,8936092552894,My Candy Vị Đào,2Mart,,kẹo,33000,0,INACTIVE,,,2026-07-30T02:56:08.595Z,2026-07-30T02:57:05.959Z
63999973-3e75-49f2-8071-f1c54205d21e,8936092552443,Thanh Lứt Rong Biển Chà Bông Kico Vị Truyền Thống,Kico,,Bánh quy-Bánh que,36000,0,INACTIVE,,,2026-07-30T02:56:08.599Z,2026-07-30T02:57:05.964Z
b60e71ae-dc93-418f-b875-4435759283e9,8936092552337,THẠCH SỮA CHUA HOA QUẢ KICO 400G THÙNG*20,Kico,,kẹo,3000,0,INACTIVE,,,2026-07-30T02:56:08.605Z,2026-07-30T02:57:05.974Z
47699c13-df3b-4b3c-bbfe-f2a65a4c5dbd,SP000197,THẠCH SỮA CHUA HOA QUẢ KICO 400G THÙNG*20,Kico,,kẹo,28000,0,INACTIVE,,,2026-07-30T02:56:08.609Z,2026-07-30T02:57:05.987Z
1f97c7f3-c077-464c-985b-99c67b27bd5b,8934662302276,XÀ BÔNG TẮM NƯỚC HOA CINDY BLOOM URBAN VIBES 90G,SCC,,Đồ dùng cá nhân,22800,0,INACTIVE,,,2026-07-30T02:56:08.612Z,2026-07-30T02:57:06.001Z
da82e2ea-7a6a-4115-9a1f-b8bd31d46637,8936092552887,My Candy Vị Xoài,Kico,,kẹo,33000,0,INACTIVE,,,2026-07-30T02:56:08.615Z,2026-07-30T02:57:06.013Z
d3cd92ea-da3b-4932-9302-46743175745f,SP000076,BĂNG VỆ SINH HẰNG NGÀY GLAMISS COOL GLAMISS COOL DAILY SANITARY PADS,Doctor Care,,Đồ dùng cá nhân,275000,0,INACTIVE,,,2026-07-30T02:56:08.624Z,2026-07-30T02:57:06.021Z
3d2d0655-f5e2-4f31-9257-ce8200365197,8934662302245,XÀ BÔNG TẮM NƯỚC HOA CINDY BLOOM AROMA FLOWER 90G,SCC,,Đồ dùng cá nhân,22800,0,INACTIVE,,,2026-07-30T02:56:08.627Z,2026-07-30T02:57:06.028Z
5f53b30a-e2bd-406f-8261-2cbadf134278,8934677000327,Kẹo Cao Su Vỉ Xylitol Xanh Bạc Hà Lime Mint 11.6g,lotte,,kẹo,10000,4000,ACTIVE,,2026-08-07T16:34:07.254Z,2026-07-30T02:56:08.460Z,2026-08-07T16:34:07.271Z
f5cf999e-17cc-4e46-9ffb-2aadac58d063,6939020680555,CĐ Lẩu Tôm Chua Cay,Cung đình,,Mì bát-ly-gói-hủ tiếu-phở,12000,0,INACTIVE,,,2026-07-30T02:56:08.634Z,2026-07-30T02:57:06.040Z
d1bec93e-6739-4f8a-b2ad-a983efeb770a,SP000074,CĐ Lẩu Tôm Chua Cay,Cung đình,,Mì bát-ly-gói-hủ tiếu-phở,360000,0,INACTIVE,,,2026-07-30T02:56:08.638Z,2026-07-30T02:57:06.047Z
202d78c8-ff63-4027-82c6-2b0306b5750c,8934662169114,SÁP THƠM PURE AIR--HƯƠNG LAVENDER,SCC,,Đồ dùng cá nhân,52200,0,INACTIVE,,,2026-07-30T02:56:08.642Z,2026-07-30T02:57:06.050Z
7fbe8175-43a8-4404-9b9c-23e4e1311e6a,8934662169107,SÁP THƠM PURE AIR CAM CHANH,SCC,,Đồ dùng nhà cửa,52200,0,INACTIVE,,,2026-07-30T02:56:08.646Z,2026-07-30T02:57:06.058Z
eee28b80-ecbb-454c-9d3b-b3103e37aad4,8934662169138,Sáp Thơm Pure Aire Hoa Hồng,SCC,,Đồ dùng nhà cửa,52200,0,INACTIVE,,,2026-07-30T02:56:08.649Z,2026-07-30T02:57:06.061Z
287ecf89-3165-457a-8b83-d9e1406f348b,8934662169121,SÁP THƯƠM PURE AIR HOA ANH ĐÀO,SCC,,Đồ dùng nhà cửa,52200,0,INACTIVE,,,2026-07-30T02:56:08.651Z,2026-07-30T02:57:06.064Z
8cf675db-41c0-4e70-a73b-be214bf8e04f,8936010680807,Mì Cung Đình Spaghetti Mua 1 Tặng 1,Cung đình,,Mì bát-ly-gói-hủ tiếu-phở,13000,0,INACTIVE,,,2026-07-30T02:56:08.656Z,2026-07-30T02:57:06.067Z
81b6803a-37bf-45f2-942c-c25c3fbf00d2,SP000073,Mì Cung Đình Spaghetti Mua 1 Tặng 1,Cung đình,,Mì bát-ly-gói-hủ tiếu-phở,390000,0,INACTIVE,,,2026-07-30T02:56:08.662Z,2026-07-30T02:57:06.069Z
f968b913-ce7d-4125-81ec-1222ff3409f4,8934662205973,Dầu gội thảo mộc dưỡng sinh fresh sạch gàu mềm mượt 480ml,SCC,,Dầu gội-Dầu xả,219600,0,INACTIVE,,,2026-07-30T02:56:08.667Z,2026-07-30T02:57:06.073Z
fa2c7917-ed94-4319-8e5d-3c2bdf6b0f04,8934662205966,Cặp Dầu gội Fress thảo mộc dưỡng sinh chắc khoẻ bồng bềnh 480ml,SCC,,Dầu gội-Dầu xả,219600,0,INACTIVE,,,2026-07-30T02:56:08.670Z,2026-07-30T02:57:06.076Z
ae71b558-2e12-4f71-b435-8ce63528f051,8934662283032,DG FREESH SUÔN MƯỢT ÓNG Ả BỒ KẾT & DẦU HẠT CHIA 650G,SCC,,Dầu gội-Dầu xả,122400,0,INACTIVE,,,2026-07-30T02:56:08.673Z,2026-07-30T02:57:06.079Z
ab6142e4-31a1-4d9b-86cf-4830f4f6bd3a,8934662283322,Dầu gội fresh gãy rụng 650g,SCC,,Dầu gội-Dầu xả,122400,0,INACTIVE,,,2026-07-30T02:56:08.676Z,2026-07-30T02:57:06.081Z
d7d06373-4c68-47a2-9d3a-ca0e6dbbe05c,8934662112370,XỊT PHÒNG NƯỚC HOA SPRING HƯƠNG YLANG YLANG 250ML,SCC,,Đồ dùng nhà cửa,38000,0,INACTIVE,,,2026-07-30T02:56:08.679Z,2026-07-30T02:57:06.083Z
dbbcf1e7-3577-46d1-8e4e-7fc126d8b83b,8934662112349,XỊT PHÒNG SPRING HƯƠNG PHẤN,SCC,,Đồ dùng nhà cửa,38000,0,INACTIVE,,,2026-07-30T02:56:08.682Z,2026-07-30T02:57:06.090Z
bb98bce1-9533-4ad4-8c75-73896a3d5f24,8934662112332,xịt phòng spring chanh 225ml,SCC,,Đồ dùng nhà cửa,38000,0,INACTIVE,,,2026-07-30T02:56:08.694Z,2026-07-30T02:57:06.113Z
57ccfa9e-03a3-4a7e-b211-50f784b9e587,8934662169091,XỊT PHÒNG PURE AIR HƯƠNG PHẤN 280ML PURE AIR ROOM SPRAY POWDER FRAGRANCE 280ML,SCC,,Đồ dùng nhà cửa,53400,0,INACTIVE,,,2026-07-30T02:56:08.700Z,2026-07-30T02:57:06.120Z
bc0306bd-bb3a-42f9-a6f4-47e7ca79a8c9,8934662169060,Xịt phòng Pure Air hoa hồng 280ml,SCC,,Đồ dùng nhà cửa,53400,0,INACTIVE,,,2026-07-30T02:56:08.704Z,2026-07-30T02:57:06.129Z
4079fe5b-bb6c-4a6e-b56f-d828eec9d1cf,8934662169077,XỊT PHÒNG PURE AIR HƯƠNG LAVENDER 280ML,SCC,,Đồ dùng nhà cửa,53400,0,INACTIVE,,,2026-07-30T02:56:08.708Z,2026-07-30T02:57:06.136Z
aaa50fa3-e3d0-4f45-98d6-9fcbaa944364,8934662169084,XỊT PHÒNG PURE AIR HOA ANH ĐÀO,SCC,,Đồ dùng nhà cửa,53400,0,INACTIVE,,,2026-07-30T02:56:08.720Z,2026-07-30T02:57:06.140Z
26d65e0f-1324-4eaa-ad6d-d83fad612ca6,8934662169053,Xịt phòng cam chanh PURE AIR 280ml,SCC,,Đồ dùng nhà cửa,53400,0,INACTIVE,,,2026-07-30T02:56:08.725Z,2026-07-30T02:57:06.143Z
7ae7832e-7a42-41b8-9b51-769a95f2477c,8936010680555,Mì cung đình lẩu tôm chua cay,Cung đình,,Mì bát-ly-gói-hủ tiếu-phở,12000,0,INACTIVE,,2026-08-12T18:53:34.789Z,2026-07-30T02:56:08.734Z,2026-08-12T18:53:34.802Z
83b584c9-0376-4ce5-b35c-b49508034d01,SP000070,mì tôm cung đình kool bbq,Cung đình,,Mì bát-ly-gói-hủ tiếu-phở,390000,0,INACTIVE,,,2026-07-30T02:56:08.732Z,2026-07-30T02:57:06.156Z
b135cd57-f03d-43e9-be27-5a9474df076c,SP000069,Mì cung đình lẩu tôm chua cay,Cung đình,,Mì bát-ly-gói-hủ tiếu-phở,276000,0,INACTIVE,,,2026-07-30T02:56:08.738Z,2026-07-30T02:57:06.168Z
f8f839bb-568d-478e-8f90-97d0b8e541d2,8934662308322,NRT KLEEN HƯƠNG ĐÀO 500ML,SCC,,Đồ dùng nhà cửa,49000,0,INACTIVE,,,2026-07-30T02:56:08.741Z,2026-07-30T02:57:06.172Z
c78085e1-4412-471d-8d91-324751b0ae0a,8934662308339,Sữa rửa tay Kleen hương xoài 500ml,SCC,,Đồ dùng nhà cửa,49000,0,INACTIVE,,,2026-07-30T02:56:08.743Z,2026-07-30T02:57:06.176Z
02318569-160c-4576-bc3d-6dee408a56f7,4571157258850,THẠCH ORIHIRO VỊ DÂU TÂY 20GX6 120G,ORIHIRO,,kẹo,35000,0,INACTIVE,,,2026-07-30T02:56:08.748Z,2026-07-30T02:57:06.179Z
e0e2ba0e-ab19-49d4-94d4-3b7f93e0cf9e,8934662308865,NƯỚC RỬA TAY KLEEN 500ml hương lavender,SCC,,Đồ dùng nhà cửa,49000,0,INACTIVE,,,2026-07-30T02:56:08.756Z,2026-07-30T02:57:06.183Z
1e006b7c-323e-498b-8b99-1227b10c1d29,4571157254579,THẠCH VỊ NHO XANH,ORIHIRO,,kẹo,35000,0,INACTIVE,,,2026-07-30T02:56:08.759Z,2026-07-30T02:57:06.187Z
e70fd88e-599f-492d-9d9d-1570d242d66c,8934662308315,nuoc rua tay KLEEN huong tra xanh 500ml,SCC,,Đồ dùng nhà cửa,49000,0,INACTIVE,,,2026-07-30T02:56:08.763Z,2026-07-30T02:57:06.191Z
6d917679-c073-4235-9803-6b871e75a880,4571157252193,Thạch Orihiro vi đào một vị,ORIHIRO,,kẹo,35000,0,INACTIVE,,,2026-07-30T02:56:08.778Z,2026-07-30T02:57:06.197Z
13359c0c-ff2c-4b36-9909-25456f8c2af3,4571157254821,THẠCH ORIHIRO VỊ CAM 120G 36K,ORIHIRO,,kẹo,35000,0,INACTIVE,,,2026-07-30T02:56:08.788Z,2026-07-30T02:57:06.205Z
cbb890d4-b4d5-4094-ad8a-513dbff8e9cf,8934662302306,LĂN MÙI BOLOOM / QUYẾN RŨ,SCC,,Đồ dùng cá nhân,70000,0,INACTIVE,,,2026-07-30T02:56:08.796Z,2026-07-30T02:57:06.212Z
494e3336-6a0c-43c7-9e68-2a64cf0e82b3,8934662302290,LĂN KHỬ MÙI NƯỚC HOA CINDY BLOOM 50ml,SCC,,Đồ dùng cá nhân,70000,0,INACTIVE,,,2026-07-30T02:56:08.802Z,2026-07-30T02:57:06.230Z
849d9584-8ac7-4a7d-8236-d0addcdd883a,8934662302313,LĂN KHỬ MÙI BLOOM URBAN VIBES 50ML,SCC,,Đồ dùng cá nhân,70000,0,INACTIVE,,,2026-07-30T02:56:08.811Z,2026-07-30T02:57:06.240Z
d6483ca9-7198-4d00-9f7e-3145a6ab1c82,8934662302283,LKM BLOOM 50ML HỒNG,SCC,,Đồ dùng cá nhân,70000,0,INACTIVE,,,2026-07-30T02:56:08.818Z,2026-07-30T02:57:06.247Z
3d94040e-476e-4113-93d4-56b81f1e8523,4971493001880,trà giảm cân mỡ bụng nhật genpi,ORIHIRO,,Trà,125000,0,INACTIVE,,,2026-07-30T02:56:08.826Z,2026-07-30T02:57:06.252Z
4dffbfbf-7acc-4b49-8e5f-5996413b5f93,8936010682542,mì tôm cung đình kool bbq,Cung đình,,Mì bát-ly-gói-hủ tiếu-phở,13500,0,INACTIVE,,2026-08-11T17:45:32.491Z,2026-07-30T02:56:08.728Z,2026-08-11T17:45:32.509Z
36145b82-77f1-437e-b68a-1e988740b84e,4971493201198,TRÀ DIẾP CÁ,ORIHIRO,,Trà,115000,0,INACTIVE,,,2026-07-30T02:56:08.844Z,2026-07-30T02:57:06.260Z
7005a61f-01e7-48e8-a01d-77e78f6eae00,8934662302207,SỮA TẮM NƯỚC HOA CINDY BLOOM ROMANTIC MUSE QUYẾN RŨ 640G,SCC,,Đồ dùng nhà cửa,145000,0,INACTIVE,,,2026-07-30T02:56:08.847Z,2026-07-30T02:57:06.262Z
958ebb0b-2a29-428d-aa17-7d2ab9dc8bdd,8934662302221,St Cindy Bloom tự tin 640g,SCC,,Đồ dùng nhà cửa,145000,0,INACTIVE,,,2026-07-30T02:56:08.851Z,2026-07-30T02:57:06.266Z
cde37119-732a-4706-881d-ea2c0379cd9a,8934662305802,SỮA TẮM FRESH 1KG2,SCC,,Đồ dùng nhà cửa,130000,0,INACTIVE,,,2026-07-30T02:56:08.866Z,2026-07-30T02:57:06.273Z
0e79662d-23b6-43cf-b298-365e731e4c81,8934662305789,S.TẮM FRESHTRẮNG DA HƯƠNG NGỌC LAN TÂY 1.2KG +ST 320G,SCC,,Đồ dùng cá nhân,130000,0,INACTIVE,,,2026-07-30T02:56:08.880Z,2026-07-30T02:57:06.276Z
8940a630-9fe2-4c7f-975e-d7c5ffccb9da,8934662305765,SỮA TẮM FRESH HƯƠNG HOA HỒNG 1.2KG,SCC,,Đồ dùng cá nhân,130000,0,INACTIVE,,,2026-07-30T02:56:08.888Z,2026-07-30T02:57:06.283Z
5db1d020-01f4-446f-b866-4a51a01138d0,8934564600807,C2 Vị Vải 455ml,URC Việt Nam,,C2,15000,7709,INACTIVE,,,2026-07-30T02:56:08.894Z,2026-07-30T02:57:06.286Z
dcf087bd-4ecc-4652-a5e4-634e7e1ef9c4,SP000067,C2 Vị Vải 455ml,URC Việt Nam,,C2,360000,185016,INACTIVE,,,2026-07-30T02:56:08.900Z,2026-07-30T02:57:06.290Z
64f0619a-d174-42a2-92be-2c73e27e4eb2,8934822801335,Bia Tiger Bạc,Heiniken,,Nước uống chứa cồn,24000,"17871,67",ACTIVE,,2026-08-17T22:01:38.462Z,2026-07-30T02:56:08.952Z,2026-08-17T22:01:38.498Z
cda6cc16-f49f-4475-811f-aaa5155aff8e,SP000066,Trà Xanh Không Độ,Tân Hiệp Phát Group,,Nước trái cây,360000,192000,INACTIVE,,,2026-07-30T02:56:08.912Z,2026-07-30T02:57:06.296Z
fb1e8c30-4e25-4054-9d19-f93f0152093c,SP000065,Bia Heineken Bạc,Heiniken,,Nước uống chứa cồn,600000,480000,INACTIVE,,,2026-07-30T02:56:08.920Z,2026-07-30T02:57:06.315Z
ddaa63e4-a4cb-42bd-ad3a-14c7df1c57c1,8934683008867,Wake-up 247,Masan,,Nước uống có gas,15000,"8092,92",ACTIVE,,2026-08-18T16:16:13.057Z,2026-07-30T02:56:08.933Z,2026-08-18T16:16:13.091Z
395064d6-1608-47ba-95c0-e58cb0d8220d,SP000064,Wake-up 247,Masan,,Nước uống có gas,312000,"194230,08",ACTIVE,,,2026-07-30T02:56:08.944Z,2026-07-30T02:57:06.327Z
caa96cfe-19b9-4d1f-a1ca-080115528aad,8936193070013,Trà Xanh Không Độ,Tân Hiệp Phát Group,,Nước trái cây,15000,8000,INACTIVE,,2026-08-18T19:37:25.645Z,2026-07-30T02:56:08.908Z,2026-08-18T19:37:25.687Z
21cc8cc6-0543-4be1-8721-edeea1012d9b,SP000063,Bia Tiger Bạc,Heiniken,,Nước uống chứa cồn,528000,"428920,08",ACTIVE,,,2026-07-30T02:56:08.959Z,2026-07-30T02:57:06.337Z
d342b7d5-527b-4bb8-b287-3be779790284,8934588022111,Nước ngọt 7up lon 320ml,Pesi,,Nước uống có gas,15000,"7171,67",ACTIVE,,2026-08-12T12:58:30.435Z,2026-07-30T02:56:09.055Z,2026-08-12T12:58:30.457Z
81a64272-ecb4-4036-8e4c-abbb33cb211c,SP000061,Nước Aquafina 500ml,Aquafina,,Nước bù khoáng,144000,"104823,6",ACTIVE,,,2026-07-30T02:56:08.972Z,2026-07-30T02:57:06.343Z
0fb660ec-7eb8-462d-8fd9-8f09aa21de6a,6915878224219,Bia Corona,Ngoại,,Nước uống chứa cồn,30000,"20714,29",INACTIVE,,,2026-07-30T02:56:08.981Z,2026-07-30T02:57:06.347Z
73dc5a76-e387-4903-9e37-28dd340af234,SP000060,Bia Corona,Ngoại,,Nước uống chứa cồn,672000,"497142,96",INACTIVE,,,2026-07-30T02:56:08.988Z,2026-07-30T02:57:06.357Z
f40caab5-4612-4754-9211-c3ab0687e144,8934588023132,Nước ngọt 7up chai 390ml,Pesi,,Nước uống có gas,13000,"5208,34",INACTIVE,,,2026-07-30T02:56:08.994Z,2026-07-30T02:57:06.366Z
c18892c2-e4f9-4a70-9775-4b750f88b66d,SP000059,Nước ngọt 7up chai 390ml,Pesi,,Nước uống có gas,288000,"125000,16",INACTIVE,,,2026-07-30T02:56:08.998Z,2026-07-30T02:57:06.369Z
a2f0abd9-afa1-4b67-ab2a-f744af304f10,8934952006044,Kido’s banh pho mai castella,Kido’s Bakery,,Bánh mì,12000,0,INACTIVE,,,2026-07-30T02:56:09.002Z,2026-07-30T02:57:06.377Z
53a59c8e-95c3-4053-a22a-bca2a1a50cb9,SP000058,Kido’s banh pho mai castella,Kido’s Bakery,,Bánh mì,60000,0,INACTIVE,,,2026-07-30T02:56:09.006Z,2026-07-30T02:57:06.393Z
be7e3194-6ccc-4a32-b6f1-c7d602bfb60d,8936094291005,Bia Budweiser 330ml,Anheuser busch inbev,,Nước uống chứa cồn,23000,0,INACTIVE,,,2026-07-30T02:56:09.012Z,2026-07-30T02:57:06.399Z
4697a152-68f7-4cc1-b116-a17736ecad69,SP000057,Bia Budweiser 330ml,Anheuser busch inbev,,Nước uống chứa cồn,528000,0,INACTIVE,,,2026-07-30T02:56:09.025Z,2026-07-30T02:57:06.402Z
4639aad9-528e-4c40-bb7e-a4b92265db28,8934952005955,BÁNH TƯƠI CÁ BÀO TAKOYAKI XỐT NHẬT BẢN KIDO 55G,Kido’s Bakery,,Bánh mì,12000,0,INACTIVE,,,2026-07-30T02:56:09.031Z,2026-07-30T02:57:06.404Z
5538fc95-27e9-468d-844d-d304505b02ec,SP000056,BÁNH TƯƠI CÁ BÀO TAKOYAKI XỐT NHẬT BẢN KIDO 55G,Kido’s Bakery,,Bánh mì,60000,0,INACTIVE,,,2026-07-30T02:56:09.041Z,2026-07-30T02:57:06.407Z
ab22d742-e111-4ece-a6a5-bf8012e838ba,SP000055,KIDO'S BÁNH MÌ CHÀ BÔNG GÀ NƯỚNG XỐT HONGKONG 55G,Kido’s Bakery,,Bánh mì,60000,0,INACTIVE,,,2026-07-30T02:56:09.051Z,2026-07-30T02:57:06.418Z
a995492e-1862-4ff0-8cbd-a862ab8f27fb,8934588063053,Nước Aquafina 500ml,Aquafina,,Nước bù khoáng,7000,"4367,65",ACTIVE,,2026-08-11T15:34:45.656Z,2026-07-30T02:56:08.968Z,2026-08-11T15:34:45.665Z
5fed007b-af50-431e-afda-20065b7fa66b,SP000054,Nước ngọt 7up lon 320ml,Pesi,,Nước uống có gas,312000,"172120,08",ACTIVE,,,2026-07-30T02:56:09.067Z,2026-07-30T02:57:06.423Z
4143a784-e94b-499a-b008-dae6878f6229,8934588013133,Pepsi Chai 390ml,Pesi,,Nước uống có gas,14000,0,INACTIVE,,,2026-07-30T02:56:09.076Z,2026-07-30T02:57:06.432Z
c6812101-92de-4ecc-9e2f-3f1910b654b1,SP000053,Pepsi Chai 390ml,Pesi,,Nước uống có gas,288000,0,INACTIVE,,,2026-07-30T02:56:09.080Z,2026-07-30T02:57:06.436Z
62206224-5017-4396-9e14-768b54b561a2,8934774000367,Nước Khoáng Đảnh Thạnh Chanh,Đảnh thạnh,,Nước bù khoáng,14000,"6236,36",ACTIVE,,2026-08-18T17:50:58.665Z,2026-07-30T02:56:09.099Z,2026-08-18T17:50:58.686Z
f8bee7b6-1c09-4d65-87ea-df12a9585698,SP000052,Revive Chanh Muối 390ml,Pesi,,Nước bù khoáng,312000,"160000,08",ACTIVE,,,2026-07-30T02:56:09.095Z,2026-07-30T02:57:06.447Z
d1aff7d0-a254-4865-ba1d-5fa1ac28f045,8934822201210,Bia Heineken Bạc,Heiniken,,Nước uống chứa cồn,27000,20000,INACTIVE,,2026-08-08T20:56:06.297Z,2026-07-30T02:56:08.916Z,2026-08-08T20:56:06.319Z
a759af04-445d-43ca-a6ff-840666b1e5a7,SP000051,Nước Khoáng Đảnh Thạnh Chanh,Đảnh thạnh,,Nước bù khoáng,288000,"149672,64",ACTIVE,,,2026-07-30T02:56:09.102Z,2026-07-30T02:57:06.454Z
8639f4fb-1a01-473c-9dd8-4bf5ed9aebea,8934588843051,Nước Revive Trắng 500ml,Pesi,,Nước bù khoáng,15000,"7083,34",INACTIVE,,2026-08-19T16:25:30.174Z,2026-07-30T02:56:09.105Z,2026-08-19T16:25:30.292Z
55c54610-84cf-4ea5-9f42-5ae4ed8f60f1,SP000050,Nước Revive Trắng 500ml,Pesi,,Nước bù khoáng,360000,"170000,16",INACTIVE,,,2026-07-30T02:56:09.107Z,2026-07-30T02:57:06.469Z
25436a0b-02df-4b27-9571-a3279e641799,8934588873119,TRA OLONG 320ML,Pesi,,Nước trái cây,12000,0,INACTIVE,,,2026-07-30T02:56:09.110Z,2026-07-30T02:57:06.476Z
3b2474fe-68ce-4c2f-9845-88ec47ca55f9,8935049510871,Nước Aquarius 390ml,Cocacola,,Nước bù khoáng,14000,"6041,76",INACTIVE,,2026-08-19T11:43:23.535Z,2026-07-30T02:56:09.195Z,2026-08-19T11:43:23.551Z
895b2514-67df-4fa3-aeb6-db815fc24837,SP000048,Sting vàng chai 330ml,Pesi,,Nước uống có gas,312000,180000,ACTIVE,,,2026-07-30T02:56:09.127Z,2026-07-30T02:57:06.497Z
a8b97160-08a4-4157-942f-935d67c99490,8934564600357,C2 Vị Chanh Vàng 455ml,URC Việt Nam,,C2,15000,"7706,61",INACTIVE,,,2026-07-30T02:56:09.131Z,2026-07-30T02:57:06.499Z
bcaa9578-efa8-4666-96b7-fe3bcfd60f9d,SP000047,C2 Vị Chanh Vàng 455ml,URC Việt Nam,,C2,360000,"184958,64",INACTIVE,,,2026-07-30T02:56:09.133Z,2026-07-30T02:57:06.505Z
8bc30f9b-5b4c-4437-a7a8-725af6932010,8934564600883,C2 Vị Dưa Lưới Bạc Hà 455ml,URC Việt Nam,,C2,15000,0,INACTIVE,,,2026-07-30T02:56:09.136Z,2026-07-30T02:57:06.516Z
5311bab6-7adb-47e9-9bb6-88d458531c54,SP000046,C2 Vị Dưa Lưới Bạc Hà 455ml,URC Việt Nam,,C2,312000,0,INACTIVE,,,2026-07-30T02:56:09.139Z,2026-07-30T02:57:06.527Z
a6ec70bc-8f7e-4e71-b046-f5771167071b,8935001214236,Wonderfarm Trà Bí Đao 320ml,Wornderfarm,,Nước trái cây,15000,"6117,18",ACTIVE,,2026-08-12T18:20:37.747Z,2026-07-30T02:56:09.206Z,2026-08-12T18:20:37.761Z
6bf2153b-e5e4-4734-95b8-2f83770ae3a1,SP000045,NutriBoost Hương Dâu 297ml,Cocacola,,Sữa-Sữa chua-Sữa dừa,312000,"184615,2",ACTIVE,,,2026-07-30T02:56:09.144Z,2026-07-30T02:57:06.536Z
b893b286-9168-49ee-afbc-374059f34739,8934588712081,Rockstar Lon 250ml,Pesi,,Nước uống có gas,15000,"8007,98",ACTIVE,,2026-08-19T17:24:15.104Z,2026-07-30T02:56:09.295Z,2026-08-19T17:24:15.128Z
0c9027e3-7865-4e63-9e8d-550012527485,SP000044,NutriBoost Hương Cam 297ml,Cocacola,,Sữa-Sữa chua-Sữa dừa,312000,"184999,92",ACTIVE,,,2026-07-30T02:56:09.156Z,2026-07-30T02:57:06.542Z
499f563a-c959-41d4-a86f-6d57e66f93ba,8935049500131,NutriBoost Hương Dâu 297ml,Cocacola,,Sữa-Sữa chua-Sữa dừa,15000,"7692,3",ACTIVE,,2026-08-19T17:58:43.633Z,2026-07-30T02:56:09.142Z,2026-08-19T17:58:43.659Z
87f1cf9d-1822-4622-8df1-69a3294c6019,SP000043,Redbull Thái Lan 250ml,Redbull,,Nước uống có gas,432000,"295000,08",INACTIVE,,,2026-07-30T02:56:09.179Z,2026-07-30T02:57:06.551Z
01f423f8-7648-4a97-b593-45ff108ee714,8934564600692,C2 Vị Đào Hồng 455ml,URC Việt Nam,,C2,15000,7709,ACTIVE,,,2026-07-30T02:56:09.186Z,2026-07-30T02:57:06.557Z
ab14c41c-5072-4cf5-b24a-85394808244a,SP000042,C2 Vị Đào Hồng 455ml,URC Việt Nam,,C2,312000,185016,ACTIVE,,,2026-07-30T02:56:09.191Z,2026-07-30T02:57:06.562Z
dd265c7c-327d-45d8-959c-af2c67c383d2,8852008300116,banhs koalas march,,,Khác,21000,13000,ACTIVE,,,2026-08-13T07:26:01.646Z,2026-08-13T13:28:00.173Z
56eb7f00-f058-43a2-b606-cd02b03d95e7,SP000041,Nước Aquarius 390ml,Cocacola,,Nước bù khoáng,312000,"145002,24",INACTIVE,,,2026-07-30T02:56:09.198Z,2026-07-30T02:57:06.570Z
505154be-92b4-4600-a12c-4fd962c99f89,8847104690032,Yeo’s vị vải 300ml,Yeos,,Yeo's,18000,0,INACTIVE,,,2026-07-30T02:56:09.200Z,2026-07-30T02:57:06.574Z
8741af17-b5f1-4bca-9f98-865b86ee176c,8852008304848,bánh koalas march,,,Khác,0,0,ACTIVE,,,2026-08-13T07:23:52.295Z,2026-08-13T07:23:52.295Z
c173d55b-3455-4a9f-b057-01a70ea71f02,8934588173073,Sting vàng chai 330ml,Pesi,,Nước uống có gas,15000,7500,ACTIVE,,2026-08-19T17:28:41.040Z,2026-07-30T02:56:09.123Z,2026-08-19T17:28:41.058Z
1e172918-0b80-4a15-adc5-a35c16b504ea,SP000040,Wonderfarm Trà Bí Đao 320ml,Wornderfarm,,Nước trái cây,288000,"146812,32",ACTIVE,,,2026-07-30T02:56:09.213Z,2026-07-30T02:57:06.585Z
dd9c6475-cf4e-47ea-9ba5-d3a7d63c47db,8847104690018,Yeo’s sương sáo 300ml,Yeos,,Yeo's,18000,0,INACTIVE,,,2026-07-30T02:56:09.230Z,2026-07-30T02:57:06.588Z
14373931-9226-4bbe-be84-f7d02bc7adfe,8847104692210,Yeo’s trà xanh 300ml,Yeos,,Yeo's,18000,0,INACTIVE,,,2026-07-30T02:56:09.236Z,2026-07-30T02:57:06.591Z
2116b9d4-dd74-48bc-a4f4-c5c00b8e0818,SP000038,Nước Khoáng Đảnh Thạnh Lạt,Đảnh thạnh,,Nước bù khoáng,216000,"110000,16",ACTIVE,,,2026-07-30T02:56:09.254Z,2026-07-30T02:57:06.598Z
bc66b8d4-b7ee-4dff-bbc2-bd39eb417cab,8847104692135,Yeo’s trà sâm bổ lượng 300ml,Yeos,,Yeo's,20000,0,INACTIVE,,,2026-07-30T02:56:09.259Z,2026-07-30T02:57:06.601Z
57370050-a0be-45eb-88a6-2f9b79e8ce30,8934564600869,C2 Vị Dâu Anh Đào 455ml,URC Việt Nam,,C2,15000,"7708,89",INACTIVE,,,2026-07-30T02:56:09.262Z,2026-07-30T02:57:06.604Z
88e4c6d9-6b3b-432f-b28e-254375715995,SP000037,C2 Vị Dâu Anh Đào 455ml,URC Việt Nam,,C2,312000,"185013,36",INACTIVE,,,2026-07-30T02:56:09.265Z,2026-07-30T02:57:06.606Z
22206535-3092-4aa6-9934-5466fd00a19c,810051809916,Cummy christmas boots,Amos,,kẹo,28000,0,INACTIVE,,,2026-07-30T02:56:09.270Z,2026-07-30T02:57:06.609Z
3bada22e-4c4e-4aa3-a7e3-25c4c51d0427,8934588063060,Nước Tinh Khiết Aquafina 1.5L,Aquafina,,Nước bù khoáng,15000,"7774,41",INACTIVE,,2026-08-13T16:11:41.895Z,2026-07-30T02:56:09.274Z,2026-08-13T16:11:41.924Z
6ad30fd5-82de-408e-92cb-923b8126366d,SP000036,Nước Tinh Khiết Aquafina 1.5L,Aquafina,,Nước bù khoáng,180000,"93292,92",INACTIVE,,,2026-07-30T02:56:09.276Z,2026-07-30T02:57:06.620Z
5b9bef7a-03b3-49d9-8938-94b8390a7ddf,8935049511021,NutriBoost Hương Cam 297ml,Cocacola,,Sữa-Sữa chua-Sữa dừa,15000,"7708,33",ACTIVE,,2026-08-19T20:32:20.795Z,2026-07-30T02:56:09.150Z,2026-08-19T20:32:20.811Z
de7a160b-d55e-4b08-b86c-604aec03a753,SP000035,Bia lon Huda 330ml,Huda,,Nước uống chứa cồn,408000,"269996,88",ACTIVE,,,2026-07-30T02:56:09.283Z,2026-07-30T02:57:06.627Z
bbafb20e-70dc-42ed-9c97-757aa0964f31,8938501660152,Thạch rau câu hương khoai môn New Choice gói 300g 20k,New choice,,kẹo,24000,0,INACTIVE,,,2026-07-30T02:56:09.287Z,2026-07-30T02:57:06.637Z
274c64b3-ee2d-4d6e-8137-137186c3de0b,8934692070114,Bia lon Huda 330ml,Huda,,Nước uống chứa cồn,18000,"11249,87",ACTIVE,,2026-08-12T18:38:18.962Z,2026-07-30T02:56:09.279Z,2026-08-12T18:38:18.971Z
a3494452-b35d-4db2-818c-c1f6ab1a67f4,SP000033,Rockstar Lon 250ml,Pesi,,Nước uống có gas,336000,"192191,52",ACTIVE,,,2026-07-30T02:56:09.300Z,2026-07-30T02:57:06.647Z
66b51d12-9076-45c7-9a1c-ce0c2a63acf8,SP000032,Fruit gummy peach,Amos,,kẹo,24500,0,INACTIVE,,,2026-07-30T02:56:09.308Z,2026-07-30T02:57:06.651Z
23da983f-3fb5-44c2-afac-f12830581995,SP000031,Fruit gummy strawberry,Amos,,kẹo,24500,0,INACTIVE,,,2026-07-30T02:56:09.313Z,2026-07-30T02:57:06.654Z
474c77df-0d3d-48d4-8954-79b43f790065,8847104690025,Yeo’s trà bí đao 300ml,Yeos,,Yeo's,18000,0,INACTIVE,,2026-08-14T14:02:08.723Z,2026-07-30T02:56:09.203Z,2026-08-14T14:02:08.745Z
cfe305ed-f21d-4a18-aa5f-203c0cfea76f,SP000030,Sting vàng lon 320ml,Pesi,,Nước uống có gas,360000,180000,ACTIVE,,,2026-07-30T02:56:09.323Z,2026-07-30T02:57:06.661Z
2edc4a32-95e9-4968-8c85-3b29f71e739f,SP000029,Sting dâu lon 320ml,Pesi,,Nước uống có gas,360000,"189999,84",ACTIVE,,,2026-07-30T02:56:09.328Z,2026-07-30T02:57:06.666Z
09d9573e-3372-4ea9-b986-70f02648144c,810051812107,KẸO DẺO PEELERZ 65G 26K,Amos,,kẹo,32000,0,INACTIVE,,,2026-07-30T02:56:09.331Z,2026-07-30T02:57:06.669Z
3cc861d7-9822-44e2-bf65-e11affc9aa62,810051800159,Cummy robot,Amos,,kẹo,30000,0,INACTIVE,,,2026-07-30T02:56:09.342Z,2026-07-30T02:57:06.684Z
23dc7049-dd47-41cb-ad75-565323732306,SP000027,Pepsi Vị Nguyên Bản 320ml,Pesi,,Nước uống có gas,360000,"172120,08",ACTIVE,,,2026-07-30T02:56:09.352Z,2026-07-30T02:57:06.699Z
8e2047e7-8552-402a-8149-d9f67a3a1dd6,SP000026,Cummy robot,Amos,,kẹo,0,0,INACTIVE,,,2026-07-30T02:56:09.359Z,2026-07-30T02:57:06.706Z
b488867b-b97f-424a-a69b-d2aee0217703,810051800029,Cummy blocks,Amos,,kẹo,26000,0,INACTIVE,,,2026-07-30T02:56:09.365Z,2026-07-30T02:57:06.716Z
87223605-61da-46e6-ba0d-4b3ec3eb2a37,810051805833,Kẹo the không đường AMOS COOL SMILE vị Dưa Hấu hũ 22G,Amos,,kẹo,32000,0,INACTIVE,,,2026-07-30T02:56:09.371Z,2026-07-30T02:57:06.725Z
40ac1841-0546-47b4-ad60-996b1d842533,SP000024,Kẹo the không đường AMOS COOL SMILE vị Dưa Hấu hũ 22G,Amos,,kẹo,168000,0,INACTIVE,,,2026-07-30T02:56:09.376Z,2026-07-30T02:57:06.729Z
baec0847-6597-41a7-9a53-cd19af01512b,841165105540,Chik Nic - Kẹo ngậm chuối 17g,Chik Nic,,kẹo,7000,0,INACTIVE,,,2026-07-30T02:56:09.380Z,2026-07-30T02:57:06.737Z
b25f956e-fe9b-4a95-b1f5-d88602f65e98,841165105540-1,Chik Nic - Kẹo ngậm chuối 17g,Chik Nic,,kẹo,168000,0,INACTIVE,,,2026-07-30T02:56:09.384Z,2026-07-30T02:57:06.744Z
2fbdcdb0-9f5b-4661-9810-3b987df3bcf2,841165127399,Chik Nic Kẹo ngậm,Chik Nic,,kẹo,9000,0,INACTIVE,,,2026-07-30T02:56:09.388Z,2026-07-30T02:57:06.752Z
741a4555-2ef7-4a4f-a524-eb18091fc63c,841165127399-1,Chik Nic Kẹo ngậm,Chik Nic,,kẹo,168000,0,INACTIVE,,,2026-07-30T02:56:09.392Z,2026-07-30T02:57:06.766Z
1f3fee4b-0292-41bd-884d-72210361e128,SP000021,Kẹo the không đường AMOS COOL SMILE vị Chanh hũ 22G,Amos,,kẹo,32000,0,INACTIVE,,,2026-07-30T02:56:09.395Z,2026-07-30T02:57:06.772Z
ca683b47-5e87-44d3-888f-af31ecf86acc,SP000022,Kẹo the không đường AMOS COOL SMILE vị Chanh hũ 22G,Amos,,kẹo,168000,0,INACTIVE,,,2026-07-30T02:56:09.399Z,2026-07-30T02:57:06.775Z
a8393a40-a95b-4c4d-a136-309385c20473,840205710485,Chik Nic Fantasy cam 17g,2Mart,,kẹo,9000,0,INACTIVE,,,2026-07-30T02:56:09.403Z,2026-07-30T02:57:06.782Z
2d594955-ae54-4b4b-bfe4-e275d930a7ac,840205710485-1,Chik Nic Fantasy cam 17g,2Mart,,kẹo,168000,0,INACTIVE,,,2026-07-30T02:56:09.406Z,2026-07-30T02:57:06.791Z
005586a5-9ea3-435c-b1c1-1efd954542a4,SP000020,Kẹo the không đường AMOS COOL SMILE vị Đào hũ 22G,Amos,,kẹo,168000,0,INACTIVE,,,2026-07-30T02:56:09.413Z,2026-07-30T02:57:06.807Z
a79a81e9-0b98-44bc-97d3-6c421b0ece60,810051805772,Kẹo the không đường AMOS COOL SMILE vị Chanh gói 12G,Amos,,kẹo,15000,0,INACTIVE,,,2026-07-30T02:56:09.417Z,2026-07-30T02:57:06.810Z
6273564c-bdf8-43c2-8e02-2d012c461264,SP000018,Kẹo the không đường AMOS COOL SMILE vị Chanh gói 12G,Amos,,kẹo,144000,0,INACTIVE,,,2026-07-30T02:56:09.420Z,2026-07-30T02:57:06.813Z
4a3d9386-de7a-41d8-8bb4-ebc2e139f0f5,810051805710,Kẹo the không đường AMOS COOL SMILE vị Đào gói 12G,Amos,,kẹo,15000,0,INACTIVE,,,2026-07-30T02:56:09.423Z,2026-07-30T02:57:06.816Z
f834649b-7bd0-4fa9-b76a-496466b9c37b,SP000016,Kẹo the không đường AMOS COOL SMILE vị Đào gói 12G,Amos,,kẹo,144000,0,INACTIVE,,,2026-07-30T02:56:09.427Z,2026-07-30T02:57:06.818Z
6ec2f0ab-0ddc-4d86-bbce-24a0b0ee3da4,810051805741,Kẹo the không đường AMOS COOL SMILE vị Dưa Hấu gói 12G,Amos,,kẹo,15000,0,INACTIVE,,,2026-07-30T02:56:09.430Z,2026-07-30T02:57:06.821Z
b612c7a8-ff23-4743-a80f-b6a839fda41b,SP000014,Kẹo the không đường AMOS COOL SMILE vị Dưa Hấu gói 12G,Amos,,kẹo,144000,0,INACTIVE,,,2026-07-30T02:56:09.433Z,2026-07-30T02:57:06.828Z
5fd606b1-5a79-473a-98a4-c9a1d9fd8235,8936220100072,KẸO XIÊN HAMBURGER,My candy,,kẹo,5000,0,INACTIVE,,,2026-07-30T02:56:09.436Z,2026-07-30T02:57:06.838Z
32704d62-1d40-456b-bb39-be632e19f8be,8938545500025,Hotdog Vị Cay Mala,HTC Family Food,,Thức ăn nhanh,7900,5300,ACTIVE,,2026-08-09T20:30:03.017Z,2026-07-30T02:56:09.496Z,2026-08-09T20:30:01.877Z
34d2778f-9fc5-4939-b69c-0ce278b9a212,8938545324102,CHÂN GÀ 2 CHÂN TAP,Tap food,,Thức ăn nhanh,14000,7000,ACTIVE,,2026-08-16T17:17:10.652Z,2026-07-30T02:56:09.442Z,2026-08-16T17:17:10.676Z
519330db-6e65-4605-b70e-c8f9b9db325d,8938545374039,CHÂN GÀ TÊ CAY 50G,Làng an,,Thức ăn nhanh,14000,0,INACTIVE,,2026-08-18T17:23:10.642Z,2026-07-30T02:56:09.449Z,2026-08-18T17:23:10.672Z
ccd92696-71ec-4b7b-93b6-c4b512f7f676,8904286204294,Kẹo Mút Milky Socola,Fun2,,kẹo,1500,0,INACTIVE,,,2026-07-30T02:56:09.452Z,2026-07-30T02:57:06.858Z
861bbd58-7e40-4d99-8c02-f70b91cb50f6,8904286204294-1,Kẹo Mút Milky Socola,Fun2,,kẹo,72000,0,INACTIVE,,,2026-07-30T02:56:09.454Z,2026-07-30T02:57:06.861Z
9a049460-7e58-4dc0-aa93-ad68eb1e7612,8904286204300,Kẹo Mút Milky Dâu Sữa,Fun2,,kẹo,1500,0,INACTIVE,,,2026-07-30T02:56:09.458Z,2026-07-30T02:57:06.863Z
508d7ef7-c14e-420f-82c6-db08c8dd1eab,8904286204300-1,Kẹo Mút Milky Dâu Sữa,Fun2,,kẹo,72000,0,INACTIVE,,,2026-07-30T02:56:09.461Z,2026-07-30T02:57:06.873Z
d2b9c192-b108-4335-9d0b-f2b554b18c46,9555319109438,Bánh Cornbis original 144g,Win2,,Bánh quy-Bánh que,38500,0,INACTIVE,,,2026-07-30T02:56:09.464Z,2026-07-30T02:57:06.879Z
fee65815-f836-48e8-ab79-d3b85a83a061,8938545500537,Xúc Xích Chubby Bò Bơ Tỏi 41g,HTC Family Food,,Thức ăn nhanh,7000,4080,INACTIVE,,,2026-07-30T02:56:09.468Z,2026-07-30T02:57:06.888Z
43b17b25-fcac-4e4f-9cbf-8208a2f2d02d,8888296038288,Kẹo Bông tuyết,Corniche,,kẹo,32000,0,INACTIVE,,,2026-07-30T02:56:09.474Z,2026-07-30T02:57:06.899Z
6abc14e3-f704-4953-a17d-f35d77375c54,8938545500223,Xúc Xích Chubby Vị Heo Hầm Bắp,HTC Family Food,,Thức ăn nhanh,14000,8200,ACTIVE,,2026-08-19T17:13:14.965Z,2026-07-30T02:56:09.478Z,2026-08-19T17:13:14.976Z
75fbb4d2-4b1a-4f79-8f4d-d04617109d99,8938535068320,Chân gà xuyên tiêu 2 chân,Làng an,,Thức ăn nhanh,14000,9000,ACTIVE,,2026-08-19T20:01:00.513Z,2026-07-30T02:56:09.446Z,2026-08-19T20:01:00.538Z
323f3011-bf13-4f73-8300-e0e5b241ed59,8938535068429,Chân gà rút xương L.An,Làng an,,Thức ăn nhanh,13000,8000,ACTIVE,,2026-08-19T20:43:55.760Z,2026-07-30T02:56:09.439Z,2026-08-19T20:43:55.802Z
e3acdd56-93cd-4d59-bb69-922a7031b206,8938545500216,Hotdog Vị Sụn Gà,2Mart,,Thức ăn nhanh,7900,"3896,44",ACTIVE,,,2026-07-30T02:56:09.494Z,2026-07-30T02:57:06.919Z
2214bf69-92e1-41e7-b7a8-9575b962c2fb,8938545500209,Hotdog Vị Sụn Gà,2Mart,,Thức ăn nhanh,7900,"3896,44",ACTIVE,,2026-08-19T11:42:40.379Z,2026-07-30T02:56:09.489Z,2026-08-19T11:42:40.407Z
000ea139-7c83-4902-a74e-334df6cc2d5a,18938545500022-1,Hotdog Vị Cay Mala,HTC Family Food,,Thức ăn nhanh,180000,106000,ACTIVE,,,2026-07-30T02:56:09.500Z,2026-07-30T02:57:06.939Z
a3f886dc-485c-4eb9-ab0d-679d321487b3,18938545500008-1,Hotdog Vị Bắp Ăn Liền,HTC Family Food,,Thức ăn nhanh,158000,"60571,4",ACTIVE,,,2026-07-30T02:56:09.509Z,2026-07-30T02:57:06.951Z
b53fcf45-44b1-4e76-ad49-a855d440fcaf,8938567290027,Bánh kẹp mè vị Matcha,2Mart,,bánh ngọt,23000,0,INACTIVE,,,2026-07-30T02:55:56.661Z,2026-07-30T02:56:55.830Z
c7c6c48a-a666-4413-8681-1cfad1c356c3,SP161219,SỮA CHUA NHO WEIBAO,2Mart,,Sữa-Sữa chua-Sữa dừa,32000,0,INACTIVE,,,2026-07-30T02:55:56.675Z,2026-07-30T02:56:55.844Z
cd81beaa-89b5-4a14-b756-1ee37421f7fb,8938552395386,Bánh mì socola,2Mart,,Bánh mì,12000,6000,ACTIVE,,,2026-07-30T02:55:56.835Z,2026-07-30T02:56:56.022Z
f7ce18ae-26b7-41d7-a5ac-aa2f1e6e1b71,8850157532488,Bánh que hình chân gà vị Tomyum 55g,2Mart,,Ăn vặt,9259,0,INACTIVE,,,2026-07-30T02:55:56.862Z,2026-07-30T02:56:56.034Z
8ac50343-742c-4717-a255-cdf9ee7d2666,SP161198,Mì Omachi Thần ớt Vị cua xốt me Singapore,omachi,,Mì bát-ly-gói-hủ tiếu-phở,16000,0,INACTIVE,,,2026-07-30T02:55:57.248Z,2026-07-30T02:56:56.365Z
717efcda-940f-4d6e-81c7-f75a21e4eeac,8850393801706,Yogood sữa chua uống Hương dâu 300ml drinking yogurt,2Mart,,Sữa-Sữa chua-Sữa dừa,27000,18000,INACTIVE,,,2026-07-30T02:55:57.422Z,2026-07-30T02:56:56.490Z
f9375163-ff94-4580-8b0a-b48495a85b95,water boost,water boost vị chanh,2Mart,,Nước bù khoáng,15000,0,INACTIVE,,,2026-07-30T02:55:57.609Z,2026-07-30T02:56:56.623Z
84d14764-e4cf-4bcc-b5d5-fb46d5fa3e40,SP161176,Lăn khử mùi Enchanteur trắng da màu tím,Enchanteur,,lăn khử mùi,50000,35000,ACTIVE,,,2026-07-30T02:55:57.655Z,2026-07-30T02:56:56.658Z
2b0221cc-db88-4be3-bebb-8e5528ad9a77,8938541406475,Sữa chua Hạ Long vị truyền thống 140ml,2Mart,,Sữa-Sữa chua-Sữa dừa,25000,0,INACTIVE,,,2026-07-30T02:55:57.712Z,2026-07-30T02:56:56.703Z
f0cbeba3-d209-4d52-b28f-bf7c7c8e6050,SP161133,Burger Khổng Lồ Fua More,FUA MORE,,kẹo,30000,22000,ACTIVE,,,2026-07-30T02:55:58.209Z,2026-07-30T02:56:56.986Z
bdf0bbf3-f8fa-421b-b024-da051a726927,9931135110092,Rong biển ăn liền vị cay aladdin,2Mart,,Ăn vặt,7,0,INACTIVE,,,2026-07-30T02:55:58.441Z,2026-07-30T02:56:57.155Z
5ad6f667-242a-4519-a5ef-1b4bd876a658,SP161129,Rong biển ống ăn liền vị truyền thống,2Mart,,Ăn vặt,5000,3800,ACTIVE,,,2026-07-30T02:55:58.444Z,2026-07-30T02:56:57.159Z
54059dfb-3d19-430d-8eeb-7dc608c93877,8936122200290,Cà phê sữa đá Mr.Brown,2Mart,,Cà phê,23000,15000,INACTIVE,,,2026-07-30T02:55:58.643Z,2026-07-30T02:56:57.321Z
b56b587d-febe-4725-9410-fb85c23b2295,8935292400158,Nước dừa thạch dừa A-Dew chai 450ml,2Mart,,Nước trái cây,15000,0,INACTIVE,,,2026-07-30T02:55:58.895Z,2026-07-30T02:56:57.487Z
8cabd6c0-988b-405e-8c0e-aba59805be7c,8934683011065,Nước tăng lực Wake-Up 247 cà phê vị Whisky 320ml,2Mart,,Nước uống chứa cồn,15000,0,INACTIVE,,,2026-07-30T02:55:59.222Z,2026-07-30T02:56:57.605Z
2b515635-852a-44df-b27e-569b893e0079,4897106555215,Bánh mì tam giác vị phô mai.,2Mart,,Bánh mì,18000,0,INACTIVE,,,2026-07-30T02:55:59.323Z,2026-07-30T02:56:57.643Z
e47800fb-7c43-445e-afdd-741a26beb810,8936221043088,Mi Omachi tron lau cam tay huong vi lau tom hum pho mai 81g,omachi,,Mì bát-ly-gói-hủ tiếu-phở,15000,10708,ACTIVE,,,2026-07-30T02:55:59.475Z,2026-07-30T02:56:57.709Z
35190a12-c4d7-4c58-b9c1-6a317c0a4cda,SP002061,Lương khô thối,2Mart,,ÁP DỤNG KHUYẾN MÃI,1500,0,INACTIVE,,,2026-07-30T02:55:59.652Z,2026-07-30T02:56:57.805Z
53d204ec-b66c-4ce8-aa34-46f559e3c314,8998866631150,Mì trộn sedaap gà cay Hàn Quốc gói 86g,koreno,,Mì bát-ly-gói-hủ tiếu-phở,11000,0,INACTIVE,,,2026-07-30T02:55:59.783Z,2026-07-30T02:56:57.871Z
e902d6e6-9440-4747-abd3-fbf799768473,8935345100042,Chân gà rút xương,2Mart,,Thức ăn nhanh,10000,0,INACTIVE,,,2026-07-30T02:56:00.025Z,2026-07-30T02:56:58.074Z
9eb07657-d584-4df1-bef1-b4beb524d1b6,8936116551636,Bánh Mì Panka Vị Khoai Môn,16FOOD,,Bánh mì,10000,0,INACTIVE,,,2026-07-30T02:56:00.228Z,2026-07-30T02:56:58.265Z
ee50a15b-b47f-467b-b3b2-a17d913cfcba,8936011770101,Kem Merino sữa xốt socola,merino,,Kem Ăn,12000,0,INACTIVE,,,2026-07-30T02:56:00.276Z,2026-07-30T02:56:58.311Z
220bb0c7-655d-43c5-ba7c-5f31928b724c,8938553313167,Hoàng Vinh-Trà Ổi Hồng,2Mart,,Trà,15000,0,INACTIVE,,,2026-07-30T02:56:00.396Z,2026-07-30T02:56:58.426Z
d85d0392-ad4d-4d04-8c78-90db044936d7,8938545500131,Hotdog Vị Bò Gác Bếp,2Mart,,Thức ăn nhanh,7900,6000,ACTIVE,,,2026-07-30T02:56:09.528Z,2026-07-30T02:57:06.971Z
02622090-1738-4974-9001-50bef74de0c6,8938545500216-1,Hotdog Vị Bò Gác Bếp,2Mart,,Thức ăn nhanh,180000,120000,ACTIVE,,,2026-07-30T02:56:09.533Z,2026-07-30T02:57:06.974Z
9d625381-3944-4f9a-8b20-be10be51549b,8934952006433,BÁNH MÌ KIDO VỊ LÁ DỨA 80G,Kido’s Bakery,,Bánh mì,12000,0,INACTIVE,,,2026-07-30T02:56:09.540Z,2026-07-30T02:57:06.980Z
dc1b0789-2657-407e-ac22-9b14dc3d9bb3,SP000010,BÁNH MÌ KIDO VỊ LÁ DỨA 80G,Kido’s Bakery,,Bánh mì,60000,0,INACTIVE,,,2026-07-30T02:56:09.543Z,2026-07-30T02:57:06.995Z
060da1ee-6cb5-4e98-bef1-242ac86dfc0b,8934952006457,BÁNH MÌ KIDO,Kido’s Bakery,,Bánh mì,10000,0,INACTIVE,,,2026-07-30T02:56:09.547Z,2026-07-30T02:57:07.004Z
14d5d00f-232e-49e5-be48-dc33c5bd8449,8934952005948,BÁNH MÌ HOA CÚC KIDO HƯƠNG VỊ PHÁP 80G,Kido’s Bakery,,Bánh mì,16000,0,INACTIVE,,,2026-07-30T02:56:09.558Z,2026-07-30T02:57:07.010Z
3856ab6e-09dd-47cc-a014-274ef31f3ad6,SP000008,BÁNH MÌ HOA CÚC KIDO HƯƠNG VỊ PHÁP 80G,Kido’s Bakery,,Bánh mì,80000,0,INACTIVE,,,2026-07-30T02:56:09.561Z,2026-07-30T02:57:07.014Z
686ef0aa-cb9d-4a3c-ab8a-0369dfd148e4,8934952005511,Bánh Kido chà bông xốt Singapone,Kido’s Bakery,,Bánh mì,14000,0,INACTIVE,,,2026-07-30T02:56:09.572Z,2026-07-30T02:57:07.017Z
aeeed8b7-25f2-438e-a83f-febab394010e,SP000007,Bánh Kido chà bông xốt Singapone,Kido’s Bakery,,Bánh mì,60000,0,INACTIVE,,,2026-07-30T02:56:09.576Z,2026-07-30T02:57:07.019Z
8bf5510c-c651-4ea0-a227-f39f293f6cc1,9933044130628,G7 gold motherland 14packets x18g,Trung Nguyên,,Cà phê,75000,0,INACTIVE,,,2026-07-30T02:56:09.583Z,2026-07-30T02:57:07.022Z
1ef0a2cd-3d09-47da-8be6-acc1a141d22b,8935024170618,Cà phê G7 Gold Rumi 14gói*18g,Trung Nguyên,,Cà phê,90000,0,INACTIVE,,,2026-07-30T02:56:09.595Z,2026-07-30T02:57:07.026Z
e5ef164a-c3a4-41ad-a183-ab0d6c2fb64c,8935024123287,Cà phê hòa tan G7 3in1 Trung Nguyên 21 gói,Trung Nguyên,,Cà phê,75000,0,INACTIVE,,,2026-07-30T02:56:09.602Z,2026-07-30T02:57:07.042Z
720e8316-e554-443f-a90d-57c00fa466e6,8938514973607,Bánh mì hoa cúc,2Mart,,Bánh mì,28000,20000,ACTIVE,,2026-08-05T12:37:26.380Z,2026-07-30T02:55:57.125Z,2026-08-05T12:37:26.409Z
832d83c6-afea-40b9-a5f4-d348cab857ec,SP161160,bánh Top dâu,2Mart,,Bánh quy-Bánh que,4500,3200,ACTIVE,,2026-08-16T17:17:10.652Z,2026-07-30T02:55:57.896Z,2026-08-16T17:17:10.676Z
8bdcc636-7cfe-41f9-895b-312449ddf1ae,8936079126247,Poca mực cay đặc biệt 30g,2Mart,,Poca-Lay’s-Ostar-Swing-Orion,15000,7600,ACTIVE,,2026-08-19T17:10:53.967Z,2026-07-30T02:55:56.770Z,2026-08-19T17:10:53.994Z
85045f67-992a-4734-9000-3cfb4df9ef92,6970179602579,Nước trái cây xixili vị xoài,2Mart,,Nước trái cây,26000,0,INACTIVE,,2026-08-18T16:20:20.123Z,2026-07-30T02:55:57.050Z,2026-08-18T16:20:20.133Z
ce0f866d-5bab-46e6-a07a-6ac3cf8355d7,SP002048,poca đậu phộng da cá vị nước cốt dừa,2Mart,,Poca-Lay’s-Ostar-Swing-Orion,15000,0,INACTIVE,,,2026-07-30T02:56:00.604Z,2026-07-30T02:56:58.516Z
6a1b5de5-13f0-4af3-bc80-4f40d0b610fc,SP002043,Oishi Snack Bắp 4 Lớp Vị Phômai,oishi,,Oishi,15000,7300,ACTIVE,,,2026-07-30T02:56:00.917Z,2026-07-30T02:56:58.715Z
5a14b086-192b-4f10-ab0e-36415632cefb,8934579180011,Miliket Mì Trộn Vị Hải Sản Hàn Quốc,2Mart,,Mì bát-ly-gói-hủ tiếu-phở,18000,11750,INACTIVE,,,2026-07-30T02:56:01.041Z,2026-07-30T02:56:58.820Z
cf4f9f56-e3f2-4d79-bb5b-1c31596be2b5,SP002038,GIẢM GIÁ 15.000->10.000,2Mart,,Ăn vặt,10000,0,INACTIVE,,,2026-07-30T02:56:01.143Z,2026-07-30T02:56:58.977Z
f77f9abc-c8a8-4e01-9e5b-066a2391e1e9,SP002037,Mì cay tương đen Chapagetti,2Mart,,Mì bát-ly-gói-hủ tiếu-phở,29000,0,INACTIVE,,,2026-07-30T02:56:01.146Z,2026-07-30T02:56:58.983Z
7e564594-20e3-4d38-b4f2-b2a5b95c90dc,8936011779029,Sữa chua Hương cam wel yo gói 50g,2Mart,,Kem Ăn,8000,0,INACTIVE,,,2026-07-30T02:56:01.445Z,2026-07-30T02:56:59.251Z
079bc363-d940-4ed2-81d6-fdb2dfd4c1b8,8935342400787,Nước uống 25% nước ép nho trắng hương đào,2Mart,,Nước trái cây,13000,0,INACTIVE,,,2026-07-30T02:56:01.461Z,2026-07-30T02:56:59.278Z
78bd899e-f841-4a93-8024-d12a2dcdb9c3,SP000313,Kẹo dẻo 3D Play More hình bánh ngọt 48g,play more,,kẹo,34000,0,INACTIVE,,,2026-07-30T02:56:01.642Z,2026-07-30T02:56:59.472Z
e6c204b2-edc0-481c-a0cf-7ed23c9fb8b3,SP000305,Kẹo dẻo Fua more hình mắt 18g,FUA MORE,,kẹo,22000,15000,ACTIVE,,,2026-07-30T02:56:01.732Z,2026-07-30T02:56:59.522Z
df8e0210-5293-4cd8-a60b-4940f784b08f,SP000295,Trà ô lông Hàn Quốc vị Đào 500ml,Hàn quốc,,Nước uống có gas,37000,0,INACTIVE,,,2026-07-30T02:56:01.823Z,2026-07-30T02:56:59.564Z
9b7bc4ff-bf50-4d61-8421-650751d0c67f,SP000263,sữa kun trái cây hương cam lóc 4 hôp,lof,,Sữa-Sữa chua-Sữa dừa,30000,0,INACTIVE,,,2026-07-30T02:56:02.031Z,2026-07-30T02:56:59.751Z
b18ce90c-445b-4f41-ba8f-90ef60cb4f5b,8936025771200,Sữa kun lúa mạch socola 180ml*4 hộp,lof,,Sữa-Sữa chua-Sữa dừa,33000,0,INACTIVE,,,2026-07-30T02:56:02.045Z,2026-07-30T02:56:59.768Z
991b4b80-790b-4854-804a-61a9db6893f0,8938554662257,Lương khô ăn kiêng óc chó 140g,2Mart,,Ăn vặt,22000,0,INACTIVE,,,2026-07-30T02:56:02.381Z,2026-07-30T02:57:00.038Z
a4eb30b6-e801-464c-a099-8fd39326bbb7,8934803054712,Oishi Pinattsu Đậu Phộng Vị Tảo Biển Tự Nhiên,2Mart,,Oishi,15000,0,INACTIVE,,,2026-07-30T02:56:02.553Z,2026-07-30T02:57:00.191Z
ba72a7ca-98b8-4e10-8c26-fb0f9e175206,8936036021653,O'star Vị Kim Chi Hàn Quốc 55g,2Mart,,Poca-Lay’s-Ostar-Swing-Orion,15000,0,INACTIVE,,,2026-07-30T02:56:02.659Z,2026-07-30T02:57:00.293Z
716c5ded-dcc9-44f3-b4d2-346c95427800,SP000210,Cà phê muối,2Mart,,Cà phê,18000,0,INACTIVE,,,2026-07-30T02:56:02.908Z,2026-07-30T02:57:00.570Z
c8d92905-01f6-4ab9-8be5-4aae13a05e97,8934803025927,Oishi đậu xanh nước dừa,2Mart,,Oishi,15000,8000,INACTIVE,,,2026-07-30T02:56:02.927Z,2026-07-30T02:57:00.599Z
10b4fcac-7ca1-4c8d-af23-b3d68da9312b,8936000820374,Unif dzai dzai ly mì tôm chua cay 62G,2Mart,,Mì bát-ly-gói-hủ tiếu-phở,6000,0,INACTIVE,,,2026-07-30T02:56:03.369Z,2026-07-30T02:57:00.908Z
12de329c-2654-4daa-b119-137e7ef335ba,8934588132117,Mirinda Vị Xá Xị 320ml,2Mart,,Nước uống có gas,15000,0,INACTIVE,,,2026-07-30T02:56:03.596Z,2026-07-30T02:57:01.157Z
5684845a-294c-47d3-8dbb-d6539e36beac,8855044051165,Mabu Coco Vị Dưa Gang 320ml,mabu coco,,Nước topping thạch dừa,24000,16000,INACTIVE,,,2026-07-30T02:56:03.630Z,2026-07-30T02:57:01.190Z
da3ef3ad-1c35-44cb-b859-1c1ccc5aacf8,6935145301023,Rio cocktail vị cam & nho đen 4.3% 275ML Black Currant & orange & vodka Flavour,RIO,,Nước uống chứa cồn,65000,"45833,33",INACTIVE,,,2026-07-30T02:56:03.858Z,2026-07-30T02:57:01.441Z
5b4fd55e-e709-46ee-919f-a92b75f4c293,6935145301078,Rio cocktail 275ML,RIO,,Nước uống chứa cồn,65000,"45833,33",ACTIVE,,,2026-07-30T02:56:03.861Z,2026-07-30T02:57:01.444Z
50ae47c5-7cf3-4007-8007-c26298953d67,6935145301085,Rượi rio strawberry&vodka flavoured cocktail 275ML chai,RIO,,Nước uống chứa cồn,59000,0,INACTIVE,,,2026-07-30T02:56:03.864Z,2026-07-30T02:57:01.448Z
2f52df9c-6966-4471-b278-1156582e06b6,8936049051692,Mì Tương Đen Jin Vị Bò Ottogi Gói 135g,ottogi,,Mì bát-ly-gói-hủ tiếu-phở,19500,0,INACTIVE,,,2026-07-30T02:56:04.097Z,2026-07-30T02:57:01.711Z
53026f1a-45c7-497a-a512-16fa50464002,8936136168050,Tea 365 Trà Chanh Sả,2Mart,,Nước trái cây,14000,0,INACTIVE,,,2026-07-30T02:56:04.121Z,2026-07-30T02:57:01.728Z
c23717a7-1cfe-4953-a448-fef8d6245824,8850157108874,Nước ép Hương Vải Thạch dừa Jele 320ml,2Mart,,Nước topping thạch dừa,15000,0,INACTIVE,,,2026-07-30T02:56:04.152Z,2026-07-30T02:57:01.754Z
239a607b-02bb-453e-9364-e2ee7c484a15,CHMY,Cơm nắm cá hồi sốt mayo,2Mart,,Cơm,21900,0,INACTIVE,,,2026-07-30T02:57:01.925Z,2026-07-30T02:57:01.925Z
b2061de8-6945-41a7-9d5f-638421f2fe9c,8809713910239,OKF-Nước uống vị Dưa Lưới 350ml,2Mart,,Nước uống có gas,25000,0,INACTIVE,,,2026-07-30T02:56:04.731Z,2026-07-30T02:57:02.223Z
5c95f3db-c429-4e5b-a7f3-684b408fbc3f,8850228006733,Nước Tăng Lực Warrior Vị Nho,Warior,,Nước uống có gas,15000,"7491,68",ACTIVE,,,2026-07-30T02:56:04.814Z,2026-07-30T02:57:02.275Z
d99c807a-7bb6-49cd-b508-4e4550d52a82,6976081070116,Nước mixue vị mận 630ml,mixeu,,Nước trái cây,29000,0,INACTIVE,,,2026-07-30T02:56:05.074Z,2026-07-30T02:57:02.483Z
0e87f970-6dcd-48cf-bba7-5e1c17b5ec16,9556593151540,Hướng Dương Vị Truyền Thống 40g,A1 AK KOH,,Ăn vặt,12000,0,INACTIVE,,,2026-07-30T02:56:05.112Z,2026-07-30T02:57:02.526Z
6da6eb6e-3179-4d41-b841-3eaa44303b2b,8935212830553,TÚI NƯỚC GIẶT XẢ MAXKLEEN THIÊN NHIÊN HƯƠNG VƯỜN HOA THANH KHIẾT 2.2 KG,Max kleen,,Đồ dùng nhà cửa,125000,0,INACTIVE,,,2026-07-30T02:56:05.239Z,2026-07-30T02:57:02.592Z
728965c0-ff29-49c5-a721-105f2308d946,8934614015025,Sữa đậu nành Fami nguyên chất Vinasoy 200ml,2Mart,,Sữa-Sữa chua-Sữa dừa,32000,0,INACTIVE,,,2026-07-30T02:56:05.346Z,2026-07-30T02:57:02.761Z
253bd19b-829b-47cd-ac02-8df057662f32,8935005801135,Nước Khoáng Thiên Nhiên Lavie 500ml,lavie,,Nước bù khoáng,7000,0,INACTIVE,,,2026-07-30T02:56:05.428Z,2026-07-30T02:57:02.928Z
536357e7-76f2-4997-84e2-7038a39f937b,8938535068023,Chân Gà Ủ Muối Hoa Tiêu Làng An 40g,Làng an,,Thức ăn nhanh,13000,8000,ACTIVE,,2026-08-12T18:53:34.789Z,2026-07-30T02:56:04.468Z,2026-08-12T18:53:34.802Z
cf4354a5-7913-4e49-84c0-55715a466380,8934803054590,Oishi Pillows Nhân Cookies & Kem Vani,oishi,,Oishi,15000,"8294,12",ACTIVE,,2026-08-16T08:50:51.578Z,2026-07-30T02:56:03.306Z,2026-08-16T08:50:51.603Z
8d0386ad-83ef-4e5c-ac38-c2fc738ea211,8934677038115,Kẹo gum không đường Xylitol trái cây hỗn hợp hủ 58g,2Mart,,kẹo,35000,24000,ACTIVE,,2026-08-16T16:38:14.617Z,2026-07-30T02:56:00.781Z,2026-08-16T16:38:14.638Z
71983da2-95da-4f8f-b5d4-c15ccfe38cd1,8934563131258,Mì Siukay Gói Hương Vị Bò,ace cook,,Mì bát-ly-gói-hủ tiếu-phở,16000,11250,ACTIVE,,2026-08-18T13:27:01.220Z,2026-07-30T02:56:03.054Z,2026-08-18T13:27:01.251Z
0ecdf861-0994-4706-a86b-e50361666686,8934680042772-1,Bánh Trứng Solite Cupcake Dứa 360g,Kinh Đô,,Bánh quy-Bánh que,600000,0,INACTIVE,,,2026-07-30T02:56:05.581Z,2026-07-30T02:57:03.219Z
f776bc3c-f0c1-4520-9176-050d94f61f2c,6971586102164,que cay dẹt,Ngọc thịnh,,Ăn vặt,18000,0,INACTIVE,,,2026-07-30T02:56:05.670Z,2026-07-30T02:57:03.325Z
97a7216c-b678-4acd-b479-a701bfb3b234,8934681497649,BIORE NƯỚC TẨY TRANG HOÀN HẢO DƯỠNG ẨM ACNE CARE 90ML,2Mart,,Đồ dùng cá nhân,62000,0,INACTIVE,,,2026-07-30T02:56:05.737Z,2026-07-30T02:57:03.380Z
bc9d7853-4c78-4a45-a2b9-8f450b6885d2,8936036029086,O’star Vị Tảo Biển 60g,2Mart,,Poca-Lay’s-Ostar-Swing-Orion,15000,0,INACTIVE,,,2026-07-30T02:56:05.828Z,2026-07-30T02:57:03.494Z
93ef1ea8-5d3d-431f-af77-09dbda0d4aaa,8936036026153,BÁNH O RION C’EST BON! BÁNH ĂN SÁNG SỢI G’EST BON SỢI THỊT GÀ THƯC PHẨM BỔ SUNG,2Mart,,Bánh mì,23500,0,INACTIVE,,,2026-07-30T02:56:05.832Z,2026-07-30T02:57:03.499Z
05c7101e-d419-4161-9336-c047bc65ec1c,8935107201192,BĂNG VỆ SINH KOTEX THẢO DƯỢC COOL SIÊU MỎNG CÁNH 23CM KOTEX HERBAL SANITARY PADS COOL ULTRA THIN WINGS 23CM TỪ,2Mart,,Đồ dùng cá nhân,25000,0,INACTIVE,,,2026-07-30T02:56:05.965Z,2026-07-30T02:57:03.697Z
f62c012c-6d91-4a8f-9081-1abb90ad9ddf,8850157100526,"Leng Beauty carrageenan thạch, nho và chanh hương vị vitamin 150 gram.",2Mart,,Nước trái cây,13000,0,INACTIVE,,,2026-07-30T02:56:05.979Z,2026-07-30T02:57:03.726Z
fc2ad82c-b292-481f-bc4c-2f71dba7be1c,8859470510074,CAC-SNACK MỰC VỊ TRUYỀN THỐNG TALAETHONG 100G T24G,2Mart,,Đồ khô nhăm nhi,25000,"16000,2",INACTIVE,,,2026-07-30T02:56:06.009Z,2026-07-30T02:57:03.776Z
509fd919-39f6-4446-9d15-302a64d20001,8936136164397,Omachi-Mì Gói Vị Xốt Bò Bằm Cà Chua,omachi,,Mì bát-ly-gói-hủ tiếu-phở,12000,"7031,25",INACTIVE,,,2026-07-30T02:56:06.178Z,2026-07-30T02:57:03.943Z
954adeb5-fdc6-44ea-aa39-f97ab52ada05,8936079280284,Muối chanh ớt Nha Trang Dh Foods lọ 200g màu đỏ,DH Food,,Muối chấm,26500,0,INACTIVE,,,2026-07-30T02:56:06.314Z,2026-07-30T02:57:04.062Z
c3cec72a-5cf9-40e2-9f51-1b2d8794256e,8938508055890,CHÂN GÀ RÚT XƯƠNG MEOW,2Mart,,Thức ăn nhanh,11000,0,INACTIVE,,,2026-07-30T02:56:06.521Z,2026-07-30T02:57:04.174Z
f4863bc9-7d36-48a4-a416-d2d1cc624d22,9556023227548,Bánh Crackers Fono kem bơ đậu phộng thơm bùi,Kido’s Bakery,,Bánh quy-Bánh que,99000,0,INACTIVE,,,2026-07-30T02:56:06.581Z,2026-07-30T02:57:04.270Z
63afe59d-e89c-4f46-baf1-e7dbfed40e71,8938551654866,ăn cùng bà tuyết đùi gà phô mai ngô,Ăn cùng Bà Tuyết,,Ăn vặt,8000,0,INACTIVE,,,2026-07-30T02:56:06.840Z,2026-07-30T02:57:04.482Z
fc416c71-08b7-41e7-ad99-663bcf7d8b0a,8936079124236,Lay’s Vị Tôm Càng Đút Lò Phômai 90g,lays,,Poca-Lay’s-Ostar-Swing-Orion,24000,16500,ACTIVE,,,2026-07-30T02:56:06.997Z,2026-07-30T02:57:04.622Z
51e7ced9-0f97-411b-8ed5-7f0b7c64b9dd,8801147123858,Rượu Soju Vị Dưa Lưới 360ml,Soju,,Nước uống chứa cồn,67000,0,INACTIVE,,,2026-07-30T02:56:07.198Z,2026-07-30T02:57:04.755Z
8eb12f05-9f7a-468d-b8c2-26d2827fe84d,8801147123650,Rượu Soju Vị Việt Quất 360ml,Soju,,Nước uống chứa cồn,67000,0,INACTIVE,,,2026-07-30T02:56:07.219Z,2026-07-30T02:57:04.768Z
8ea683c4-b8e2-412d-8941-b56b01ac3d95,8809713910215,OKF-Nước uống vị Chanh 350ml,2Mart,,Nước uống có gas,25000,0,INACTIVE,,,2026-07-30T02:56:07.500Z,2026-07-30T02:57:05.004Z
c549d245-82d3-4501-94ae-feb6ba1e28bd,8938553718030,Nước hạt é vị Chanh Dây 290ml,vita food,,Nước é hạt chia,24000,0,INACTIVE,,,2026-07-30T02:56:07.593Z,2026-07-30T02:57:05.117Z
7b2fb356-649b-4c12-a328-88abd6b4fbbc,8936079120047,Poca khoai tây tự nhiên 32g,lays,,Poca-Lay’s-Ostar-Swing-Orion,10000,0,INACTIVE,,,2026-07-30T02:56:07.733Z,2026-07-30T02:57:05.253Z
e9ea0e6e-b9b6-4aa6-afd0-7f1deb1ceb07,8850718803873,Bánh Snack Lay Stax khoai tây miếng vị tôm hùm cay,lays,,Poca-Lay’s-Ostar-Swing-Orion,37000,0,INACTIVE,,,2026-07-30T02:56:07.907Z,2026-07-30T02:57:05.366Z
dc681c7f-bf79-4958-a738-c33380c4e407,8936010682122,Hủ Tiếu Sườn Heo Cung Đình 84g,Cung đình,,Mì bát-ly-gói-hủ tiếu-phở,14500,0,INACTIVE,,,2026-07-30T02:56:08.406Z,2026-07-30T02:57:05.752Z
10843e8f-a0d2-4f89-80f5-314018eb9ab4,8938507729037,PU- Tissue Paper Premier 180 sheets T9,Premier,,Khăn giấy,24000,0,INACTIVE,,,2026-07-30T02:56:08.466Z,2026-07-30T02:57:05.814Z
374131dd-7368-48e7-93a3-72497f400e38,8936111730081,BĂNG VỆ SINH HẰNG NGÀY GLAMISS COOL GLAMISS COOL DAILY SANITARY PADS,Doctor Care,,Đồ dùng cá nhân,25000,0,INACTIVE,,,2026-07-30T02:56:08.619Z,2026-07-30T02:57:06.018Z
aee04a51-b2cc-436c-a51c-e9246d7f4539,8934662302252,XÀ BÔNG CINDY BLOOM FRESH OCEAN 90Gr,SCC,,Đồ dùng cá nhân,22800,0,INACTIVE,,,2026-07-30T02:56:08.631Z,2026-07-30T02:57:06.036Z
0404b52c-c050-45a2-bf4b-c5f02570d492,8934662112363,XỊT PHÒNG NƯỚC HOA SPRING HƯƠNG HOA HỒNG 250ML,SCC,,Đồ dùng nhà cửa,38000,0,INACTIVE,,,2026-07-30T02:56:08.689Z,2026-07-30T02:57:06.107Z
3d9dfa42-227e-494c-b9f6-eef6baf509db,4971493201822,Trà Giảm Cân Tinh Chất Lá Ổi Orihiro Guava Nhật Bản,ORIHIRO,,Trà,115000,0,INACTIVE,,,2026-07-30T02:56:08.833Z,2026-07-30T02:57:06.254Z
43e18ba6-224c-49d9-aa20-4b845df6b5b0,8934662302160,SỮA TẮM NƯỚC HOA CINDY BLOOM AROMA FLOWER NGỌT NGÀO 640G,SCC,,Đồ dùng nhà cửa,145000,0,INACTIVE,,,2026-07-30T02:56:08.835Z,2026-07-30T02:57:06.258Z
338f92d9-40e0-4731-aaf7-f82407283569,8934952005962,KIDO'S BÁNH MÌ CHÀ BÔNG GÀ NƯỚNG XỐT HONGKONG 55G,Kido’s Bakery,,Bánh mì,14000,0,INACTIVE,,,2026-07-30T02:56:09.045Z,2026-07-30T02:57:06.409Z
a85efe2d-64d9-4e6b-afd4-7d3d163d4747,8934952006464,BÁNH MÌ KIDO VỊ BƠ SỮA,Kido’s Bakery,,Bánh mì,10000,0,INACTIVE,,,2026-07-30T02:56:09.115Z,2026-07-30T02:57:06.490Z
f6928fed-8c24-43f8-afe0-63dd0ddb36b1,SP000019,Kẹo the không đường AMOS COOL SMILE vị Đào hũ 22G,Amos,,kẹo,32000,0,INACTIVE,,,2026-07-30T02:56:09.410Z,2026-07-30T02:57:06.800Z
4c4975e5-f166-4b5d-89f5-a059ed028c69,8885014218229,Kẹo Fluff Mallow vị vani 118g,Corniche,,kẹo,32000,0,INACTIVE,,,2026-07-30T02:57:06.882Z,2026-07-30T02:57:06.882Z
b88e7c2d-407c-4834-ac15-a7d579d04d45,859546038325,KẸO BÔNG TUYẾT MÀU HỒNG KHỔNG LỒ MEGA MARSHMALLOWS 120G,Corniche,,kẹo,30000,0,INACTIVE,,,2026-07-30T02:57:06.904Z,2026-07-30T02:57:06.904Z
5c8509b6-8691-4364-a181-53e0283a0c86,18938545500015-1,Hotdog Vị Xông Khói,HTC Family Food,,Thức ăn nhanh,180000,"98807,6",ACTIVE,,,2026-07-30T02:56:09.525Z,2026-07-30T02:57:06.964Z
408c1f52-55fa-4d40-9a43-eaa545e5fdfb,8936236472453,omachi sốt spaghetti,,,Khác,13000,8000,ACTIVE,,2026-08-19T02:01:00.896Z,2026-08-13T07:53:55.951Z,2026-08-19T02:01:01.414Z
e41c202e-989b-481e-a7ef-b3d4f6d0be16,8934588012112,Pepsi Vị Nguyên Bản 320ml,Pesi,,Nước uống có gas,15000,"7171,67",ACTIVE,,2026-08-12T18:20:37.747Z,2026-07-30T02:56:09.345Z,2026-08-12T18:20:37.761Z
bec6e8dd-d0ac-421d-a00e-0bd5a02bba0b,8936010680241,Mì Ly Cung Đình Vị Lẩu Tôm Chua Cay,Cung đình,,Mì bát-ly-gói-hủ tiếu-phở,13000,0,INACTIVE,,2026-08-16T16:23:42.749Z,2026-07-30T02:56:08.188Z,2026-08-16T16:23:42.760Z
39b4d41c-1a3d-48d2-bc1c-f8e4a00b2a4b,8936195720985,Bít Tết ý BBQ,2Mart,,Ăn vặt,9000,0,INACTIVE,,2026-08-15T13:03:56.112Z,2026-07-30T02:56:02.868Z,2026-08-15T13:03:56.127Z
d9adfb99-dd73-464e-9d01-6f1660aec04e,8934803070187,Oishi snack tôm vị mực nướng muối ớt,oishi,,Oishi,15000,7300,INACTIVE,,2026-08-17T19:13:38.298Z,2026-07-30T02:56:02.583Z,2026-08-17T19:13:38.326Z
635047c4-3a13-458a-afdd-849de0f3d079,8934588253119,Nước trái cây sữa juicy milk vị cam 330m,2Mart,,Nước trái cây,15000,0,INACTIVE,,2026-08-14T17:12:59.581Z,2026-07-30T02:55:56.742Z,2026-08-14T17:12:59.600Z
b08daf12-094f-4855-a0b4-ae7f9f5bc0ae,8935342400510,bento xanh vị cay nồng,,,Đồ khô nhăm nhi,26000,0,ACTIVE,,2026-08-12T15:50:11.809Z,2026-08-07T15:49:08.314Z,2026-08-12T15:50:12.084Z
2d7004d8-a745-46aa-b7bc-fe885976d699,8938553718351,Nước é vị kiwi 290ml,Basil,Chai,Nước é hạt chia,24000,"14,16666",ACTIVE,,2026-08-14T17:44:08.635Z,2026-08-03T14:04:50.216Z,2026-08-14T17:44:08.644Z
6c1ea188-bf7a-41d0-9fe9-df5614527b1e,8934588183133,Revive Chanh Muối 390ml,Pesi,,Nước bù khoáng,15000,"6666,67",ACTIVE,,2026-08-19T15:33:47.773Z,2026-07-30T02:56:09.087Z,2026-08-19T15:33:47.805Z
42afadf7-d21b-4c89-9078-e46b96857c99,8936011772358,Kem Merino,2Mart,,Kem Ăn>>Kem Merino,8000,0,INACTIVE,,2026-08-16T17:09:19.938Z,2026-07-30T02:56:01.431Z,2026-08-16T17:09:19.957Z
319cea35-9cc4-4be5-85cc-699c8eacdab4,8936211626666,xúc xích dinh dưỡng ngon S2 100% thịt,,,Thức ăn nhanh,0,0,ACTIVE,,2026-08-09T18:23:14.327Z,2026-08-03T14:28:04.954Z,2026-08-09T18:23:14.348Z
6b453470-93ca-4845-a248-90dcb3b1cac0,8936236472286,omachi mì trộn sốt spaghetti,,hộp,Mì bát-ly-gói-hủ tiếu-phở,23000,13000,ACTIVE,,2026-08-18T08:27:50.301Z,2026-08-10T12:00:05.390Z,2026-08-18T08:27:50.332Z
79742443-9fc0-404a-8136-ad8bc8d114c8,8936011779791,Mrn50: sữa chua dẻo Merino gói 50g pho mai đường đen,2Mart,,Kem Ăn>>Kem Merino,7000,0,INACTIVE,,2026-08-18T15:16:43.594Z,2026-07-30T02:55:58.666Z,2026-08-18T15:16:43.621Z
5fcf3dd6-981f-4b16-b91f-7ba531b22a2c,8938545500230,Xúc Xích Chubby Vị Cay Mala,HTC Family Food,,Thức ăn nhanh,14000,8200,ACTIVE,,2026-08-19T17:28:41.040Z,2026-07-30T02:56:09.482Z,2026-08-19T17:28:41.058Z
70fa0cc5-ebdc-4dc7-a432-b5abfda7a784,8934774000343,Nước Khoáng Đảnh Thạnh Lạt,Đảnh thạnh,,Nước bù khoáng,14000,"4583,34",ACTIVE,,2026-08-19T20:01:00.513Z,2026-07-30T02:56:09.242Z,2026-08-19T20:01:00.538Z
101d7014-0f57-42e6-822c-b8dc0fbb49cc,8809288636619,soda vị việt quất,,,Nước uống chứa cồn,30000,0,ACTIVE,,2026-08-07T15:35:58.442Z,2026-08-07T15:34:57.387Z,2026-08-07T15:35:58.453Z
48136274-451c-48ae-8535-cd478484b324,8934563651138,Mì Ly Ăn Liền Handy Hảo Hảo,Hảo Hảo,,Mì bát-ly-gói-hủ tiếu-phở,14000,"8333,6",ACTIVE,,2026-08-18T18:26:32.590Z,2026-07-30T02:56:05.507Z,2026-08-18T18:26:32.604Z
d987eb6b-170c-46ca-bd60-8ff4754096ab,6928583201239,nước sữa chua vị nho,,,Khác,32000,0,ACTIVE,,2026-08-14T14:57:48.153Z,2026-08-07T14:31:06.202Z,2026-08-14T14:57:48.167Z
09d01956-fc8f-45ab-9810-72faaf2e8546,6928583200973,nước sữa chua Trân Châu thạch vị vải weibao 520g,2Mart,,Sữa-Sữa chua-Sữa dừa,32000,20000,ACTIVE,,2026-08-16T13:13:59.575Z,2026-07-30T02:55:57.751Z,2026-08-16T13:13:59.611Z
5f99cd88-65d6-4b40-9b2c-1dc300ab4283,SP002039,Sữa chua betagen xanh 300ml,Thái Lan,,Sữa-Sữa chua-Sữa dừa,27000,18000,ACTIVE,,2026-08-19T18:15:11.340Z,2026-07-30T02:56:01.056Z,2026-08-19T18:15:11.380Z
704dd267-fcc9-40dc-9cfc-6fa501290189,8936236472651,bupnon trà nhài vị chanh,,chai,Khác,15000,7250,ACTIVE,,2026-08-19T21:40:01.027Z,2026-08-10T12:14:44.184Z,2026-08-19T21:40:01.073Z
65f74cb2-8762-4a1f-8e30-be141cf41ee3,8850393800440,sữa chua betagen xanh,,chai,Sữa-Sữa chua-Sữa dừa,0,18000,ACTIVE,,2026-08-12T19:02:22.135Z,2026-08-06T12:15:57.516Z,2026-08-12T19:02:22.155Z
3aec3d2e-257d-4c3f-b20a-83abeee621d7,8934803070484,bawos rang vị mặn và ngọt,,gói,Oishi,15000,7300,ACTIVE,,,2026-08-08T05:15:24.446Z,2026-08-08T05:15:24.446Z
d5e227aa-b229-4de3-950d-348b76d11da5,8936236472712,pmachi tôm phô mai trứng muối,,hộp,Mì bát-ly-gói-hủ tiếu-phở,19000,13000,ACTIVE,,,2026-08-10T12:03:25.008Z,2026-08-13T13:30:48.303Z
3dbb0faf-c8f2-4975-a407-c5ae10bf2f59,sp000226,bánh tráng trộn tây ninh,laha foods,bịch,Đồ khô nhăm nhi,25000,0,ACTIVE,,,2026-08-09T11:58:27.852Z,2026-08-09T12:03:33.898Z
f2e7d489-f931-46b8-b04b-b3b76fb5ac99,8850228000151,Redbull Thái Lan 250ml,Redbull,,Nước uống có gas,19000,"12291,67",INACTIVE,,2026-08-18T17:34:01.465Z,2026-07-30T02:56:09.161Z,2026-08-18T17:34:01.495Z
a50c58b7-10de-4965-9cd6-44373267c12a,6934299838263,nước uống vị sữa chua việt quất,,chai,Sữa-Sữa chua-Sữa dừa,32000,20000,ACTIVE,,2026-08-18T17:39:33.975Z,2026-08-06T18:00:42.491Z,2026-08-18T17:39:34.000Z
77a68e53-1a02-4b97-9c25-574ee607227f,8855044051080,Mabu Coco Vị Vải 320ml,mabu coco,,Nước topping thạch dừa,24000,16000,ACTIVE,,2026-08-18T17:48:46.323Z,2026-07-30T02:56:05.055Z,2026-08-18T17:48:46.342Z
c07a9210-56cd-4e43-8c3e-50c0434eb4bd,8936079561833,Sữa dừa socola Vietcoco 330ml,Vietcoco,,Sữa-Sữa chua-Sữa dừa,23000,15200,ACTIVE,,2026-08-18T18:34:26.829Z,2026-07-30T02:56:04.237Z,2026-08-18T18:34:26.849Z
2a87783d-fd78-46a5-91d1-137ee2b8baaa,8938545500001,Hotdog Vị Bắp Ăn Liền,HTC Family Food,,Thức ăn nhanh,7900,"3028,57",ACTIVE,,2026-08-18T19:01:44.052Z,2026-07-30T02:56:09.504Z,2026-08-18T19:01:44.093Z
879cdecb-62bc-4ed0-a18b-ab8739c72c37,8809344667007,VTALK-Soda vị Đào 350ml,2Mart,,Nước uống có gas,30000,20000,INACTIVE,,2026-08-15T18:58:38.341Z,2026-07-30T02:56:07.461Z,2026-08-15T18:58:38.380Z
8cee4711-3b8f-4c9e-8c44-5a3ac519b3b1,8934803070439,oishi bắp 4 lớp vị phô mai,,gói,Oishi,15000,7300,ACTIVE,,2026-08-17T15:31:18.601Z,2026-08-08T05:13:24.656Z,2026-08-17T15:31:18.624Z
50c46e24-9ed3-4866-90b9-bc2ecaa9b9bc,8934803070446,oishi 4x bắp 4 lớp vị nướng bơ,,,Oishi,15000,0,ACTIVE,,2026-08-16T17:15:12.269Z,2026-08-07T12:43:07.440Z,2026-08-16T17:15:12.325Z
8c1e3c10-710b-4db8-bed1-724c267c8bf0,8936048474539,Trà Boncha Vị Chanh 450ml,2Mart,,Boncha,15000,6875,ACTIVE,,2026-08-19T17:14:55.533Z,2026-07-30T02:56:04.378Z,2026-08-19T17:14:55.547Z
40147863-89df-415b-80de-87eb4e43f547,8855044051172,Mabu Coco Vị Xoài 320ml,mabu coco,,Nước topping thạch dừa,24000,12800,ACTIVE,,2026-08-18T17:48:46.323Z,2026-07-30T02:56:05.059Z,2026-08-18T17:48:46.342Z
496e00d5-f359-439c-b0e3-d48a9a6bf65f,8936236470763,Bupnon Tea 365 Trà Ô Long Vị Đào 500ml,Bupnon Tea 365,Chai,Trà,15000,7250,ACTIVE,,2026-08-18T10:17:36.278Z,2026-08-02T13:35:51.110Z,2026-08-18T10:17:36.297Z
315f081a-5f46-4b1f-8781-048561093f44,8934803012880,Oishi Snack Bí Đỏ Vị Bò Nướng,oishi,,Oishi,15000,7300,ACTIVE,,2026-08-19T14:32:31.771Z,2026-07-30T02:56:03.293Z,2026-08-19T14:32:31.811Z
8b42aa21-2f59-44fc-838d-fad01901f11f,8936011774048,Merino Superteen Vị Socola Sầu Riêng,mario,,Kem Ăn>>Kem Merino,15900,0,INACTIVE,,2026-08-10T15:19:53.611Z,2026-07-30T02:56:06.157Z,2026-08-10T15:19:53.643Z
3029a3ae-fe11-4b86-9950-9227f4ed657b,8936079120139,Lay’s Vị Khoai Tây Tự Nhiên 90g,lays,,Poca-Lay’s-Ostar-Swing-Orion,24000,16500,ACTIVE,,2026-08-19T18:37:58.627Z,2026-07-30T02:56:07.168Z,2026-08-19T18:37:58.719Z
8d61bf7d-0ffa-4403-9b64-34cb5cf74a49,8938553718023,Nước Hạt É Vị Nho Xanh 290ml,vita food,,Nước é hạt chia,24000,"14166,66",ACTIVE,,2026-08-18T15:16:43.594Z,2026-07-30T02:56:07.601Z,2026-08-18T15:16:43.621Z
390a4e69-4dab-400f-97c9-221eeb364fa3,6934299832773,Nước hạt chia xinhuyuan vị đào,,,Khác,32000,20000,ACTIVE,,2026-08-17T07:17:43.270Z,2026-08-13T06:38:56.938Z,2026-08-17T07:17:43.716Z
e4ed10a7-af00-4478-b679-0cad4b2a98f0,8936236480007,Hct xúc xích ú NU vị Tomyum 85g,2Mart,,Thức ăn nhanh,13000,"7327,2",INACTIVE,,2026-08-16T11:21:31.176Z,2026-07-30T02:55:58.617Z,2026-08-16T11:21:31.209Z
007884b2-a425-40ad-8a9f-096174296e15,6934299838102,Nước hạt chia xinhuyuian vị cherry,,,Khác,32000,20000,ACTIVE,,2026-08-19T17:10:53.967Z,2026-08-13T06:40:49.414Z,2026-08-19T17:10:53.994Z
728458da-2d40-4dfb-b71f-22c8c3b1e97d,8859578600882,Kẹo siêu mát lạnh hương Bạc Hà Playmore Super cooling 1 hũ 22G hyperion,2Mart,,kẹo,35000,"24790,75",ACTIVE,,2026-08-11T13:25:11.337Z,2026-07-30T02:56:03.525Z,2026-08-11T13:25:11.358Z
212f5867-50a4-4f4e-86b1-019579366c60,8936221043781,Mì Omachi xốt bò hầm 69g,2Mart,,Mì bát-ly-gói-hủ tiếu-phở,16000,0,INACTIVE,,2026-08-16T18:01:35.171Z,2026-07-30T02:55:56.719Z,2026-08-16T18:01:35.202Z
e3f16e69-6c34-419a-a9d5-370dc7bb40ae,6934299832797,Nước hạt chia xinhuyuan vị vải,,,Khác,32000,20000,ACTIVE,,2026-08-16T16:55:39.206Z,2026-08-13T06:34:36.584Z,2026-08-16T16:55:39.232Z
ffa7a435-bd53-4154-9e43-1858dd803853,8936092552818,Bánh Kpuchino Coffee Gói,Kico,,Bánh quy-Bánh que,4000,0,INACTIVE,,2026-08-15T13:44:32.968Z,2026-07-30T02:56:08.592Z,2026-08-15T13:44:32.982Z
ba2da686-9522-458e-8aa9-ea913238da3e,5061005920446,Sữa chua thạch vị cam dmc,,,Khác,32000,20000,ACTIVE,,2026-08-17T16:16:16.870Z,2026-08-13T06:25:39.800Z,2026-08-17T16:16:16.880Z
7782175e-8f92-44aa-83ff-657cb2e91390,8935001282327,Kirin Ice+ Nước Trái Cây Nho 440ml,kirin,,Kirin,15000,"6666,67",ACTIVE,,2026-08-19T17:36:36.539Z,2026-07-30T02:56:03.064Z,2026-08-19T17:36:36.562Z
2bfd4859-a9d3-46c8-97fc-88b120066bed,8935311102476,Vifon-Mì Trộn Tương Đen,2Mart,,Mì bát-ly-gói-hủ tiếu-phở,15000,0,INACTIVE,,2026-08-18T03:25:07.112Z,2026-07-30T02:56:00.845Z,2026-08-18T03:25:07.143Z
e853cbf9-672d-4d24-9387-6d4e80e6f786,6976553433890,Nước ép lê dmc,,,Khác,32000,20000,ACTIVE,,2026-08-19T17:33:31.206Z,2026-08-13T06:26:57.109Z,2026-08-19T17:33:31.233Z
123f7118-374b-490e-b616-13b1e4d9b1d1,8936034877917,ponnie ăn liền vị phô mai bắp,2Mart,,Thức ăn nhanh,7900,0,INACTIVE,,2026-08-19T19:43:45.514Z,2026-07-30T02:55:59.261Z,2026-08-19T19:43:45.542Z
a4016871-a0d5-4954-a95a-487ad08b49a0,6928583200478,Trà sữa nướng weibao mix vị,,,Khác,32000,20000,ACTIVE,,2026-08-17T13:01:22.670Z,2026-08-13T07:13:55.773Z,2026-08-17T13:01:22.702Z
ec9368eb-be25-4556-bb70-f8077b890a83,6934299838096,Nước hạt chia xinhuyuan xị dứa,,,Khác,32000,20000,ACTIVE,,2026-08-17T06:21:44.398Z,2026-08-13T06:32:02.350Z,2026-08-17T06:21:44.422Z
f97ff5d5-df95-497a-9a53-dd2897ef7b14,6934299832780,Nước hạt chia xinhuyuan vị nho,,,Khác,32000,20000,ACTIVE,,2026-08-15T14:54:59.999Z,2026-08-13T06:38:05.815Z,2026-08-15T14:55:00.030Z
4746e302-b52a-448b-9e41-06b54d385f33,6934299838089,Nước hạt chia xinhuyuan vị xoài,,,Khác,32000,20000,ACTIVE,,2026-08-17T06:47:29.677Z,2026-08-13T06:30:50.725Z,2026-08-17T06:47:29.725Z
91893ea4-b10b-48af-b01a-f01f906dc436,8852008511239,Bánh Toppo Que Vị Dâu,lotte,,Bánh quy-Bánh que,22000,13000,ACTIVE,,2026-08-15T18:58:38.341Z,2026-07-30T02:56:08.074Z,2026-08-15T18:58:38.380Z
afa2dba6-e98d-4444-8bd2-76ff9f7f0aec,8934588232114,Sting dâu lon 320ml,Pesi,,Nước uống có gas,15000,"7916,66",ACTIVE,,2026-08-19T15:34:59.769Z,2026-07-30T02:56:09.326Z,2026-08-19T15:34:59.778Z
5be3444e-ed29-4bb3-839c-cbe73027bba2,8935049500704,Trà Chanh Dây và hạt chia FuzeTea+,2Mart,,Nước trái cây,15000,0,INACTIVE,,2026-08-17T15:24:01.697Z,2026-07-30T02:55:56.927Z,2026-08-17T15:24:01.730Z
0bf97aba-9ad4-47fd-b2c7-3454eadd61dc,8935001282709,Nước giải khát hương chanh & sữa chua krini imuse,,,Khác,15000,8416,ACTIVE,,2026-08-17T14:09:21.182Z,2026-08-12T08:44:42.621Z,2026-08-17T14:09:21.199Z
7dcdc9a7-f418-4925-ad24-a668cf2348a9,8936185351373,Chill Cocktall vị Vải 330ml,2Mart,,Nước uống chứa cồn,27000,18500,ACTIVE,,2026-08-18T15:08:37.154Z,2026-07-30T02:56:00.669Z,2026-08-18T15:08:37.176Z
b23dbb90-3ead-451f-b05d-3be18a9f5fe5,8938514973416,Bánh mì vị dâu,2Mart,,Bánh mì,10000,5000,ACTIVE,,2026-08-14T18:10:14.379Z,2026-07-30T02:55:57.171Z,2026-08-14T18:10:14.400Z
5aa933e7-79d8-4f5e-8709-8446a4aa9ebc,SP000277,Sting dâu chai 330ml,URC Việt Nam,,Nước uống có gas,15000,"7916,66",ACTIVE,,2026-08-18T18:41:46.026Z,2026-07-30T02:56:01.933Z,2026-08-18T18:41:46.052Z
b5b81e4a-975d-42d1-b835-67d7ca836ea0,SP000183,Ly Đá-Kèm Ống Hút,2Mart,,Dụng cụ ăn uống,3000,0,ACTIVE,,2026-08-19T21:10:18.944Z,2026-07-30T02:56:05.421Z,2026-08-19T21:10:18.967Z
4c3b2cbf-5116-441f-89a1-5cd08fd04d22,4897036693162,Monster Mango Loco 355ml,Monster energy,,Nước uống có gas,28000,"19791,67",INACTIVE,,2026-08-17T15:31:18.601Z,2026-07-30T02:56:04.766Z,2026-08-17T15:31:18.624Z
d52a4253-64fa-4137-96ca-4f955a5840f8,6934299838249,nước uống vị sữa chua chuối,,chai,Sữa-Sữa chua-Sữa dừa,32000,0,ACTIVE,,2026-08-19T17:36:36.539Z,2026-08-17T14:12:01.058Z,2026-08-19T17:36:36.562Z
19f9097b-db79-46b7-a7dd-7a2d960a4016,SP000325,Chill Cocktail vị nho 330ml,Goody Group,,Nước uống chứa cồn,27000,18500,INACTIVE,,2026-08-16T14:24:40.855Z,2026-07-30T02:56:01.580Z,2026-08-16T14:24:40.873Z
f6ad5d72-401f-4941-94b5-b235e934c50d,6976553433960,Nước ép đào dmc,,,Khác,32000,20000,ACTIVE,,2026-08-16T16:23:42.749Z,2026-08-13T06:27:57.550Z,2026-08-16T16:23:42.760Z
c3cdf370-3bab-4bb0-89fe-ac62105a2d11,8938545500018,Hotdog Vị Xông Khói,HTC Family Food,,Thức ăn nhanh,7900,"4940,38",ACTIVE,,2026-08-18T08:27:50.301Z,2026-07-30T02:56:09.515Z,2026-08-18T08:27:50.332Z
83461f73-92a7-4ab6-8184-020c68d7f61f,8936034876507,Ponnie Ăn Liền Vị Bắp,2Mart,,Thức ăn nhanh,7900,"4683,21",ACTIVE,,2026-08-19T20:24:27.703Z,2026-07-30T02:56:00.430Z,2026-08-19T20:24:27.742Z
711aa462-a253-44d6-a1ae-1eba6c6ecaf0,6934299832766,Nước hạt chia xinhuyuan vị dâu,,,Khác,32000,20000,ACTIVE,,2026-08-18T14:48:20.496Z,2026-08-13T06:37:01.775Z,2026-08-18T14:48:20.522Z
15577396-f175-48b0-a9fb-3c39eb56cbc1,8938535068375,Chân gà rút xương ủ muối,Làng an,,Ăn vặt,13000,0,INACTIVE,,2026-08-19T20:43:55.760Z,2026-07-30T02:56:04.453Z,2026-08-19T20:43:55.802Z
513c8a52-d395-428c-94dd-41177633da16,8936034877399,Ponnie Ăn Liền Sụn Vị BBQ,2Mart,,Thức ăn nhanh,7900,3780,ACTIVE,,2026-08-19T20:43:55.760Z,2026-07-30T02:56:00.427Z,2026-08-19T20:43:55.802Z
31d7bcbb-c418-4982-8a6d-505df0a055e0,8934588172113,Sting vàng lon 320ml,Pesi,,Nước uống có gas,15000,7500,ACTIVE,,2026-08-19T21:10:18.944Z,2026-07-30T02:56:09.320Z,2026-08-19T21:10:18.967Z